Copyright 1986-2021 Xilinx, Inc. All Rights Reserved.
------------------------------------------------------------------------------------
| Tool Version : Vivado v.2021.2 (lin64) Build 3367213 Tue Oct 19 02:47:39 MDT 2021
| Date         : Wed May 14 11:29:03 2025
| Host         : return running 64-bit Ubuntu 20.04.6 LTS
| Command      : report_utilization -hierarchical -file utilization_report.rpt
| Design       : demo_top
| Device       : xc7k325tffg900-2
| Speed File   : -2
| Design State : Routed
------------------------------------------------------------------------------------

Utilization Design Information

Table of Contents
-----------------
1. Utilization by Hierarchy

1. Utilization by Hierarchy
---------------------------

+--------------------------------------------------------------------------------------------------------------------------+--------------------------------------------------+------------+------------+---------+------+-------+--------+--------+------------+
|                                                         Instance                                                         |                      Module                      | Total LUTs | Logic LUTs | LUTRAMs | SRLs |  FFs  | RAMB36 | RAMB18 | DSP Blocks |
+--------------------------------------------------------------------------------------------------------------------------+--------------------------------------------------+------------+------------+---------+------+-------+--------+--------+------------+
| demo_top                                                                                                                 |                                            (top) |      81057 |      78849 |    2048 |  160 | 26531 |     66 |      0 |         55 |
|   (demo_top)                                                                                                             |                                            (top) |        266 |        266 |       0 |    0 |     1 |      0 |      0 |          0 |
|   hwregs                                                                                                                 |                                      hwreg_iface |         64 |         59 |       0 |    5 |    77 |      0 |      0 |          0 |
|     (hwregs)                                                                                                             |                                      hwreg_iface |         32 |         32 |       0 |    0 |    10 |      0 |      0 |          0 |
|     uart                                                                                                                 |                                       uart_iface |         32 |         27 |       0 |    5 |    67 |      0 |      0 |          0 |
|       (uart)                                                                                                             |                                       uart_iface |          9 |          4 |       0 |    5 |    19 |      0 |      0 |          0 |
|       rx_inst                                                                                                            |                                          uart_rx |         13 |         13 |       0 |    0 |    32 |      0 |      0 |          0 |
|       tx_inst                                                                                                            |                                          uart_tx |         10 |         10 |       0 |    0 |    16 |      0 |      0 |          0 |
|   u_iram                                                                                                                 |                                            ram32 |          0 |          0 |       0 |    0 |     0 |      2 |      0 |          0 |
|   u_ram                                                                                                                  |                                          ram32_0 |          0 |          0 |       0 |    0 |     1 |     64 |      0 |          0 |
|   vproc                                                                                                                  |                                        vproc_top |      80739 |      78536 |    2048 |  155 | 26452 |      0 |      0 |         55 |
|     (vproc)                                                                                                              |                                        vproc_top |          2 |          1 |       0 |    1 |    27 |      0 |      0 |          0 |
|     core                                                                                                                 |                                    cv32e40x_core |       3808 |       3808 |       0 |    0 |  2327 |      0 |      0 |          3 |
|       controller_i                                                                                                       |                              cv32e40x_controller |        250 |        250 |       0 |    0 |    16 |      0 |      0 |          0 |
|         bypass_i                                                                                                         |                       cv32e40x_controller_bypass |          1 |          1 |       0 |    0 |     0 |      0 |      0 |          0 |
|         controller_fsm_i                                                                                                 |                          cv32e40x_controller_fsm |        249 |        249 |       0 |    0 |    16 |      0 |      0 |          0 |
|       cs_registers_i                                                                                                     |                            cv32e40x_cs_registers |         31 |         31 |       0 |    0 |   476 |      0 |      0 |          0 |
|         (cs_registers_i)                                                                                                 |                            cv32e40x_cs_registers |         18 |         18 |       0 |    0 |   220 |      0 |      0 |          0 |
|         basic_mode_csrs.mie_csr_i                                                                                        |                     cv32e40x_csr__parameterized0 |          0 |          0 |       0 |    0 |    19 |      0 |      0 |          0 |
|         basic_mode_csrs.mtvec_csr_i                                                                                      |                                     cv32e40x_csr |          1 |          1 |       0 |    0 |    26 |      0 |      0 |          0 |
|         dcsr_csr_i                                                                                                       |                     cv32e40x_csr__parameterized1 |          3 |          3 |       0 |    0 |     6 |      0 |      0 |          0 |
|         dpc_csr_i                                                                                                        |                 cv32e40x_csr__parameterized0_214 |          0 |          0 |       0 |    0 |    31 |      0 |      0 |          0 |
|         dscratch0_csr_i                                                                                                  |                 cv32e40x_csr__parameterized0_215 |          0 |          0 |       0 |    0 |    32 |      0 |      0 |          0 |
|         dscratch1_csr_i                                                                                                  |                 cv32e40x_csr__parameterized0_216 |          0 |          0 |       0 |    0 |    32 |      0 |      0 |          0 |
|         mcause_csr_i                                                                                                     |                 cv32e40x_csr__parameterized0_217 |          1 |          1 |       0 |    0 |    12 |      0 |      0 |          0 |
|         mepc_csr_i                                                                                                       |                 cv32e40x_csr__parameterized0_218 |          4 |          4 |       0 |    0 |    31 |      0 |      0 |          0 |
|         mscratch_csr_i                                                                                                   |                 cv32e40x_csr__parameterized0_219 |          0 |          0 |       0 |    0 |    32 |      0 |      0 |          0 |
|         mstatus_csr_i                                                                                                    |                     cv32e40x_csr__parameterized2 |          0 |          0 |       0 |    0 |     2 |      0 |      0 |          0 |
|         tdata1_csr_i                                                                                                     |                     cv32e40x_csr__parameterized3 |          1 |          1 |       0 |    0 |     1 |      0 |      0 |          0 |
|         tdata2_csr_i                                                                                                     |                 cv32e40x_csr__parameterized0_220 |          3 |          3 |       0 |    0 |    32 |      0 |      0 |          0 |
|       ex_stage_i                                                                                                         |                                cv32e40x_ex_stage |        568 |        568 |       0 |    0 |   280 |      0 |      0 |          3 |
|         (ex_stage_i)                                                                                                     |                                cv32e40x_ex_stage |        350 |        350 |       0 |    0 |   137 |      0 |      0 |          0 |
|         div.div_i                                                                                                        |                                 cv32e40x_div_213 |        165 |        165 |       0 |    0 |   108 |      0 |      0 |          0 |
|         mul.mult_i                                                                                                       |                                    cv32e40x_mult |         53 |         53 |       0 |    0 |    35 |      0 |      0 |          3 |
|       id_stage_i                                                                                                         |                                cv32e40x_id_stage |       1188 |       1188 |       0 |    0 |   244 |      0 |      0 |          0 |
|         (id_stage_i)                                                                                                     |                                cv32e40x_id_stage |       1188 |       1188 |       0 |    0 |   244 |      0 |      0 |          0 |
|         cv32e40x_pc_target_i                                                                                             |                               cv32e40x_pc_target |          0 |          0 |       0 |    0 |     0 |      0 |      0 |          0 |
|       if_stage_i                                                                                                         |                                cv32e40x_if_stage |       1065 |       1065 |       0 |    0 |   262 |      0 |      0 |          0 |
|         (if_stage_i)                                                                                                     |                                cv32e40x_if_stage |        732 |        732 |       0 |    0 |    86 |      0 |      0 |          0 |
|         mpu_i                                                                                                            |                                     cv32e40x_mpu |          4 |          4 |       0 |    0 |     2 |      0 |      0 |          0 |
|         prefetch_unit_i                                                                                                  |                           cv32e40x_prefetch_unit |        329 |        329 |       0 |    0 |   174 |      0 |      0 |          0 |
|           alignment_buffer_i                                                                                             |                        cv32e40x_alignment_buffer |        308 |        308 |       0 |    0 |   153 |      0 |      0 |          0 |
|           prefetcher_i                                                                                                   |                              cv32e40x_prefetcher |         21 |         21 |       0 |    0 |    21 |      0 |      0 |          0 |
|       load_store_unit_i                                                                                                  |                         cv32e40x_load_store_unit |         85 |         85 |       0 |    0 |    54 |      0 |      0 |          0 |
|         (load_store_unit_i)                                                                                              |                         cv32e40x_load_store_unit |         44 |         44 |       0 |    0 |    47 |      0 |      0 |          0 |
|         mpu_i                                                                                                            |                     cv32e40x_mpu__parameterized0 |         28 |         28 |       0 |    0 |     3 |      0 |      0 |          0 |
|         response_filter_i                                                                                                |                     cv32e40x_lsu_response_filter |         13 |         13 |       0 |    0 |     4 |      0 |      0 |          0 |
|       register_file_wrapper_i                                                                                            |                   cv32e40x_register_file_wrapper |        622 |        622 |       0 |    0 |   992 |      0 |      0 |          0 |
|         register_file_i                                                                                                  |                           cv32e40x_register_file |        622 |        622 |       0 |    0 |   992 |      0 |      0 |          0 |
|       sleep_unit_i                                                                                                       |                              cv32e40x_sleep_unit |          3 |          3 |       0 |    0 |     3 |      0 |      0 |          0 |
|         (sleep_unit_i)                                                                                                   |                              cv32e40x_sleep_unit |          2 |          2 |       0 |    0 |     2 |      0 |      0 |          0 |
|         core_clock_gate_i                                                                                                |                              cv32e40x_clock_gate |          1 |          1 |       0 |    0 |     1 |      0 |      0 |          0 |
|     fpu_ss_i                                                                                                             |                                           fpu_ss |       6901 |       6901 |       0 |    0 |  2034 |      0 |      0 |          2 |
|       (fpu_ss_i)                                                                                                         |                                           fpu_ss |          1 |          1 |       0 |    0 |     0 |      0 |      0 |          0 |
|       fpu_ss_controller_i                                                                                                |                                fpu_ss_controller |         50 |         50 |       0 |    0 |    49 |      0 |      0 |          0 |
|       fpu_ss_csr_i                                                                                                       |                                       fpu_ss_csr |         20 |         20 |       0 |    0 |    33 |      0 |      0 |          0 |
|       fpu_ss_predecoder_i                                                                                                |                                fpu_ss_predecoder |         19 |         19 |       0 |    0 |     0 |      0 |      0 |          0 |
|       gen_fp_register_file.fpu_ss_regfile_i                                                                              |                                   fpu_ss_regfile |       1123 |       1123 |       0 |    0 |  1024 |      0 |      0 |          0 |
|       gen_input_stream_fifo.input_stream_fifo_i                                                                          |                                      stream_fifo |        402 |        402 |       0 |    0 |    69 |      0 |      0 |          0 |
|         fifo_i                                                                                                           |                                          fifo_v3 |        402 |        402 |       0 |    0 |    69 |      0 |      0 |          0 |
|       i_fpnew_bulk                                                                                                       |                        fpnew_top__parameterized0 |       5238 |       5238 |       0 |    0 |   831 |      0 |      0 |          2 |
|         gen_operation_groups[0].i_opgroup_block                                                                          |              fpnew_opgroup_block__parameterized3 |       1230 |       1230 |       0 |    0 |   118 |      0 |      0 |          2 |
|           gen_merged_slice.i_multifmt_slice                                                                              |     fpnew_opgroup_multifmt_slice__parameterized1 |       1229 |       1229 |       0 |    0 |   118 |      0 |      0 |          2 |
|             (gen_merged_slice.i_multifmt_slice)                                                                          |     fpnew_opgroup_multifmt_slice__parameterized1 |          1 |          1 |       0 |    0 |     0 |      0 |      0 |          0 |
|             gen_num_lanes[0].active_lane.lane_instance.i_fpnew_fma_multi                                                 |                                  fpnew_fma_multi |       1228 |       1228 |       0 |    0 |   118 |      0 |      0 |          2 |
|           i_arbiter                                                                                                      |                  rr_arb_tree__parameterized1_212 |          1 |          1 |       0 |    0 |     0 |      0 |      0 |          0 |
|         gen_operation_groups[1].i_opgroup_block                                                                          |              fpnew_opgroup_block__parameterized4 |       3073 |       3073 |       0 |    0 |   572 |      0 |      0 |          0 |
|           gen_merged_slice.i_multifmt_slice                                                                              |     fpnew_opgroup_multifmt_slice__parameterized2 |       3072 |       3072 |       0 |    0 |   572 |      0 |      0 |          0 |
|             gen_num_lanes[0].active_lane.lane_instance.gen_thmulti_c910_divsqrt.i_fpnew_divsqrt_th_64_c910               |        fpnew_divsqrt_th_64_multi__parameterized0 |       3072 |       3072 |       0 |    0 |   572 |      0 |      0 |          0 |
|               (gen_num_lanes[0].active_lane.lane_instance.gen_thmulti_c910_divsqrt.i_fpnew_divsqrt_th_64_c910)           |        fpnew_divsqrt_th_64_multi__parameterized0 |          2 |          2 |       0 |    0 |   170 |      0 |      0 |          0 |
|               i_ct_vfdsu_top                                                                                             |                                 ct_vfdsu_top_202 |       3070 |       3070 |       0 |    0 |   402 |      0 |      0 |          0 |
|                 x_ct_vfdsu_ctrl                                                                                          |                                ct_vfdsu_ctrl_203 |         28 |         28 |       0 |    0 |    17 |      0 |      0 |          0 |
|                 x_ct_vfdsu_double                                                                                        |                              ct_vfdsu_double_204 |       3033 |       3033 |       0 |    0 |   377 |      0 |      0 |          0 |
|                   (x_ct_vfdsu_double)                                                                                    |                              ct_vfdsu_double_204 |         12 |         12 |       0 |    0 |     0 |      0 |      0 |          0 |
|                   x_ct_vfdsu_pack                                                                                        |                                ct_vfdsu_pack_206 |          1 |          1 |       0 |    0 |     0 |      0 |      0 |          0 |
|                   x_ct_vfdsu_prepare                                                                                     |                             ct_vfdsu_prepare_207 |        631 |        631 |       0 |    0 |    34 |      0 |      0 |          0 |
|                   x_ct_vfdsu_round                                                                                       |                               ct_vfdsu_round_208 |        301 |        301 |       0 |    0 |    64 |      0 |      0 |          0 |
|                   x_ct_vfdsu_srt                                                                                         |                                 ct_vfdsu_srt_209 |       2096 |       2096 |       0 |    0 |   279 |      0 |      0 |          0 |
|                     (x_ct_vfdsu_srt)                                                                                     |                                 ct_vfdsu_srt_209 |        134 |        134 |       0 |    0 |    51 |      0 |      0 |          0 |
|                     x_ct_vfdsu_srt_radix16_with_sqrt                                                                     |               ct_vfdsu_srt_radix16_with_sqrt_210 |       1963 |       1963 |       0 |    0 |   228 |      0 |      0 |          0 |
|                       (x_ct_vfdsu_srt_radix16_with_sqrt)                                                                 |               ct_vfdsu_srt_radix16_with_sqrt_210 |       1886 |       1886 |       0 |    0 |   228 |      0 |      0 |          0 |
|                       x_ct_vfdsu_srt_radix16_bound_table                                                                 |             ct_vfdsu_srt_radix16_bound_table_211 |         77 |         77 |       0 |    0 |     0 |      0 |      0 |          0 |
|                 x_ct_vfdsu_scalar_dp                                                                                     |                           ct_vfdsu_scalar_dp_205 |         10 |         10 |       0 |    0 |     8 |      0 |      0 |          0 |
|           i_arbiter                                                                                                      |                      rr_arb_tree__parameterized1 |          1 |          1 |       0 |    0 |     0 |      0 |      0 |          0 |
|         gen_operation_groups[2].i_opgroup_block                                                                          |              fpnew_opgroup_block__parameterized5 |        165 |        165 |       0 |    0 |    84 |      0 |      0 |          0 |
|           gen_parallel_slices[0].active_format.i_fmt_slice                                                               |          fpnew_opgroup_fmt_slice__parameterized1 |        165 |        165 |       0 |    0 |    84 |      0 |      0 |          0 |
|             gen_num_lanes[0].active_lane.lane_instance.i_noncomp                                                         |                    fpnew_noncomp__parameterized0 |        165 |        165 |       0 |    0 |    84 |      0 |      0 |          0 |
|         gen_operation_groups[3].i_opgroup_block                                                                          |              fpnew_opgroup_block__parameterized6 |        690 |        690 |       0 |    0 |    55 |      0 |      0 |          0 |
|           (gen_operation_groups[3].i_opgroup_block)                                                                      |              fpnew_opgroup_block__parameterized6 |          1 |          1 |       0 |    0 |     0 |      0 |      0 |          0 |
|           gen_merged_slice.i_multifmt_slice                                                                              |     fpnew_opgroup_multifmt_slice__parameterized3 |        689 |        689 |       0 |    0 |    55 |      0 |      0 |          0 |
|             gen_num_lanes[0].active_lane.lane_instance.i_fpnew_cast_multi                                                |                 fpnew_cast_multi__parameterized0 |        689 |        689 |       0 |    0 |    55 |      0 |      0 |          0 |
|         i_arbiter                                                                                                        |                      rr_arb_tree__parameterized2 |         81 |         81 |       0 |    0 |     2 |      0 |      0 |          0 |
|       mem_stream_fifo_i                                                                                                  |                      stream_fifo__parameterized0 |         49 |         49 |       0 |    0 |    28 |      0 |      0 |          0 |
|         fifo_i                                                                                                           |                          fifo_v3__parameterized0 |         49 |         49 |       0 |    0 |    28 |      0 |      0 |          0 |
|     v_core                                                                                                               |                                       vproc_core |      70038 |      67836 |    2048 |  154 | 22064 |      0 |      0 |         50 |
|       (v_core)                                                                                                           |                                       vproc_core |        247 |        247 |       0 |    0 |   558 |      0 |      0 |          0 |
|       dec                                                                                                                |                                    vproc_decoder |          0 |          0 |       0 |    0 |     3 |      0 |      0 |          0 |
|       dispatcher                                                                                                         |                                 vproc_dispatcher |         20 |         20 |       0 |    0 |    32 |      0 |      0 |          0 |
|       genblk9[0].pipe                                                                                                    |                           vproc_pipeline_wrapper |       4455 |       4398 |       0 |   57 |  4563 |      0 |      0 |          2 |
|         (genblk9[0].pipe)                                                                                                |                           vproc_pipeline_wrapper |          3 |          3 |       0 |    0 |     0 |      0 |      0 |          0 |
|         pipeline                                                                                                         |                                   vproc_pipeline |       4453 |       4396 |       0 |   57 |  4563 |      0 |      0 |          2 |
|           (pipeline)                                                                                                     |                                   vproc_pipeline |        742 |        742 |       0 |    0 |   233 |      0 |      0 |          0 |
|           pack                                                                                                           |                                   vproc_vregpack |         63 |         63 |       0 |    0 |   591 |      0 |      0 |          0 |
|           unit_mux                                                                                                       |                                   vproc_unit_mux |       1035 |       1035 |       0 |    0 |   433 |      0 |      0 |          2 |
|             genblk1[0].unit                                                                                              |                               vproc_unit_wrapper |        893 |        893 |       0 |    0 |   303 |      0 |      0 |          2 |
|               lsu                                                                                                        |                                        vproc_lsu |        893 |        893 |       0 |    0 |   303 |      0 |      0 |          2 |
|                 (lsu)                                                                                                    |                                        vproc_lsu |        594 |        594 |       0 |    0 |   161 |      0 |      0 |          2 |
|                 lsu_queue                                                                                                |                      vproc_queue__parameterized0 |        290 |        290 |       0 |    0 |   129 |      0 |      0 |          0 |
|                 trans_complete_queue                                                                                     |                      vproc_queue__parameterized1 |         10 |         10 |       0 |    0 |    13 |      0 |      0 |          0 |
|             genblk1[6].unit                                                                                              |               vproc_unit_wrapper__parameterized0 |        120 |        120 |       0 |    0 |   113 |      0 |      0 |          0 |
|               (genblk1[6].unit)                                                                                          |               vproc_unit_wrapper__parameterized0 |          3 |          3 |       0 |    0 |    24 |      0 |      0 |          0 |
|               elem                                                                                                       |                                       vproc_elem |        117 |        117 |       0 |    0 |    89 |      0 |      0 |          0 |
|             unit_queue                                                                                                   |                  vproc_queue__parameterized2_201 |         22 |         22 |       0 |    0 |    17 |      0 |      0 |          0 |
|           unpack                                                                                                         |                                 vproc_vregunpack |       2617 |       2560 |       0 |   57 |  3306 |      0 |      0 |          0 |
|       genblk9[1].pipe                                                                                                    |           vproc_pipeline_wrapper__parameterized0 |      59555 |      59501 |       0 |   54 | 13334 |      0 |      0 |         48 |
|         pipeline                                                                                                         |                   vproc_pipeline__parameterized0 |      59555 |      59501 |       0 |   54 | 13334 |      0 |      0 |         48 |
|           (pipeline)                                                                                                     |                   vproc_pipeline__parameterized0 |        342 |        342 |       0 |    0 |   177 |      0 |      0 |          0 |
|           pack                                                                                                           |                   vproc_vregpack__parameterized0 |        563 |        563 |       0 |    0 |   672 |      0 |      0 |          0 |
|           unit_mux                                                                                                       |                   vproc_unit_mux__parameterized0 |      54878 |      54878 |       0 |    0 |  9465 |      0 |      0 |         48 |
|             genblk1[1].unit                                                                                              |               vproc_unit_wrapper__parameterized1 |       7004 |       7004 |       0 |    0 |  2215 |      0 |      0 |          0 |
|               (genblk1[1].unit)                                                                                          |               vproc_unit_wrapper__parameterized1 |        467 |        467 |       0 |    0 |     0 |      0 |      0 |          0 |
|               alu                                                                                                        |                                        vproc_alu |       6554 |       6554 |       0 |    0 |  2215 |      0 |      0 |          0 |
|             genblk1[2].unit                                                                                              |               vproc_unit_wrapper__parameterized2 |       2162 |       2162 |       0 |    0 |  1499 |      0 |      0 |         32 |
|               (genblk1[2].unit)                                                                                          |               vproc_unit_wrapper__parameterized2 |        180 |        180 |       0 |    0 |     0 |      0 |      0 |          0 |
|               mul                                                                                                        |                                        vproc_mul |       1992 |       1992 |       0 |    0 |  1499 |      0 |      0 |         32 |
|                 (mul)                                                                                                    |                                        vproc_mul |         74 |         74 |       0 |    0 |  1499 |      0 |      0 |          0 |
|                 genblk5[0].mul_block                                                                                     |                                  vproc_mul_block |         51 |         51 |       0 |    0 |     0 |      0 |      0 |          1 |
|                 genblk5[10].mul_block                                                                                    |                              vproc_mul_block_170 |         79 |         79 |       0 |    0 |     0 |      0 |      0 |          1 |
|                 genblk5[11].mul_block                                                                                    |                              vproc_mul_block_171 |         57 |         57 |       0 |    0 |     0 |      0 |      0 |          1 |
|                 genblk5[12].mul_block                                                                                    |                              vproc_mul_block_172 |         49 |         49 |       0 |    0 |     0 |      0 |      0 |          1 |
|                 genblk5[13].mul_block                                                                                    |                              vproc_mul_block_173 |         86 |         86 |       0 |    0 |     0 |      0 |      0 |          1 |
|                 genblk5[14].mul_block                                                                                    |                              vproc_mul_block_174 |         72 |         72 |       0 |    0 |     0 |      0 |      0 |          1 |
|                 genblk5[15].mul_block                                                                                    |                              vproc_mul_block_175 |         61 |         61 |       0 |    0 |     0 |      0 |      0 |          1 |
|                 genblk5[16].mul_block                                                                                    |                              vproc_mul_block_176 |         52 |         52 |       0 |    0 |     0 |      0 |      0 |          1 |
|                 genblk5[17].mul_block                                                                                    |                              vproc_mul_block_177 |         83 |         83 |       0 |    0 |     0 |      0 |      0 |          1 |
|                 genblk5[18].mul_block                                                                                    |                              vproc_mul_block_178 |         74 |         74 |       0 |    0 |     0 |      0 |      0 |          1 |
|                 genblk5[19].mul_block                                                                                    |                              vproc_mul_block_179 |         60 |         60 |       0 |    0 |     0 |      0 |      0 |          1 |
|                 genblk5[1].mul_block                                                                                     |                              vproc_mul_block_180 |         87 |         87 |       0 |    0 |     0 |      0 |      0 |          1 |
|                 genblk5[20].mul_block                                                                                    |                              vproc_mul_block_181 |         46 |         46 |       0 |    0 |     0 |      0 |      0 |          1 |
|                 genblk5[21].mul_block                                                                                    |                              vproc_mul_block_182 |         84 |         84 |       0 |    0 |     0 |      0 |      0 |          1 |
|                 genblk5[22].mul_block                                                                                    |                              vproc_mul_block_183 |         82 |         82 |       0 |    0 |     0 |      0 |      0 |          1 |
|                 genblk5[23].mul_block                                                                                    |                              vproc_mul_block_184 |         54 |         54 |       0 |    0 |     0 |      0 |      0 |          1 |
|                 genblk5[24].mul_block                                                                                    |                              vproc_mul_block_185 |         57 |         57 |       0 |    0 |     0 |      0 |      0 |          1 |
|                 genblk5[25].mul_block                                                                                    |                              vproc_mul_block_186 |         85 |         85 |       0 |    0 |     0 |      0 |      0 |          1 |
|                 genblk5[26].mul_block                                                                                    |                              vproc_mul_block_187 |         72 |         72 |       0 |    0 |     0 |      0 |      0 |          1 |
|                 genblk5[27].mul_block                                                                                    |                              vproc_mul_block_188 |         61 |         61 |       0 |    0 |     0 |      0 |      0 |          1 |
|                 genblk5[28].mul_block                                                                                    |                              vproc_mul_block_189 |         53 |         53 |       0 |    0 |     0 |      0 |      0 |          1 |
|                 genblk5[29].mul_block                                                                                    |                              vproc_mul_block_190 |         82 |         82 |       0 |    0 |     0 |      0 |      0 |          1 |
|                 genblk5[2].mul_block                                                                                     |                              vproc_mul_block_191 |         72 |         72 |       0 |    0 |     0 |      0 |      0 |          1 |
|                 genblk5[30].mul_block                                                                                    |                              vproc_mul_block_192 |         67 |         67 |       0 |    0 |     0 |      0 |      0 |          1 |
|                 genblk5[31].mul_block                                                                                    |                              vproc_mul_block_193 |         59 |         59 |       0 |    0 |     0 |      0 |      0 |          1 |
|                 genblk5[3].mul_block                                                                                     |                              vproc_mul_block_194 |         64 |         64 |       0 |    0 |     0 |      0 |      0 |          1 |
|                 genblk5[4].mul_block                                                                                     |                              vproc_mul_block_195 |         55 |         55 |       0 |    0 |     0 |      0 |      0 |          1 |
|                 genblk5[5].mul_block                                                                                     |                              vproc_mul_block_196 |         81 |         81 |       0 |    0 |     0 |      0 |      0 |          1 |
|                 genblk5[6].mul_block                                                                                     |                              vproc_mul_block_197 |         75 |         75 |       0 |    0 |     0 |      0 |      0 |          1 |
|                 genblk5[7].mul_block                                                                                     |                              vproc_mul_block_198 |         57 |         57 |       0 |    0 |     0 |      0 |      0 |          1 |
|                 genblk5[8].mul_block                                                                                     |                              vproc_mul_block_199 |         49 |         49 |       0 |    0 |     0 |      0 |      0 |          1 |
|                 genblk5[9].mul_block                                                                                     |                              vproc_mul_block_200 |         86 |         86 |       0 |    0 |     0 |      0 |      0 |          1 |
|             genblk1[4].unit                                                                                              |               vproc_unit_wrapper__parameterized3 |      42852 |      42852 |       0 |    0 |  4798 |      0 |      0 |         16 |
|               (genblk1[4].unit)                                                                                          |               vproc_unit_wrapper__parameterized3 |         30 |         30 |       0 |    0 |    25 |      0 |      0 |          0 |
|               fpu                                                                                                        |                                        vproc_fpu |      42827 |      42827 |       0 |    0 |  4773 |      0 |      0 |         16 |
|                 (fpu)                                                                                                    |                                        vproc_fpu |       2884 |       2884 |       0 |    0 |   898 |      0 |      0 |          0 |
|                 genblk1[0].fpnew_i                                                                                       |                                        fpnew_top |       5118 |       5118 |       0 |    0 |   508 |      0 |      0 |          2 |
|                   gen_operation_groups[0].i_opgroup_block                                                                |                          fpnew_opgroup_block_147 |       1089 |       1089 |       0 |    0 |     0 |      0 |      0 |          2 |
|                     gen_parallel_slices[0].active_format.i_fmt_slice                                                     |                      fpnew_opgroup_fmt_slice_168 |       1089 |       1089 |       0 |    0 |     0 |      0 |      0 |          2 |
|                       gen_num_lanes[0].active_lane.lane_instance.i_fma                                                   |                                    fpnew_fma_169 |       1089 |       1089 |       0 |    0 |     0 |      0 |      0 |          2 |
|                   gen_operation_groups[1].i_opgroup_block                                                                |          fpnew_opgroup_block__parameterized0_148 |       3137 |       3137 |       0 |    0 |   506 |      0 |      0 |          0 |
|                     gen_merged_slice.i_multifmt_slice                                                                    |                 fpnew_opgroup_multifmt_slice_156 |       3130 |       3130 |       0 |    0 |   506 |      0 |      0 |          0 |
|                       gen_num_lanes[0].active_lane.lane_instance.gen_thmulti_c910_divsqrt.i_fpnew_divsqrt_th_64_c910     |                    fpnew_divsqrt_th_64_multi_157 |       3130 |       3130 |       0 |    0 |   506 |      0 |      0 |          0 |
|                         (gen_num_lanes[0].active_lane.lane_instance.gen_thmulti_c910_divsqrt.i_fpnew_divsqrt_th_64_c910) |                    fpnew_divsqrt_th_64_multi_157 |          1 |          1 |       0 |    0 |   104 |      0 |      0 |          0 |
|                         i_ct_vfdsu_top                                                                                   |                                 ct_vfdsu_top_158 |       3130 |       3130 |       0 |    0 |   402 |      0 |      0 |          0 |
|                           x_ct_vfdsu_ctrl                                                                                |                                ct_vfdsu_ctrl_159 |         60 |         60 |       0 |    0 |    17 |      0 |      0 |          0 |
|                           x_ct_vfdsu_double                                                                              |                              ct_vfdsu_double_160 |       3060 |       3060 |       0 |    0 |   377 |      0 |      0 |          0 |
|                             (x_ct_vfdsu_double)                                                                          |                              ct_vfdsu_double_160 |         12 |         12 |       0 |    0 |     0 |      0 |      0 |          0 |
|                             x_ct_vfdsu_pack                                                                              |                                ct_vfdsu_pack_162 |          1 |          1 |       0 |    0 |     0 |      0 |      0 |          0 |
|                             x_ct_vfdsu_prepare                                                                           |                             ct_vfdsu_prepare_163 |        631 |        631 |       0 |    0 |    34 |      0 |      0 |          0 |
|                             x_ct_vfdsu_round                                                                             |                               ct_vfdsu_round_164 |        332 |        332 |       0 |    0 |    64 |      0 |      0 |          0 |
|                             x_ct_vfdsu_srt                                                                               |                                 ct_vfdsu_srt_165 |       2092 |       2092 |       0 |    0 |   279 |      0 |      0 |          0 |
|                               (x_ct_vfdsu_srt)                                                                           |                                 ct_vfdsu_srt_165 |        134 |        134 |       0 |    0 |    51 |      0 |      0 |          0 |
|                               x_ct_vfdsu_srt_radix16_with_sqrt                                                           |               ct_vfdsu_srt_radix16_with_sqrt_166 |       1960 |       1960 |       0 |    0 |   228 |      0 |      0 |          0 |
|                                 (x_ct_vfdsu_srt_radix16_with_sqrt)                                                       |               ct_vfdsu_srt_radix16_with_sqrt_166 |       1883 |       1883 |       0 |    0 |   228 |      0 |      0 |          0 |
|                                 x_ct_vfdsu_srt_radix16_bound_table                                                       |             ct_vfdsu_srt_radix16_bound_table_167 |         77 |         77 |       0 |    0 |     0 |      0 |      0 |          0 |
|                           x_ct_vfdsu_scalar_dp                                                                           |                           ct_vfdsu_scalar_dp_161 |         10 |         10 |       0 |    0 |     8 |      0 |      0 |          0 |
|                     i_arbiter                                                                                            |                                      rr_arb_tree |          7 |          7 |       0 |    0 |     0 |      0 |      0 |          0 |
|                   gen_operation_groups[2].i_opgroup_block                                                                |          fpnew_opgroup_block__parameterized1_149 |        167 |        167 |       0 |    0 |     0 |      0 |      0 |          0 |
|                     gen_parallel_slices[0].active_format.i_fmt_slice                                                     |      fpnew_opgroup_fmt_slice__parameterized0_154 |        167 |        167 |       0 |    0 |     0 |      0 |      0 |          0 |
|                       gen_num_lanes[0].active_lane.lane_instance.i_noncomp                                               |                                fpnew_noncomp_155 |        167 |        167 |       0 |    0 |     0 |      0 |      0 |          0 |
|                   gen_operation_groups[3].i_opgroup_block                                                                |          fpnew_opgroup_block__parameterized2_150 |        589 |        589 |       0 |    0 |     0 |      0 |      0 |          0 |
|                     gen_merged_slice.i_multifmt_slice                                                                    | fpnew_opgroup_multifmt_slice__parameterized0_152 |        589 |        589 |       0 |    0 |     0 |      0 |      0 |          0 |
|                       (gen_merged_slice.i_multifmt_slice)                                                                | fpnew_opgroup_multifmt_slice__parameterized0_152 |         15 |         15 |       0 |    0 |     0 |      0 |      0 |          0 |
|                       gen_num_lanes[0].active_lane.lane_instance.i_fpnew_cast_multi                                      |                             fpnew_cast_multi_153 |        580 |        580 |       0 |    0 |     0 |      0 |      0 |          0 |
|                   i_arbiter                                                                                              |                  rr_arb_tree__parameterized0_151 |        137 |        137 |       0 |    0 |     2 |      0 |      0 |          0 |
|                 genblk1[1].fpnew_i                                                                                       |                                      fpnew_top_2 |       4966 |       4966 |       0 |    0 |   481 |      0 |      0 |          2 |
|                   gen_operation_groups[0].i_opgroup_block                                                                |                          fpnew_opgroup_block_124 |       1074 |       1074 |       0 |    0 |     0 |      0 |      0 |          2 |
|                     gen_parallel_slices[0].active_format.i_fmt_slice                                                     |                      fpnew_opgroup_fmt_slice_145 |       1074 |       1074 |       0 |    0 |     0 |      0 |      0 |          2 |
|                       gen_num_lanes[0].active_lane.lane_instance.i_fma                                                   |                                    fpnew_fma_146 |       1074 |       1074 |       0 |    0 |     0 |      0 |      0 |          2 |
|                   gen_operation_groups[1].i_opgroup_block                                                                |          fpnew_opgroup_block__parameterized0_125 |       3111 |       3111 |       0 |    0 |   479 |      0 |      0 |          0 |
|                     gen_merged_slice.i_multifmt_slice                                                                    |                 fpnew_opgroup_multifmt_slice_133 |       3111 |       3111 |       0 |    0 |   479 |      0 |      0 |          0 |
|                       gen_num_lanes[0].active_lane.lane_instance.gen_thmulti_c910_divsqrt.i_fpnew_divsqrt_th_64_c910     |                    fpnew_divsqrt_th_64_multi_134 |       3111 |       3111 |       0 |    0 |   479 |      0 |      0 |          0 |
|                         (gen_num_lanes[0].active_lane.lane_instance.gen_thmulti_c910_divsqrt.i_fpnew_divsqrt_th_64_c910) |                    fpnew_divsqrt_th_64_multi_134 |          2 |          2 |       0 |    0 |    77 |      0 |      0 |          0 |
|                         i_ct_vfdsu_top                                                                                   |                                 ct_vfdsu_top_135 |       3110 |       3110 |       0 |    0 |   402 |      0 |      0 |          0 |
|                           x_ct_vfdsu_ctrl                                                                                |                                ct_vfdsu_ctrl_136 |         37 |         37 |       0 |    0 |    17 |      0 |      0 |          0 |
|                           x_ct_vfdsu_double                                                                              |                              ct_vfdsu_double_137 |       3063 |       3063 |       0 |    0 |   377 |      0 |      0 |          0 |
|                             (x_ct_vfdsu_double)                                                                          |                              ct_vfdsu_double_137 |         12 |         12 |       0 |    0 |     0 |      0 |      0 |          0 |
|                             x_ct_vfdsu_pack                                                                              |                                ct_vfdsu_pack_139 |          1 |          1 |       0 |    0 |     0 |      0 |      0 |          0 |
|                             x_ct_vfdsu_prepare                                                                           |                             ct_vfdsu_prepare_140 |        633 |        633 |       0 |    0 |    34 |      0 |      0 |          0 |
|                             x_ct_vfdsu_round                                                                             |                               ct_vfdsu_round_141 |        332 |        332 |       0 |    0 |    64 |      0 |      0 |          0 |
|                             x_ct_vfdsu_srt                                                                               |                                 ct_vfdsu_srt_142 |       2095 |       2095 |       0 |    0 |   279 |      0 |      0 |          0 |
|                               (x_ct_vfdsu_srt)                                                                           |                                 ct_vfdsu_srt_142 |        134 |        134 |       0 |    0 |    51 |      0 |      0 |          0 |
|                               x_ct_vfdsu_srt_radix16_with_sqrt                                                           |               ct_vfdsu_srt_radix16_with_sqrt_143 |       1963 |       1963 |       0 |    0 |   228 |      0 |      0 |          0 |
|                                 (x_ct_vfdsu_srt_radix16_with_sqrt)                                                       |               ct_vfdsu_srt_radix16_with_sqrt_143 |       1886 |       1886 |       0 |    0 |   228 |      0 |      0 |          0 |
|                                 x_ct_vfdsu_srt_radix16_bound_table                                                       |             ct_vfdsu_srt_radix16_bound_table_144 |         77 |         77 |       0 |    0 |     0 |      0 |      0 |          0 |
|                           x_ct_vfdsu_scalar_dp                                                                           |                           ct_vfdsu_scalar_dp_138 |         10 |         10 |       0 |    0 |     8 |      0 |      0 |          0 |
|                   gen_operation_groups[2].i_opgroup_block                                                                |          fpnew_opgroup_block__parameterized1_126 |        179 |        179 |       0 |    0 |     0 |      0 |      0 |          0 |
|                     gen_parallel_slices[0].active_format.i_fmt_slice                                                     |      fpnew_opgroup_fmt_slice__parameterized0_131 |        179 |        179 |       0 |    0 |     0 |      0 |      0 |          0 |
|                       gen_num_lanes[0].active_lane.lane_instance.i_noncomp                                               |                                fpnew_noncomp_132 |        179 |        179 |       0 |    0 |     0 |      0 |      0 |          0 |
|                   gen_operation_groups[3].i_opgroup_block                                                                |          fpnew_opgroup_block__parameterized2_127 |        586 |        586 |       0 |    0 |     0 |      0 |      0 |          0 |
|                     gen_merged_slice.i_multifmt_slice                                                                    | fpnew_opgroup_multifmt_slice__parameterized0_129 |        586 |        586 |       0 |    0 |     0 |      0 |      0 |          0 |
|                       (gen_merged_slice.i_multifmt_slice)                                                                | fpnew_opgroup_multifmt_slice__parameterized0_129 |         15 |         15 |       0 |    0 |     0 |      0 |      0 |          0 |
|                       gen_num_lanes[0].active_lane.lane_instance.i_fpnew_cast_multi                                      |                             fpnew_cast_multi_130 |        577 |        577 |       0 |    0 |     0 |      0 |      0 |          0 |
|                   i_arbiter                                                                                              |                  rr_arb_tree__parameterized0_128 |         16 |         16 |       0 |    0 |     2 |      0 |      0 |          0 |
|                 genblk1[2].fpnew_i                                                                                       |                                      fpnew_top_3 |       5086 |       5086 |       0 |    0 |   481 |      0 |      0 |          2 |
|                   gen_operation_groups[0].i_opgroup_block                                                                |                          fpnew_opgroup_block_101 |       1074 |       1074 |       0 |    0 |     0 |      0 |      0 |          2 |
|                     gen_parallel_slices[0].active_format.i_fmt_slice                                                     |                      fpnew_opgroup_fmt_slice_122 |       1074 |       1074 |       0 |    0 |     0 |      0 |      0 |          2 |
|                       gen_num_lanes[0].active_lane.lane_instance.i_fma                                                   |                                    fpnew_fma_123 |       1074 |       1074 |       0 |    0 |     0 |      0 |      0 |          2 |
|                   gen_operation_groups[1].i_opgroup_block                                                                |          fpnew_opgroup_block__parameterized0_102 |       3111 |       3111 |       0 |    0 |   479 |      0 |      0 |          0 |
|                     gen_merged_slice.i_multifmt_slice                                                                    |                 fpnew_opgroup_multifmt_slice_110 |       3111 |       3111 |       0 |    0 |   479 |      0 |      0 |          0 |
|                       gen_num_lanes[0].active_lane.lane_instance.gen_thmulti_c910_divsqrt.i_fpnew_divsqrt_th_64_c910     |                    fpnew_divsqrt_th_64_multi_111 |       3111 |       3111 |       0 |    0 |   479 |      0 |      0 |          0 |
|                         (gen_num_lanes[0].active_lane.lane_instance.gen_thmulti_c910_divsqrt.i_fpnew_divsqrt_th_64_c910) |                    fpnew_divsqrt_th_64_multi_111 |          1 |          1 |       0 |    0 |    77 |      0 |      0 |          0 |
|                         i_ct_vfdsu_top                                                                                   |                                 ct_vfdsu_top_112 |       3110 |       3110 |       0 |    0 |   402 |      0 |      0 |          0 |
|                           x_ct_vfdsu_ctrl                                                                                |                                ct_vfdsu_ctrl_113 |         39 |         39 |       0 |    0 |    17 |      0 |      0 |          0 |
|                           x_ct_vfdsu_double                                                                              |                              ct_vfdsu_double_114 |       3061 |       3061 |       0 |    0 |   377 |      0 |      0 |          0 |
|                             (x_ct_vfdsu_double)                                                                          |                              ct_vfdsu_double_114 |         12 |         12 |       0 |    0 |     0 |      0 |      0 |          0 |
|                             x_ct_vfdsu_pack                                                                              |                                ct_vfdsu_pack_116 |          1 |          1 |       0 |    0 |     0 |      0 |      0 |          0 |
|                             x_ct_vfdsu_prepare                                                                           |                             ct_vfdsu_prepare_117 |        631 |        631 |       0 |    0 |    34 |      0 |      0 |          0 |
|                             x_ct_vfdsu_round                                                                             |                               ct_vfdsu_round_118 |        332 |        332 |       0 |    0 |    64 |      0 |      0 |          0 |
|                             x_ct_vfdsu_srt                                                                               |                                 ct_vfdsu_srt_119 |       2093 |       2093 |       0 |    0 |   279 |      0 |      0 |          0 |
|                               (x_ct_vfdsu_srt)                                                                           |                                 ct_vfdsu_srt_119 |        134 |        134 |       0 |    0 |    51 |      0 |      0 |          0 |
|                               x_ct_vfdsu_srt_radix16_with_sqrt                                                           |               ct_vfdsu_srt_radix16_with_sqrt_120 |       1961 |       1961 |       0 |    0 |   228 |      0 |      0 |          0 |
|                                 (x_ct_vfdsu_srt_radix16_with_sqrt)                                                       |               ct_vfdsu_srt_radix16_with_sqrt_120 |       1884 |       1884 |       0 |    0 |   228 |      0 |      0 |          0 |
|                                 x_ct_vfdsu_srt_radix16_bound_table                                                       |             ct_vfdsu_srt_radix16_bound_table_121 |         77 |         77 |       0 |    0 |     0 |      0 |      0 |          0 |
|                           x_ct_vfdsu_scalar_dp                                                                           |                           ct_vfdsu_scalar_dp_115 |         10 |         10 |       0 |    0 |     8 |      0 |      0 |          0 |
|                   gen_operation_groups[2].i_opgroup_block                                                                |          fpnew_opgroup_block__parameterized1_103 |        177 |        177 |       0 |    0 |     0 |      0 |      0 |          0 |
|                     gen_parallel_slices[0].active_format.i_fmt_slice                                                     |      fpnew_opgroup_fmt_slice__parameterized0_108 |        177 |        177 |       0 |    0 |     0 |      0 |      0 |          0 |
|                       gen_num_lanes[0].active_lane.lane_instance.i_noncomp                                               |                                fpnew_noncomp_109 |        177 |        177 |       0 |    0 |     0 |      0 |      0 |          0 |
|                   gen_operation_groups[3].i_opgroup_block                                                                |          fpnew_opgroup_block__parameterized2_104 |        587 |        587 |       0 |    0 |     0 |      0 |      0 |          0 |
|                     gen_merged_slice.i_multifmt_slice                                                                    | fpnew_opgroup_multifmt_slice__parameterized0_106 |        587 |        587 |       0 |    0 |     0 |      0 |      0 |          0 |
|                       (gen_merged_slice.i_multifmt_slice)                                                                | fpnew_opgroup_multifmt_slice__parameterized0_106 |         15 |         15 |       0 |    0 |     0 |      0 |      0 |          0 |
|                       gen_num_lanes[0].active_lane.lane_instance.i_fpnew_cast_multi                                      |                             fpnew_cast_multi_107 |        578 |        578 |       0 |    0 |     0 |      0 |      0 |          0 |
|                   i_arbiter                                                                                              |                  rr_arb_tree__parameterized0_105 |        137 |        137 |       0 |    0 |     2 |      0 |      0 |          0 |
|                 genblk1[3].fpnew_i                                                                                       |                                      fpnew_top_4 |       4963 |       4963 |       0 |    0 |   481 |      0 |      0 |          2 |
|                   gen_operation_groups[0].i_opgroup_block                                                                |                           fpnew_opgroup_block_78 |       1073 |       1073 |       0 |    0 |     0 |      0 |      0 |          2 |
|                     gen_parallel_slices[0].active_format.i_fmt_slice                                                     |                       fpnew_opgroup_fmt_slice_99 |       1073 |       1073 |       0 |    0 |     0 |      0 |      0 |          2 |
|                       gen_num_lanes[0].active_lane.lane_instance.i_fma                                                   |                                    fpnew_fma_100 |       1073 |       1073 |       0 |    0 |     0 |      0 |      0 |          2 |
|                   gen_operation_groups[1].i_opgroup_block                                                                |           fpnew_opgroup_block__parameterized0_79 |       3109 |       3109 |       0 |    0 |   479 |      0 |      0 |          0 |
|                     gen_merged_slice.i_multifmt_slice                                                                    |                  fpnew_opgroup_multifmt_slice_87 |       3109 |       3109 |       0 |    0 |   479 |      0 |      0 |          0 |
|                       gen_num_lanes[0].active_lane.lane_instance.gen_thmulti_c910_divsqrt.i_fpnew_divsqrt_th_64_c910     |                     fpnew_divsqrt_th_64_multi_88 |       3109 |       3109 |       0 |    0 |   479 |      0 |      0 |          0 |
|                         (gen_num_lanes[0].active_lane.lane_instance.gen_thmulti_c910_divsqrt.i_fpnew_divsqrt_th_64_c910) |                     fpnew_divsqrt_th_64_multi_88 |          1 |          1 |       0 |    0 |    77 |      0 |      0 |          0 |
|                         i_ct_vfdsu_top                                                                                   |                                  ct_vfdsu_top_89 |       3109 |       3109 |       0 |    0 |   402 |      0 |      0 |          0 |
|                           x_ct_vfdsu_ctrl                                                                                |                                 ct_vfdsu_ctrl_90 |         37 |         37 |       0 |    0 |    17 |      0 |      0 |          0 |
|                           x_ct_vfdsu_double                                                                              |                               ct_vfdsu_double_91 |       3062 |       3062 |       0 |    0 |   377 |      0 |      0 |          0 |
|                             (x_ct_vfdsu_double)                                                                          |                               ct_vfdsu_double_91 |         12 |         12 |       0 |    0 |     0 |      0 |      0 |          0 |
|                             x_ct_vfdsu_pack                                                                              |                                 ct_vfdsu_pack_93 |          1 |          1 |       0 |    0 |     0 |      0 |      0 |          0 |
|                             x_ct_vfdsu_prepare                                                                           |                              ct_vfdsu_prepare_94 |        631 |        631 |       0 |    0 |    34 |      0 |      0 |          0 |
|                             x_ct_vfdsu_round                                                                             |                                ct_vfdsu_round_95 |        332 |        332 |       0 |    0 |    64 |      0 |      0 |          0 |
|                             x_ct_vfdsu_srt                                                                               |                                  ct_vfdsu_srt_96 |       2094 |       2094 |       0 |    0 |   279 |      0 |      0 |          0 |
|                               (x_ct_vfdsu_srt)                                                                           |                                  ct_vfdsu_srt_96 |        134 |        134 |       0 |    0 |    51 |      0 |      0 |          0 |
|                               x_ct_vfdsu_srt_radix16_with_sqrt                                                           |                ct_vfdsu_srt_radix16_with_sqrt_97 |       1962 |       1962 |       0 |    0 |   228 |      0 |      0 |          0 |
|                                 (x_ct_vfdsu_srt_radix16_with_sqrt)                                                       |                ct_vfdsu_srt_radix16_with_sqrt_97 |       1885 |       1885 |       0 |    0 |   228 |      0 |      0 |          0 |
|                                 x_ct_vfdsu_srt_radix16_bound_table                                                       |              ct_vfdsu_srt_radix16_bound_table_98 |         77 |         77 |       0 |    0 |     0 |      0 |      0 |          0 |
|                           x_ct_vfdsu_scalar_dp                                                                           |                            ct_vfdsu_scalar_dp_92 |         10 |         10 |       0 |    0 |     8 |      0 |      0 |          0 |
|                   gen_operation_groups[2].i_opgroup_block                                                                |           fpnew_opgroup_block__parameterized1_80 |        177 |        177 |       0 |    0 |     0 |      0 |      0 |          0 |
|                     gen_parallel_slices[0].active_format.i_fmt_slice                                                     |       fpnew_opgroup_fmt_slice__parameterized0_85 |        177 |        177 |       0 |    0 |     0 |      0 |      0 |          0 |
|                       gen_num_lanes[0].active_lane.lane_instance.i_noncomp                                               |                                 fpnew_noncomp_86 |        177 |        177 |       0 |    0 |     0 |      0 |      0 |          0 |
|                   gen_operation_groups[3].i_opgroup_block                                                                |           fpnew_opgroup_block__parameterized2_81 |        587 |        587 |       0 |    0 |     0 |      0 |      0 |          0 |
|                     gen_merged_slice.i_multifmt_slice                                                                    |  fpnew_opgroup_multifmt_slice__parameterized0_83 |        587 |        587 |       0 |    0 |     0 |      0 |      0 |          0 |
|                       (gen_merged_slice.i_multifmt_slice)                                                                |  fpnew_opgroup_multifmt_slice__parameterized0_83 |         15 |         15 |       0 |    0 |     0 |      0 |      0 |          0 |
|                       gen_num_lanes[0].active_lane.lane_instance.i_fpnew_cast_multi                                      |                              fpnew_cast_multi_84 |        578 |        578 |       0 |    0 |     0 |      0 |      0 |          0 |
|                   i_arbiter                                                                                              |                   rr_arb_tree__parameterized0_82 |         17 |         17 |       0 |    0 |     2 |      0 |      0 |          0 |
|                 genblk1[4].fpnew_i                                                                                       |                                      fpnew_top_5 |       4966 |       4966 |       0 |    0 |   481 |      0 |      0 |          2 |
|                   gen_operation_groups[0].i_opgroup_block                                                                |                           fpnew_opgroup_block_55 |       1072 |       1072 |       0 |    0 |     0 |      0 |      0 |          2 |
|                     gen_parallel_slices[0].active_format.i_fmt_slice                                                     |                       fpnew_opgroup_fmt_slice_76 |       1072 |       1072 |       0 |    0 |     0 |      0 |      0 |          2 |
|                       gen_num_lanes[0].active_lane.lane_instance.i_fma                                                   |                                     fpnew_fma_77 |       1072 |       1072 |       0 |    0 |     0 |      0 |      0 |          2 |
|                   gen_operation_groups[1].i_opgroup_block                                                                |           fpnew_opgroup_block__parameterized0_56 |       3113 |       3113 |       0 |    0 |   479 |      0 |      0 |          0 |
|                     gen_merged_slice.i_multifmt_slice                                                                    |                  fpnew_opgroup_multifmt_slice_64 |       3113 |       3113 |       0 |    0 |   479 |      0 |      0 |          0 |
|                       gen_num_lanes[0].active_lane.lane_instance.gen_thmulti_c910_divsqrt.i_fpnew_divsqrt_th_64_c910     |                     fpnew_divsqrt_th_64_multi_65 |       3113 |       3113 |       0 |    0 |   479 |      0 |      0 |          0 |
|                         (gen_num_lanes[0].active_lane.lane_instance.gen_thmulti_c910_divsqrt.i_fpnew_divsqrt_th_64_c910) |                     fpnew_divsqrt_th_64_multi_65 |          1 |          1 |       0 |    0 |    77 |      0 |      0 |          0 |
|                         i_ct_vfdsu_top                                                                                   |                                  ct_vfdsu_top_66 |       3113 |       3113 |       0 |    0 |   402 |      0 |      0 |          0 |
|                           x_ct_vfdsu_ctrl                                                                                |                                 ct_vfdsu_ctrl_67 |         40 |         40 |       0 |    0 |    17 |      0 |      0 |          0 |
|                           x_ct_vfdsu_double                                                                              |                               ct_vfdsu_double_68 |       3063 |       3063 |       0 |    0 |   377 |      0 |      0 |          0 |
|                             (x_ct_vfdsu_double)                                                                          |                               ct_vfdsu_double_68 |         12 |         12 |       0 |    0 |     0 |      0 |      0 |          0 |
|                             x_ct_vfdsu_pack                                                                              |                                 ct_vfdsu_pack_70 |          1 |          1 |       0 |    0 |     0 |      0 |      0 |          0 |
|                             x_ct_vfdsu_prepare                                                                           |                              ct_vfdsu_prepare_71 |        633 |        633 |       0 |    0 |    34 |      0 |      0 |          0 |
|                             x_ct_vfdsu_round                                                                             |                                ct_vfdsu_round_72 |        332 |        332 |       0 |    0 |    64 |      0 |      0 |          0 |
|                             x_ct_vfdsu_srt                                                                               |                                  ct_vfdsu_srt_73 |       2095 |       2095 |       0 |    0 |   279 |      0 |      0 |          0 |
|                               (x_ct_vfdsu_srt)                                                                           |                                  ct_vfdsu_srt_73 |        134 |        134 |       0 |    0 |    51 |      0 |      0 |          0 |
|                               x_ct_vfdsu_srt_radix16_with_sqrt                                                           |                ct_vfdsu_srt_radix16_with_sqrt_74 |       1963 |       1963 |       0 |    0 |   228 |      0 |      0 |          0 |
|                                 (x_ct_vfdsu_srt_radix16_with_sqrt)                                                       |                ct_vfdsu_srt_radix16_with_sqrt_74 |       1886 |       1886 |       0 |    0 |   228 |      0 |      0 |          0 |
|                                 x_ct_vfdsu_srt_radix16_bound_table                                                       |              ct_vfdsu_srt_radix16_bound_table_75 |         77 |         77 |       0 |    0 |     0 |      0 |      0 |          0 |
|                           x_ct_vfdsu_scalar_dp                                                                           |                            ct_vfdsu_scalar_dp_69 |         10 |         10 |       0 |    0 |     8 |      0 |      0 |          0 |
|                   gen_operation_groups[2].i_opgroup_block                                                                |           fpnew_opgroup_block__parameterized1_57 |        178 |        178 |       0 |    0 |     0 |      0 |      0 |          0 |
|                     gen_parallel_slices[0].active_format.i_fmt_slice                                                     |       fpnew_opgroup_fmt_slice__parameterized0_62 |        178 |        178 |       0 |    0 |     0 |      0 |      0 |          0 |
|                       gen_num_lanes[0].active_lane.lane_instance.i_noncomp                                               |                                 fpnew_noncomp_63 |        178 |        178 |       0 |    0 |     0 |      0 |      0 |          0 |
|                   gen_operation_groups[3].i_opgroup_block                                                                |           fpnew_opgroup_block__parameterized2_58 |        586 |        586 |       0 |    0 |     0 |      0 |      0 |          0 |
|                     gen_merged_slice.i_multifmt_slice                                                                    |  fpnew_opgroup_multifmt_slice__parameterized0_60 |        586 |        586 |       0 |    0 |     0 |      0 |      0 |          0 |
|                       (gen_merged_slice.i_multifmt_slice)                                                                |  fpnew_opgroup_multifmt_slice__parameterized0_60 |         15 |         15 |       0 |    0 |     0 |      0 |      0 |          0 |
|                       gen_num_lanes[0].active_lane.lane_instance.i_fpnew_cast_multi                                      |                              fpnew_cast_multi_61 |        577 |        577 |       0 |    0 |     0 |      0 |      0 |          0 |
|                   i_arbiter                                                                                              |                   rr_arb_tree__parameterized0_59 |         17 |         17 |       0 |    0 |     2 |      0 |      0 |          0 |
|                 genblk1[5].fpnew_i                                                                                       |                                      fpnew_top_6 |       4966 |       4966 |       0 |    0 |   481 |      0 |      0 |          2 |
|                   gen_operation_groups[0].i_opgroup_block                                                                |                           fpnew_opgroup_block_32 |       1074 |       1074 |       0 |    0 |     0 |      0 |      0 |          2 |
|                     gen_parallel_slices[0].active_format.i_fmt_slice                                                     |                       fpnew_opgroup_fmt_slice_53 |       1074 |       1074 |       0 |    0 |     0 |      0 |      0 |          2 |
|                       gen_num_lanes[0].active_lane.lane_instance.i_fma                                                   |                                     fpnew_fma_54 |       1074 |       1074 |       0 |    0 |     0 |      0 |      0 |          2 |
|                   gen_operation_groups[1].i_opgroup_block                                                                |           fpnew_opgroup_block__parameterized0_33 |       3110 |       3110 |       0 |    0 |   479 |      0 |      0 |          0 |
|                     gen_merged_slice.i_multifmt_slice                                                                    |                  fpnew_opgroup_multifmt_slice_41 |       3110 |       3110 |       0 |    0 |   479 |      0 |      0 |          0 |
|                       gen_num_lanes[0].active_lane.lane_instance.gen_thmulti_c910_divsqrt.i_fpnew_divsqrt_th_64_c910     |                     fpnew_divsqrt_th_64_multi_42 |       3110 |       3110 |       0 |    0 |   479 |      0 |      0 |          0 |
|                         (gen_num_lanes[0].active_lane.lane_instance.gen_thmulti_c910_divsqrt.i_fpnew_divsqrt_th_64_c910) |                     fpnew_divsqrt_th_64_multi_42 |          1 |          1 |       0 |    0 |    77 |      0 |      0 |          0 |
|                         i_ct_vfdsu_top                                                                                   |                                  ct_vfdsu_top_43 |       3110 |       3110 |       0 |    0 |   402 |      0 |      0 |          0 |
|                           x_ct_vfdsu_ctrl                                                                                |                                 ct_vfdsu_ctrl_44 |         38 |         38 |       0 |    0 |    17 |      0 |      0 |          0 |
|                           x_ct_vfdsu_double                                                                              |                               ct_vfdsu_double_45 |       3062 |       3062 |       0 |    0 |   377 |      0 |      0 |          0 |
|                             (x_ct_vfdsu_double)                                                                          |                               ct_vfdsu_double_45 |         12 |         12 |       0 |    0 |     0 |      0 |      0 |          0 |
|                             x_ct_vfdsu_pack                                                                              |                                 ct_vfdsu_pack_47 |          1 |          1 |       0 |    0 |     0 |      0 |      0 |          0 |
|                             x_ct_vfdsu_prepare                                                                           |                              ct_vfdsu_prepare_48 |        633 |        633 |       0 |    0 |    34 |      0 |      0 |          0 |
|                             x_ct_vfdsu_round                                                                             |                                ct_vfdsu_round_49 |        332 |        332 |       0 |    0 |    64 |      0 |      0 |          0 |
|                             x_ct_vfdsu_srt                                                                               |                                  ct_vfdsu_srt_50 |       2094 |       2094 |       0 |    0 |   279 |      0 |      0 |          0 |
|                               (x_ct_vfdsu_srt)                                                                           |                                  ct_vfdsu_srt_50 |        134 |        134 |       0 |    0 |    51 |      0 |      0 |          0 |
|                               x_ct_vfdsu_srt_radix16_with_sqrt                                                           |                ct_vfdsu_srt_radix16_with_sqrt_51 |       1962 |       1962 |       0 |    0 |   228 |      0 |      0 |          0 |
|                                 (x_ct_vfdsu_srt_radix16_with_sqrt)                                                       |                ct_vfdsu_srt_radix16_with_sqrt_51 |       1885 |       1885 |       0 |    0 |   228 |      0 |      0 |          0 |
|                                 x_ct_vfdsu_srt_radix16_bound_table                                                       |              ct_vfdsu_srt_radix16_bound_table_52 |         77 |         77 |       0 |    0 |     0 |      0 |      0 |          0 |
|                           x_ct_vfdsu_scalar_dp                                                                           |                            ct_vfdsu_scalar_dp_46 |         10 |         10 |       0 |    0 |     8 |      0 |      0 |          0 |
|                   gen_operation_groups[2].i_opgroup_block                                                                |           fpnew_opgroup_block__parameterized1_34 |        177 |        177 |       0 |    0 |     0 |      0 |      0 |          0 |
|                     gen_parallel_slices[0].active_format.i_fmt_slice                                                     |       fpnew_opgroup_fmt_slice__parameterized0_39 |        177 |        177 |       0 |    0 |     0 |      0 |      0 |          0 |
|                       gen_num_lanes[0].active_lane.lane_instance.i_noncomp                                               |                                 fpnew_noncomp_40 |        177 |        177 |       0 |    0 |     0 |      0 |      0 |          0 |
|                   gen_operation_groups[3].i_opgroup_block                                                                |           fpnew_opgroup_block__parameterized2_35 |        587 |        587 |       0 |    0 |     0 |      0 |      0 |          0 |
|                     gen_merged_slice.i_multifmt_slice                                                                    |  fpnew_opgroup_multifmt_slice__parameterized0_37 |        587 |        587 |       0 |    0 |     0 |      0 |      0 |          0 |
|                       (gen_merged_slice.i_multifmt_slice)                                                                |  fpnew_opgroup_multifmt_slice__parameterized0_37 |         15 |         15 |       0 |    0 |     0 |      0 |      0 |          0 |
|                       gen_num_lanes[0].active_lane.lane_instance.i_fpnew_cast_multi                                      |                              fpnew_cast_multi_38 |        578 |        578 |       0 |    0 |     0 |      0 |      0 |          0 |
|                   i_arbiter                                                                                              |                   rr_arb_tree__parameterized0_36 |         18 |         18 |       0 |    0 |     2 |      0 |      0 |          0 |
|                 genblk1[6].fpnew_i                                                                                       |                                      fpnew_top_7 |       4966 |       4966 |       0 |    0 |   481 |      0 |      0 |          2 |
|                   gen_operation_groups[0].i_opgroup_block                                                                |                            fpnew_opgroup_block_9 |       1074 |       1074 |       0 |    0 |     0 |      0 |      0 |          2 |
|                     gen_parallel_slices[0].active_format.i_fmt_slice                                                     |                       fpnew_opgroup_fmt_slice_30 |       1074 |       1074 |       0 |    0 |     0 |      0 |      0 |          2 |
|                       gen_num_lanes[0].active_lane.lane_instance.i_fma                                                   |                                     fpnew_fma_31 |       1074 |       1074 |       0 |    0 |     0 |      0 |      0 |          2 |
|                   gen_operation_groups[1].i_opgroup_block                                                                |           fpnew_opgroup_block__parameterized0_10 |       3111 |       3111 |       0 |    0 |   479 |      0 |      0 |          0 |
|                     gen_merged_slice.i_multifmt_slice                                                                    |                  fpnew_opgroup_multifmt_slice_18 |       3111 |       3111 |       0 |    0 |   479 |      0 |      0 |          0 |
|                       gen_num_lanes[0].active_lane.lane_instance.gen_thmulti_c910_divsqrt.i_fpnew_divsqrt_th_64_c910     |                     fpnew_divsqrt_th_64_multi_19 |       3111 |       3111 |       0 |    0 |   479 |      0 |      0 |          0 |
|                         (gen_num_lanes[0].active_lane.lane_instance.gen_thmulti_c910_divsqrt.i_fpnew_divsqrt_th_64_c910) |                     fpnew_divsqrt_th_64_multi_19 |          1 |          1 |       0 |    0 |    77 |      0 |      0 |          0 |
|                         i_ct_vfdsu_top                                                                                   |                                  ct_vfdsu_top_20 |       3110 |       3110 |       0 |    0 |   402 |      0 |      0 |          0 |
|                           x_ct_vfdsu_ctrl                                                                                |                                 ct_vfdsu_ctrl_21 |         39 |         39 |       0 |    0 |    17 |      0 |      0 |          0 |
|                           x_ct_vfdsu_double                                                                              |                               ct_vfdsu_double_22 |       3062 |       3062 |       0 |    0 |   377 |      0 |      0 |          0 |
|                             (x_ct_vfdsu_double)                                                                          |                               ct_vfdsu_double_22 |         12 |         12 |       0 |    0 |     0 |      0 |      0 |          0 |
|                             x_ct_vfdsu_pack                                                                              |                                 ct_vfdsu_pack_24 |          1 |          1 |       0 |    0 |     0 |      0 |      0 |          0 |
|                             x_ct_vfdsu_prepare                                                                           |                              ct_vfdsu_prepare_25 |        632 |        632 |       0 |    0 |    34 |      0 |      0 |          0 |
|                             x_ct_vfdsu_round                                                                             |                                ct_vfdsu_round_26 |        332 |        332 |       0 |    0 |    64 |      0 |      0 |          0 |
|                             x_ct_vfdsu_srt                                                                               |                                  ct_vfdsu_srt_27 |       2095 |       2095 |       0 |    0 |   279 |      0 |      0 |          0 |
|                               (x_ct_vfdsu_srt)                                                                           |                                  ct_vfdsu_srt_27 |        134 |        134 |       0 |    0 |    51 |      0 |      0 |          0 |
|                               x_ct_vfdsu_srt_radix16_with_sqrt                                                           |                ct_vfdsu_srt_radix16_with_sqrt_28 |       1963 |       1963 |       0 |    0 |   228 |      0 |      0 |          0 |
|                                 (x_ct_vfdsu_srt_radix16_with_sqrt)                                                       |                ct_vfdsu_srt_radix16_with_sqrt_28 |       1886 |       1886 |       0 |    0 |   228 |      0 |      0 |          0 |
|                                 x_ct_vfdsu_srt_radix16_bound_table                                                       |              ct_vfdsu_srt_radix16_bound_table_29 |         77 |         77 |       0 |    0 |     0 |      0 |      0 |          0 |
|                           x_ct_vfdsu_scalar_dp                                                                           |                            ct_vfdsu_scalar_dp_23 |         10 |         10 |       0 |    0 |     8 |      0 |      0 |          0 |
|                   gen_operation_groups[2].i_opgroup_block                                                                |           fpnew_opgroup_block__parameterized1_11 |        177 |        177 |       0 |    0 |     0 |      0 |      0 |          0 |
|                     gen_parallel_slices[0].active_format.i_fmt_slice                                                     |       fpnew_opgroup_fmt_slice__parameterized0_16 |        177 |        177 |       0 |    0 |     0 |      0 |      0 |          0 |
|                       gen_num_lanes[0].active_lane.lane_instance.i_noncomp                                               |                                 fpnew_noncomp_17 |        177 |        177 |       0 |    0 |     0 |      0 |      0 |          0 |
|                   gen_operation_groups[3].i_opgroup_block                                                                |           fpnew_opgroup_block__parameterized2_12 |        587 |        587 |       0 |    0 |     0 |      0 |      0 |          0 |
|                     gen_merged_slice.i_multifmt_slice                                                                    |  fpnew_opgroup_multifmt_slice__parameterized0_14 |        587 |        587 |       0 |    0 |     0 |      0 |      0 |          0 |
|                       (gen_merged_slice.i_multifmt_slice)                                                                |  fpnew_opgroup_multifmt_slice__parameterized0_14 |         15 |         15 |       0 |    0 |     0 |      0 |      0 |          0 |
|                       gen_num_lanes[0].active_lane.lane_instance.i_fpnew_cast_multi                                      |                              fpnew_cast_multi_15 |        578 |        578 |       0 |    0 |     0 |      0 |      0 |          0 |
|                   i_arbiter                                                                                              |                   rr_arb_tree__parameterized0_13 |         17 |         17 |       0 |    0 |     2 |      0 |      0 |          0 |
|                 genblk1[7].fpnew_i                                                                                       |                                      fpnew_top_8 |       4964 |       4964 |       0 |    0 |   481 |      0 |      0 |          2 |
|                   gen_operation_groups[0].i_opgroup_block                                                                |                              fpnew_opgroup_block |       1073 |       1073 |       0 |    0 |     0 |      0 |      0 |          2 |
|                     gen_parallel_slices[0].active_format.i_fmt_slice                                                     |                          fpnew_opgroup_fmt_slice |       1073 |       1073 |       0 |    0 |     0 |      0 |      0 |          2 |
|                       gen_num_lanes[0].active_lane.lane_instance.i_fma                                                   |                                        fpnew_fma |       1073 |       1073 |       0 |    0 |     0 |      0 |      0 |          2 |
|                   gen_operation_groups[1].i_opgroup_block                                                                |              fpnew_opgroup_block__parameterized0 |       3111 |       3111 |       0 |    0 |   479 |      0 |      0 |          0 |
|                     gen_merged_slice.i_multifmt_slice                                                                    |                     fpnew_opgroup_multifmt_slice |       3111 |       3111 |       0 |    0 |   479 |      0 |      0 |          0 |
|                       gen_num_lanes[0].active_lane.lane_instance.gen_thmulti_c910_divsqrt.i_fpnew_divsqrt_th_64_c910     |                        fpnew_divsqrt_th_64_multi |       3111 |       3111 |       0 |    0 |   479 |      0 |      0 |          0 |
|                         (gen_num_lanes[0].active_lane.lane_instance.gen_thmulti_c910_divsqrt.i_fpnew_divsqrt_th_64_c910) |                        fpnew_divsqrt_th_64_multi |          1 |          1 |       0 |    0 |    77 |      0 |      0 |          0 |
|                         i_ct_vfdsu_top                                                                                   |                                     ct_vfdsu_top |       3110 |       3110 |       0 |    0 |   402 |      0 |      0 |          0 |
|                           x_ct_vfdsu_ctrl                                                                                |                                    ct_vfdsu_ctrl |         39 |         39 |       0 |    0 |    17 |      0 |      0 |          0 |
|                           x_ct_vfdsu_double                                                                              |                                  ct_vfdsu_double |       3062 |       3062 |       0 |    0 |   377 |      0 |      0 |          0 |
|                             (x_ct_vfdsu_double)                                                                          |                                  ct_vfdsu_double |         12 |         12 |       0 |    0 |     0 |      0 |      0 |          0 |
|                             x_ct_vfdsu_pack                                                                              |                                    ct_vfdsu_pack |          1 |          1 |       0 |    0 |     0 |      0 |      0 |          0 |
|                             x_ct_vfdsu_prepare                                                                           |                                 ct_vfdsu_prepare |        633 |        633 |       0 |    0 |    34 |      0 |      0 |          0 |
|                             x_ct_vfdsu_round                                                                             |                                   ct_vfdsu_round |        331 |        331 |       0 |    0 |    64 |      0 |      0 |          0 |
|                             x_ct_vfdsu_srt                                                                               |                                     ct_vfdsu_srt |       2095 |       2095 |       0 |    0 |   279 |      0 |      0 |          0 |
|                               (x_ct_vfdsu_srt)                                                                           |                                     ct_vfdsu_srt |        134 |        134 |       0 |    0 |    51 |      0 |      0 |          0 |
|                               x_ct_vfdsu_srt_radix16_with_sqrt                                                           |                   ct_vfdsu_srt_radix16_with_sqrt |       1963 |       1963 |       0 |    0 |   228 |      0 |      0 |          0 |
|                                 (x_ct_vfdsu_srt_radix16_with_sqrt)                                                       |                   ct_vfdsu_srt_radix16_with_sqrt |       1886 |       1886 |       0 |    0 |   228 |      0 |      0 |          0 |
|                                 x_ct_vfdsu_srt_radix16_bound_table                                                       |                 ct_vfdsu_srt_radix16_bound_table |         77 |         77 |       0 |    0 |     0 |      0 |      0 |          0 |
|                           x_ct_vfdsu_scalar_dp                                                                           |                               ct_vfdsu_scalar_dp |         10 |         10 |       0 |    0 |     8 |      0 |      0 |          0 |
|                   gen_operation_groups[2].i_opgroup_block                                                                |              fpnew_opgroup_block__parameterized1 |        178 |        178 |       0 |    0 |     0 |      0 |      0 |          0 |
|                     gen_parallel_slices[0].active_format.i_fmt_slice                                                     |          fpnew_opgroup_fmt_slice__parameterized0 |        178 |        178 |       0 |    0 |     0 |      0 |      0 |          0 |
|                       gen_num_lanes[0].active_lane.lane_instance.i_noncomp                                               |                                    fpnew_noncomp |        178 |        178 |       0 |    0 |     0 |      0 |      0 |          0 |
|                   gen_operation_groups[3].i_opgroup_block                                                                |              fpnew_opgroup_block__parameterized2 |        586 |        586 |       0 |    0 |     0 |      0 |      0 |          0 |
|                     gen_merged_slice.i_multifmt_slice                                                                    |     fpnew_opgroup_multifmt_slice__parameterized0 |        586 |        586 |       0 |    0 |     0 |      0 |      0 |          0 |
|                       (gen_merged_slice.i_multifmt_slice)                                                                |     fpnew_opgroup_multifmt_slice__parameterized0 |         15 |         15 |       0 |    0 |     0 |      0 |      0 |          0 |
|                       gen_num_lanes[0].active_lane.lane_instance.i_fpnew_cast_multi                                      |                                 fpnew_cast_multi |        577 |        577 |       0 |    0 |     0 |      0 |      0 |          0 |
|                   i_arbiter                                                                                              |                      rr_arb_tree__parameterized0 |         17 |         17 |       0 |    0 |     2 |      0 |      0 |          0 |
|             genblk1[5].unit                                                                                              |               vproc_unit_wrapper__parameterized4 |       1414 |       1414 |       0 |    0 |   936 |      0 |      0 |          0 |
|               sld                                                                                                        |                                        vproc_sld |       1414 |       1414 |       0 |    0 |   936 |      0 |      0 |          0 |
|             unit_queue                                                                                                   |                    vproc_queue__parameterized2_1 |       1446 |       1446 |       0 |    0 |    17 |      0 |      0 |          0 |
|           unpack                                                                                                         |                 vproc_vregunpack__parameterized0 |       3774 |       3720 |       0 |   54 |  3020 |      0 |      0 |          0 |
|       genblk9[2].pipe                                                                                                    |           vproc_pipeline_wrapper__parameterized1 |       2470 |       2427 |       0 |   43 |  3275 |      0 |      0 |          0 |
|         pipeline                                                                                                         |                   vproc_pipeline__parameterized1 |       2470 |       2427 |       0 |   43 |  3275 |      0 |      0 |          0 |
|           (pipeline)                                                                                                     |                   vproc_pipeline__parameterized1 |        726 |        726 |       0 |    0 |   122 |      0 |      0 |          0 |
|           pack                                                                                                           |                   vproc_vregpack__parameterized1 |        105 |        105 |       0 |    0 |   588 |      0 |      0 |          0 |
|           unit_mux                                                                                                       |                   vproc_unit_mux__parameterized1 |        642 |        642 |       0 |    0 |   341 |      0 |      0 |          0 |
|             genblk1[3].unit                                                                                              |               vproc_unit_wrapper__parameterized5 |        618 |        618 |       0 |    0 |   324 |      0 |      0 |          0 |
|               div                                                                                                        |                                        vproc_div |        618 |        618 |       0 |    0 |   324 |      0 |      0 |          0 |
|                 (div)                                                                                                    |                                        vproc_div |         66 |         66 |       0 |    0 |   215 |      0 |      0 |          0 |
|                 genblk1[0].div_i                                                                                         |                                     cv32e40x_div |        552 |        552 |       0 |    0 |   109 |      0 |      0 |          0 |
|             unit_queue                                                                                                   |                      vproc_queue__parameterized2 |         24 |         24 |       0 |    0 |    17 |      0 |      0 |          0 |
|           unpack                                                                                                         |                 vproc_vregunpack__parameterized1 |       1012 |        969 |       0 |   43 |  2224 |      0 |      0 |          0 |
|       instr_queue                                                                                                        |                                      vproc_queue |         78 |         78 |       0 |    0 |   249 |      0 |      0 |          0 |
|       queue_pending_wr                                                                                                   |                                 vproc_pending_wr |        308 |        308 |       0 |    0 |     0 |      0 |      0 |          0 |
|       result_if                                                                                                          |                                     vproc_result |        279 |        279 |       0 |    0 |    50 |      0 |      0 |          0 |
|       vreg_wr_mux                                                                                                        |                                vproc_vreg_wr_mux |        584 |        584 |       0 |    0 |     0 |      0 |      0 |          0 |
|       vregfile                                                                                                           |                                   vproc_vregfile |       2048 |          0 |    2048 |    0 |     0 |      0 |      0 |          0 |
+--------------------------------------------------------------------------------------------------------------------------+--------------------------------------------------+------------+------------+---------+------+-------+--------+--------+------------+
* Note: The sum of lower-level cells may be larger than their parent cells total, due to cross-hierarchy LUT combining


