Copyright 1986-2021 Xilinx, Inc. All Rights Reserved.
----------------------------------------------------------------------------------------------
| Tool Version : Vivado v.2021.2 (lin64) Build 3367213 Tue Oct 19 02:47:39 MDT 2021
| Date         : Thu May 15 14:08:41 2025
| Host         : return running 64-bit Ubuntu 20.04.6 LTS
| Command      : report_timing -nworst 5 -path_type full -input_pins -file timing2_report.rpt
| Design       : demo_top
| Device       : 7k325t-ffg900
| Speed File   : -2  PRODUCTION 1.12 2017-02-17
----------------------------------------------------------------------------------------------

Timing Report

Slack (MET) :             0.211ns  (required time - arrival time)
  Source:                 vproc/fpu_ss_i/i_fpnew_bulk/gen_operation_groups[0].i_opgroup_block/gen_merged_slice.i_multifmt_slice/gen_num_lanes[0].active_lane.lane_instance.i_fpnew_fma_multi/gen_input_pipeline[0].inp_pipe_operands_q_reg[1][1][14]/C
                            (rising edge-triggered cell FDCE clocked by clk_raw  {rise@0.000ns fall@17.188ns period=34.375ns})
  Destination:            u_ram/mem_reg_1_0_2/ENARDEN
                            (rising edge-triggered cell RAMB36E1 clocked by clk_raw  {rise@0.000ns fall@17.188ns period=34.375ns})
  Path Group:             clk_raw
  Path Type:              Setup (Max at Slow Process Corner)
  Requirement:            34.375ns  (clk_raw rise@34.375ns - clk_raw rise@0.000ns)
  Data Path Delay:        33.397ns  (logic 6.618ns (19.816%)  route 26.779ns (80.184%))
  Logic Levels:           92  (CARRY4=30 LUT2=3 LUT3=9 LUT4=7 LUT5=8 LUT6=34 MUXF7=1)
  Clock Path Skew:        -0.370ns (DCD - SCD + CPR)
    Destination Clock Delay (DCD):    5.028ns = ( 39.403 - 34.375 ) 
    Source Clock Delay      (SCD):    5.751ns
    Clock Pessimism Removal (CPR):    0.352ns
  Clock Uncertainty:      0.068ns  ((TSJ^2 + DJ^2)^1/2) / 2 + PE
    Total System Jitter     (TSJ):    0.071ns
    Discrete Jitter          (DJ):    0.116ns
    Phase Error              (PE):    0.000ns

    Location             Delay type                Incr(ns)  Path(ns)    Netlist Resource(s)
  -------------------------------------------------------------------    -------------------
                         (clock clk_raw rise edge)    0.000     0.000 r  
                         clock source latency         2.120     2.120    
                         propagated clock network latency
                                                      3.631     5.751    
    SLICE_X97Y37         FDCE                         0.000     5.751 r  vproc/fpu_ss_i/i_fpnew_bulk/gen_operation_groups[0].i_opgroup_block/gen_merged_slice.i_multifmt_slice/gen_num_lanes[0].active_lane.lane_instance.i_fpnew_fma_multi/gen_input_pipeline[0].inp_pipe_operands_q_reg[1][1][14]/C
    SLICE_X97Y37         FDCE (Prop_fdce_C_Q)         0.223     5.974 r  vproc/fpu_ss_i/i_fpnew_bulk/gen_operation_groups[0].i_opgroup_block/gen_merged_slice.i_multifmt_slice/gen_num_lanes[0].active_lane.lane_instance.i_fpnew_fma_multi/gen_input_pipeline[0].inp_pipe_operands_q_reg[1][1][14]/Q
                         net (fo=9, routed)           0.382     6.356    vproc/fpu_ss_i/i_fpnew_bulk/gen_operation_groups[0].i_opgroup_block/gen_merged_slice.i_multifmt_slice/gen_num_lanes[0].active_lane.lane_instance.i_fpnew_fma_multi/gen_input_pipeline[0].inp_pipe_operands_q_reg_n_0_[1][1][14]
    SLICE_X96Y37                                                      r  vproc/fpu_ss_i/i_fpnew_bulk/gen_operation_groups[0].i_opgroup_block/gen_merged_slice.i_multifmt_slice/gen_num_lanes[0].active_lane.lane_instance.i_fpnew_fma_multi/register_write_behavioral[31].mem[31][31]_i_385/I1
    SLICE_X96Y37         LUT4 (Prop_lut4_I1_O)        0.043     6.399 r  vproc/fpu_ss_i/i_fpnew_bulk/gen_operation_groups[0].i_opgroup_block/gen_merged_slice.i_multifmt_slice/gen_num_lanes[0].active_lane.lane_instance.i_fpnew_fma_multi/register_write_behavioral[31].mem[31][31]_i_385/O
                         net (fo=1, routed)           0.358     6.757    vproc/fpu_ss_i/i_fpnew_bulk/gen_operation_groups[0].i_opgroup_block/gen_merged_slice.i_multifmt_slice/gen_num_lanes[0].active_lane.lane_instance.i_fpnew_fma_multi/register_write_behavioral[31].mem[31][31]_i_385_n_0
    SLICE_X97Y37                                                      r  vproc/fpu_ss_i/i_fpnew_bulk/gen_operation_groups[0].i_opgroup_block/gen_merged_slice.i_multifmt_slice/gen_num_lanes[0].active_lane.lane_instance.i_fpnew_fma_multi/register_write_behavioral[31].mem[31][31]_i_257/I0
    SLICE_X97Y37         LUT6 (Prop_lut6_I0_O)        0.043     6.800 r  vproc/fpu_ss_i/i_fpnew_bulk/gen_operation_groups[0].i_opgroup_block/gen_merged_slice.i_multifmt_slice/gen_num_lanes[0].active_lane.lane_instance.i_fpnew_fma_multi/register_write_behavioral[31].mem[31][31]_i_257/O
                         net (fo=1, routed)           0.426     7.226    vproc/fpu_ss_i/i_fpnew_bulk/gen_operation_groups[0].i_opgroup_block/gen_merged_slice.i_multifmt_slice/gen_num_lanes[0].active_lane.lane_instance.i_fpnew_fma_multi/register_write_behavioral[31].mem[31][31]_i_257_n_0
    SLICE_X97Y37                                                      r  vproc/fpu_ss_i/i_fpnew_bulk/gen_operation_groups[0].i_opgroup_block/gen_merged_slice.i_multifmt_slice/gen_num_lanes[0].active_lane.lane_instance.i_fpnew_fma_multi/register_write_behavioral[31].mem[31][31]_i_184/I5
    SLICE_X97Y37         LUT6 (Prop_lut6_I5_O)        0.043     7.269 f  vproc/fpu_ss_i/i_fpnew_bulk/gen_operation_groups[0].i_opgroup_block/gen_merged_slice.i_multifmt_slice/gen_num_lanes[0].active_lane.lane_instance.i_fpnew_fma_multi/register_write_behavioral[31].mem[31][31]_i_184/O
                         net (fo=2, routed)           0.197     7.466    vproc/fpu_ss_i/i_fpnew_bulk/gen_operation_groups[0].i_opgroup_block/gen_merged_slice.i_multifmt_slice/gen_num_lanes[0].active_lane.lane_instance.i_fpnew_fma_multi/register_write_behavioral[31].mem[31][31]_i_184_n_0
    SLICE_X95Y37                                                      f  vproc/fpu_ss_i/i_fpnew_bulk/gen_operation_groups[0].i_opgroup_block/gen_merged_slice.i_multifmt_slice/gen_num_lanes[0].active_lane.lane_instance.i_fpnew_fma_multi/register_write_behavioral[31].mem[31][23]_i_490/I1
    SLICE_X95Y37         LUT2 (Prop_lut2_I1_O)        0.043     7.509 r  vproc/fpu_ss_i/i_fpnew_bulk/gen_operation_groups[0].i_opgroup_block/gen_merged_slice.i_multifmt_slice/gen_num_lanes[0].active_lane.lane_instance.i_fpnew_fma_multi/register_write_behavioral[31].mem[31][23]_i_490/O
                         net (fo=1, routed)           0.293     7.802    vproc/fpu_ss_i/i_fpnew_bulk/gen_operation_groups[0].i_opgroup_block/gen_merged_slice.i_multifmt_slice/gen_num_lanes[0].active_lane.lane_instance.i_fpnew_fma_multi/register_write_behavioral[31].mem[31][23]_i_490_n_0
    SLICE_X100Y36                                                     r  vproc/fpu_ss_i/i_fpnew_bulk/gen_operation_groups[0].i_opgroup_block/gen_merged_slice.i_multifmt_slice/gen_num_lanes[0].active_lane.lane_instance.i_fpnew_fma_multi/register_write_behavioral[31].mem[31][23]_i_373/I1
    SLICE_X100Y36        LUT6 (Prop_lut6_I1_O)        0.043     7.845 f  vproc/fpu_ss_i/i_fpnew_bulk/gen_operation_groups[0].i_opgroup_block/gen_merged_slice.i_multifmt_slice/gen_num_lanes[0].active_lane.lane_instance.i_fpnew_fma_multi/register_write_behavioral[31].mem[31][23]_i_373/O
                         net (fo=2, routed)           0.352     8.197    vproc/fpu_ss_i/i_fpnew_bulk/gen_operation_groups[0].i_opgroup_block/gen_merged_slice.i_multifmt_slice/gen_num_lanes[0].active_lane.lane_instance.i_fpnew_fma_multi/register_write_behavioral[31].mem[31][23]_i_373_n_0
    SLICE_X101Y36                                                     f  vproc/fpu_ss_i/i_fpnew_bulk/gen_operation_groups[0].i_opgroup_block/gen_merged_slice.i_multifmt_slice/gen_num_lanes[0].active_lane.lane_instance.i_fpnew_fma_multi/register_write_behavioral[31].mem[31][23]_i_370/I4
    SLICE_X101Y36        LUT5 (Prop_lut5_I4_O)        0.043     8.240 r  vproc/fpu_ss_i/i_fpnew_bulk/gen_operation_groups[0].i_opgroup_block/gen_merged_slice.i_multifmt_slice/gen_num_lanes[0].active_lane.lane_instance.i_fpnew_fma_multi/register_write_behavioral[31].mem[31][23]_i_370/O
                         net (fo=2, routed)           0.348     8.589    vproc/fpu_ss_i/i_fpnew_bulk/gen_operation_groups[0].i_opgroup_block/gen_merged_slice.i_multifmt_slice/gen_num_lanes[0].active_lane.lane_instance.i_fpnew_fma_multi/register_write_behavioral[31].mem[31][23]_i_370_n_0
    SLICE_X102Y36                                                     r  vproc/fpu_ss_i/i_fpnew_bulk/gen_operation_groups[0].i_opgroup_block/gen_merged_slice.i_multifmt_slice/gen_num_lanes[0].active_lane.lane_instance.i_fpnew_fma_multi/register_write_behavioral[31].mem[31][23]_i_193/I5
    SLICE_X102Y36        LUT6 (Prop_lut6_I5_O)        0.043     8.632 r  vproc/fpu_ss_i/i_fpnew_bulk/gen_operation_groups[0].i_opgroup_block/gen_merged_slice.i_multifmt_slice/gen_num_lanes[0].active_lane.lane_instance.i_fpnew_fma_multi/register_write_behavioral[31].mem[31][23]_i_193/O
                         net (fo=2, routed)           0.334     8.966    vproc/fpu_ss_i/i_fpnew_bulk/gen_operation_groups[0].i_opgroup_block/gen_merged_slice.i_multifmt_slice/gen_num_lanes[0].active_lane.lane_instance.i_fpnew_fma_multi/register_write_behavioral[31].mem[31][23]_i_193_n_0
    SLICE_X102Y37                                                     r  vproc/fpu_ss_i/i_fpnew_bulk/gen_operation_groups[0].i_opgroup_block/gen_merged_slice.i_multifmt_slice/gen_num_lanes[0].active_lane.lane_instance.i_fpnew_fma_multi/register_write_behavioral[31].mem[31][23]_i_197/I0
    SLICE_X102Y37        LUT6 (Prop_lut6_I0_O)        0.043     9.009 r  vproc/fpu_ss_i/i_fpnew_bulk/gen_operation_groups[0].i_opgroup_block/gen_merged_slice.i_multifmt_slice/gen_num_lanes[0].active_lane.lane_instance.i_fpnew_fma_multi/register_write_behavioral[31].mem[31][23]_i_197/O
                         net (fo=1, routed)           0.000     9.009    vproc/fpu_ss_i/i_fpnew_bulk/gen_operation_groups[0].i_opgroup_block/gen_merged_slice.i_multifmt_slice/gen_num_lanes[0].active_lane.lane_instance.i_fpnew_fma_multi/register_write_behavioral[31].mem[31][23]_i_197_n_0
    SLICE_X102Y37                                                     r  vproc/fpu_ss_i/i_fpnew_bulk/gen_operation_groups[0].i_opgroup_block/gen_merged_slice.i_multifmt_slice/gen_num_lanes[0].active_lane.lane_instance.i_fpnew_fma_multi/register_write_behavioral[31].mem_reg[31][23]_i_91/S[2]
    SLICE_X102Y37        CARRY4 (Prop_carry4_S[2]_CO[3])
                                                      0.183     9.192 r  vproc/fpu_ss_i/i_fpnew_bulk/gen_operation_groups[0].i_opgroup_block/gen_merged_slice.i_multifmt_slice/gen_num_lanes[0].active_lane.lane_instance.i_fpnew_fma_multi/register_write_behavioral[31].mem_reg[31][23]_i_91/CO[3]
                         net (fo=1, routed)           0.000     9.192    vproc/fpu_ss_i/i_fpnew_bulk/gen_operation_groups[0].i_opgroup_block/gen_merged_slice.i_multifmt_slice/gen_num_lanes[0].active_lane.lane_instance.i_fpnew_fma_multi/register_write_behavioral[31].mem_reg[31][23]_i_91_n_0
    SLICE_X102Y38                                                     r  vproc/fpu_ss_i/i_fpnew_bulk/gen_operation_groups[0].i_opgroup_block/gen_merged_slice.i_multifmt_slice/gen_num_lanes[0].active_lane.lane_instance.i_fpnew_fma_multi/register_write_behavioral[31].mem_reg[31][31]_i_348/CI
    SLICE_X102Y38        CARRY4 (Prop_carry4_CI_O[1])
                                                      0.165     9.357 f  vproc/fpu_ss_i/i_fpnew_bulk/gen_operation_groups[0].i_opgroup_block/gen_merged_slice.i_multifmt_slice/gen_num_lanes[0].active_lane.lane_instance.i_fpnew_fma_multi/register_write_behavioral[31].mem_reg[31][31]_i_348/O[1]
                         net (fo=4, routed)           0.429     9.786    vproc/fpu_ss_i/i_fpnew_bulk/gen_operation_groups[0].i_opgroup_block/gen_merged_slice.i_multifmt_slice/gen_num_lanes[0].active_lane.lane_instance.i_fpnew_fma_multi/register_write_behavioral[31].mem_reg[31][31]_i_348_n_6
    SLICE_X103Y41                                                     f  vproc/fpu_ss_i/i_fpnew_bulk/gen_operation_groups[0].i_opgroup_block/gen_merged_slice.i_multifmt_slice/gen_num_lanes[0].active_lane.lane_instance.i_fpnew_fma_multi/register_write_behavioral[31].mem[31][23]_i_273/I2
    SLICE_X103Y41        LUT3 (Prop_lut3_I2_O)        0.125     9.911 r  vproc/fpu_ss_i/i_fpnew_bulk/gen_operation_groups[0].i_opgroup_block/gen_merged_slice.i_multifmt_slice/gen_num_lanes[0].active_lane.lane_instance.i_fpnew_fma_multi/register_write_behavioral[31].mem[31][23]_i_273/O
                         net (fo=5, routed)           0.477    10.388    vproc/fpu_ss_i/i_fpnew_bulk/gen_operation_groups[0].i_opgroup_block/gen_merged_slice.i_multifmt_slice/gen_num_lanes[0].active_lane.lane_instance.i_fpnew_fma_multi/register_write_behavioral[31].mem[31][23]_i_273_n_0
    SLICE_X104Y40                                                     r  vproc/fpu_ss_i/i_fpnew_bulk/gen_operation_groups[0].i_opgroup_block/gen_merged_slice.i_multifmt_slice/gen_num_lanes[0].active_lane.lane_instance.i_fpnew_fma_multi/register_write_behavioral[31].mem[31][23]_i_179/I1
    SLICE_X104Y40        LUT2 (Prop_lut2_I1_O)        0.043    10.431 r  vproc/fpu_ss_i/i_fpnew_bulk/gen_operation_groups[0].i_opgroup_block/gen_merged_slice.i_multifmt_slice/gen_num_lanes[0].active_lane.lane_instance.i_fpnew_fma_multi/register_write_behavioral[31].mem[31][23]_i_179/O
                         net (fo=1, routed)           0.000    10.431    vproc/fpu_ss_i/i_fpnew_bulk/gen_operation_groups[0].i_opgroup_block/gen_merged_slice.i_multifmt_slice/gen_num_lanes[0].active_lane.lane_instance.i_fpnew_fma_multi/register_write_behavioral[31].mem[31][23]_i_179_n_0
    SLICE_X104Y40                                                     r  vproc/fpu_ss_i/i_fpnew_bulk/gen_operation_groups[0].i_opgroup_block/gen_merged_slice.i_multifmt_slice/gen_num_lanes[0].active_lane.lane_instance.i_fpnew_fma_multi/register_write_behavioral[31].mem_reg[31][23]_i_88/S[1]
    SLICE_X104Y40        CARRY4 (Prop_carry4_S[1]_CO[3])
                                                      0.256    10.687 r  vproc/fpu_ss_i/i_fpnew_bulk/gen_operation_groups[0].i_opgroup_block/gen_merged_slice.i_multifmt_slice/gen_num_lanes[0].active_lane.lane_instance.i_fpnew_fma_multi/register_write_behavioral[31].mem_reg[31][23]_i_88/CO[3]
                         net (fo=1, routed)           0.000    10.687    vproc/fpu_ss_i/i_fpnew_bulk/gen_operation_groups[0].i_opgroup_block/gen_merged_slice.i_multifmt_slice/gen_num_lanes[0].active_lane.lane_instance.i_fpnew_fma_multi/register_write_behavioral[31].mem_reg[31][23]_i_88_n_0
    SLICE_X104Y41                                                     r  vproc/fpu_ss_i/i_fpnew_bulk/gen_operation_groups[0].i_opgroup_block/gen_merged_slice.i_multifmt_slice/gen_num_lanes[0].active_lane.lane_instance.i_fpnew_fma_multi/register_write_behavioral[31].mem_reg[31][23]_i_90/CI
    SLICE_X104Y41        CARRY4 (Prop_carry4_CI_O[1])
                                                      0.165    10.852 f  vproc/fpu_ss_i/i_fpnew_bulk/gen_operation_groups[0].i_opgroup_block/gen_merged_slice.i_multifmt_slice/gen_num_lanes[0].active_lane.lane_instance.i_fpnew_fma_multi/register_write_behavioral[31].mem_reg[31][23]_i_90/O[1]
                         net (fo=6, routed)           0.386    11.238    vproc/fpu_ss_i/gen_fp_register_file.fpu_ss_regfile_i/register_write_behavioral[31].mem[31][31]_i_362[1]
    SLICE_X105Y41                                                     f  vproc/fpu_ss_i/gen_fp_register_file.fpu_ss_regfile_i/register_write_behavioral[31].mem[31][31]_i_407/I0
    SLICE_X105Y41        LUT6 (Prop_lut6_I0_O)        0.125    11.363 f  vproc/fpu_ss_i/gen_fp_register_file.fpu_ss_regfile_i/register_write_behavioral[31].mem[31][31]_i_407/O
                         net (fo=7, routed)           0.382    11.745    vproc/fpu_ss_i/gen_fp_register_file.fpu_ss_regfile_i/register_write_behavioral[31].mem_reg[31][23]_i_88
    SLICE_X105Y41                                                     f  vproc/fpu_ss_i/gen_fp_register_file.fpu_ss_regfile_i/register_write_behavioral[31].mem[31][31]_i_403/I4
    SLICE_X105Y41        LUT6 (Prop_lut6_I4_O)        0.043    11.788 r  vproc/fpu_ss_i/gen_fp_register_file.fpu_ss_regfile_i/register_write_behavioral[31].mem[31][31]_i_403/O
                         net (fo=46, routed)          0.499    12.287    vproc/fpu_ss_i/i_fpnew_bulk/gen_operation_groups[0].i_opgroup_block/gen_merged_slice.i_multifmt_slice/gen_num_lanes[0].active_lane.lane_instance.i_fpnew_fma_multi/register_write_behavioral[31].mem[31][31]_i_520_0[0]
    SLICE_X104Y45                                                     r  vproc/fpu_ss_i/i_fpnew_bulk/gen_operation_groups[0].i_opgroup_block/gen_merged_slice.i_multifmt_slice/gen_num_lanes[0].active_lane.lane_instance.i_fpnew_fma_multi/register_write_behavioral[31].mem[31][31]_i_632/I1
    SLICE_X104Y45        LUT6 (Prop_lut6_I1_O)        0.043    12.330 r  vproc/fpu_ss_i/i_fpnew_bulk/gen_operation_groups[0].i_opgroup_block/gen_merged_slice.i_multifmt_slice/gen_num_lanes[0].active_lane.lane_instance.i_fpnew_fma_multi/register_write_behavioral[31].mem[31][31]_i_632/O
                         net (fo=1, routed)           0.304    12.635    vproc/fpu_ss_i/i_fpnew_bulk/gen_operation_groups[0].i_opgroup_block/gen_merged_slice.i_multifmt_slice/gen_num_lanes[0].active_lane.lane_instance.i_fpnew_fma_multi/register_write_behavioral[31].mem[31][31]_i_632_n_0
    SLICE_X104Y46                                                     r  vproc/fpu_ss_i/i_fpnew_bulk/gen_operation_groups[0].i_opgroup_block/gen_merged_slice.i_multifmt_slice/gen_num_lanes[0].active_lane.lane_instance.i_fpnew_fma_multi/register_write_behavioral[31].mem[31][31]_i_622/I5
    SLICE_X104Y46        LUT6 (Prop_lut6_I5_O)        0.043    12.678 r  vproc/fpu_ss_i/i_fpnew_bulk/gen_operation_groups[0].i_opgroup_block/gen_merged_slice.i_multifmt_slice/gen_num_lanes[0].active_lane.lane_instance.i_fpnew_fma_multi/register_write_behavioral[31].mem[31][31]_i_622/O
                         net (fo=2, routed)           0.273    12.950    vproc/fpu_ss_i/i_fpnew_bulk/gen_operation_groups[0].i_opgroup_block/gen_merged_slice.i_multifmt_slice/gen_num_lanes[0].active_lane.lane_instance.i_fpnew_fma_multi/register_write_behavioral[31].mem[31][31]_i_622_n_0
    SLICE_X105Y46                                                     r  vproc/fpu_ss_i/i_fpnew_bulk/gen_operation_groups[0].i_opgroup_block/gen_merged_slice.i_multifmt_slice/gen_num_lanes[0].active_lane.lane_instance.i_fpnew_fma_multi/register_write_behavioral[31].mem[31][31]_i_605/I0
    SLICE_X105Y46        LUT3 (Prop_lut3_I0_O)        0.043    12.993 r  vproc/fpu_ss_i/i_fpnew_bulk/gen_operation_groups[0].i_opgroup_block/gen_merged_slice.i_multifmt_slice/gen_num_lanes[0].active_lane.lane_instance.i_fpnew_fma_multi/register_write_behavioral[31].mem[31][31]_i_605/O
                         net (fo=3, routed)           0.313    13.306    vproc/fpu_ss_i/i_fpnew_bulk/gen_operation_groups[0].i_opgroup_block/gen_merged_slice.i_multifmt_slice/gen_num_lanes[0].active_lane.lane_instance.i_fpnew_fma_multi/register_write_behavioral[31].mem[31][31]_i_605_n_0
    SLICE_X107Y46                                                     r  vproc/fpu_ss_i/i_fpnew_bulk/gen_operation_groups[0].i_opgroup_block/gen_merged_slice.i_multifmt_slice/gen_num_lanes[0].active_lane.lane_instance.i_fpnew_fma_multi/register_write_behavioral[31].mem[31][31]_i_595/I2
    SLICE_X107Y46        LUT3 (Prop_lut3_I2_O)        0.043    13.349 r  vproc/fpu_ss_i/i_fpnew_bulk/gen_operation_groups[0].i_opgroup_block/gen_merged_slice.i_multifmt_slice/gen_num_lanes[0].active_lane.lane_instance.i_fpnew_fma_multi/register_write_behavioral[31].mem[31][31]_i_595/O
                         net (fo=7, routed)           0.323    13.672    vproc/fpu_ss_i/i_fpnew_bulk/gen_operation_groups[0].i_opgroup_block/gen_merged_slice.i_multifmt_slice/gen_num_lanes[0].active_lane.lane_instance.i_fpnew_fma_multi/register_write_behavioral[31].mem[31][31]_i_595_n_0
    SLICE_X108Y46                                                     r  vproc/fpu_ss_i/i_fpnew_bulk/gen_operation_groups[0].i_opgroup_block/gen_merged_slice.i_multifmt_slice/gen_num_lanes[0].active_lane.lane_instance.i_fpnew_fma_multi/register_write_behavioral[31].mem[31][31]_i_547/I2
    SLICE_X108Y46        LUT4 (Prop_lut4_I2_O)        0.043    13.715 r  vproc/fpu_ss_i/i_fpnew_bulk/gen_operation_groups[0].i_opgroup_block/gen_merged_slice.i_multifmt_slice/gen_num_lanes[0].active_lane.lane_instance.i_fpnew_fma_multi/register_write_behavioral[31].mem[31][31]_i_547/O
                         net (fo=4, routed)           0.117    13.831    vproc/fpu_ss_i/i_fpnew_bulk/gen_operation_groups[0].i_opgroup_block/gen_merged_slice.i_multifmt_slice/gen_num_lanes[0].active_lane.lane_instance.i_fpnew_fma_multi/register_write_behavioral[31].mem[31][31]_i_547_n_0
    SLICE_X108Y46                                                     r  vproc/fpu_ss_i/i_fpnew_bulk/gen_operation_groups[0].i_opgroup_block/gen_merged_slice.i_multifmt_slice/gen_num_lanes[0].active_lane.lane_instance.i_fpnew_fma_multi/register_write_behavioral[31].mem[31][31]_i_481/I1
    SLICE_X108Y46        LUT3 (Prop_lut3_I1_O)        0.043    13.874 r  vproc/fpu_ss_i/i_fpnew_bulk/gen_operation_groups[0].i_opgroup_block/gen_merged_slice.i_multifmt_slice/gen_num_lanes[0].active_lane.lane_instance.i_fpnew_fma_multi/register_write_behavioral[31].mem[31][31]_i_481/O
                         net (fo=5, routed)           0.484    14.359    vproc/fpu_ss_i/i_fpnew_bulk/gen_operation_groups[0].i_opgroup_block/gen_merged_slice.i_multifmt_slice/gen_num_lanes[0].active_lane.lane_instance.i_fpnew_fma_multi/register_write_behavioral[31].mem[31][31]_i_481_n_0
    SLICE_X108Y41                                                     r  vproc/fpu_ss_i/i_fpnew_bulk/gen_operation_groups[0].i_opgroup_block/gen_merged_slice.i_multifmt_slice/gen_num_lanes[0].active_lane.lane_instance.i_fpnew_fma_multi/register_write_behavioral[31].mem[31][31]_i_360/I2
    SLICE_X108Y41        LUT3 (Prop_lut3_I2_O)        0.043    14.402 r  vproc/fpu_ss_i/i_fpnew_bulk/gen_operation_groups[0].i_opgroup_block/gen_merged_slice.i_multifmt_slice/gen_num_lanes[0].active_lane.lane_instance.i_fpnew_fma_multi/register_write_behavioral[31].mem[31][31]_i_360/O
                         net (fo=1, routed)           0.316    14.718    vproc/fpu_ss_i/i_fpnew_bulk/gen_operation_groups[0].i_opgroup_block/gen_merged_slice.i_multifmt_slice/gen_num_lanes[0].active_lane.lane_instance.i_fpnew_fma_multi/register_write_behavioral[31].mem[31][31]_i_360_n_0
    SLICE_X109Y41                                                     r  vproc/fpu_ss_i/i_fpnew_bulk/gen_operation_groups[0].i_opgroup_block/gen_merged_slice.i_multifmt_slice/gen_num_lanes[0].active_lane.lane_instance.i_fpnew_fma_multi/register_write_behavioral[31].mem[31][31]_i_236/I1
    SLICE_X109Y41        LUT6 (Prop_lut6_I1_O)        0.043    14.761 f  vproc/fpu_ss_i/i_fpnew_bulk/gen_operation_groups[0].i_opgroup_block/gen_merged_slice.i_multifmt_slice/gen_num_lanes[0].active_lane.lane_instance.i_fpnew_fma_multi/register_write_behavioral[31].mem[31][31]_i_236/O
                         net (fo=2, routed)           0.497    15.258    vproc/fpu_ss_i/i_fpnew_bulk/gen_operation_groups[0].i_opgroup_block/gen_merged_slice.i_multifmt_slice/gen_num_lanes[0].active_lane.lane_instance.i_fpnew_fma_multi/register_write_behavioral[31].mem[31][31]_i_236_n_0
    SLICE_X109Y32                                                     f  vproc/fpu_ss_i/i_fpnew_bulk/gen_operation_groups[0].i_opgroup_block/gen_merged_slice.i_multifmt_slice/gen_num_lanes[0].active_lane.lane_instance.i_fpnew_fma_multi/register_write_behavioral[31].mem[31][23]_i_396/I1
    SLICE_X109Y32        LUT2 (Prop_lut2_I1_O)        0.043    15.301 r  vproc/fpu_ss_i/i_fpnew_bulk/gen_operation_groups[0].i_opgroup_block/gen_merged_slice.i_multifmt_slice/gen_num_lanes[0].active_lane.lane_instance.i_fpnew_fma_multi/register_write_behavioral[31].mem[31][23]_i_396/O
                         net (fo=2, routed)           0.311    15.612    vproc/fpu_ss_i/i_fpnew_bulk/gen_operation_groups[0].i_opgroup_block/gen_merged_slice.i_multifmt_slice/gen_num_lanes[0].active_lane.lane_instance.i_fpnew_fma_multi/inject_carry_in
    SLICE_X111Y31                                                     r  vproc/fpu_ss_i/i_fpnew_bulk/gen_operation_groups[0].i_opgroup_block/gen_merged_slice.i_multifmt_slice/gen_num_lanes[0].active_lane.lane_instance.i_fpnew_fma_multi/register_write_behavioral[31].mem_reg[31][23]_i_214/DI[0]
    SLICE_X111Y31        CARRY4 (Prop_carry4_DI[0]_CO[3])
                                                      0.269    15.881 r  vproc/fpu_ss_i/i_fpnew_bulk/gen_operation_groups[0].i_opgroup_block/gen_merged_slice.i_multifmt_slice/gen_num_lanes[0].active_lane.lane_instance.i_fpnew_fma_multi/register_write_behavioral[31].mem_reg[31][23]_i_214/CO[3]
                         net (fo=1, routed)           0.000    15.881    vproc/fpu_ss_i/i_fpnew_bulk/gen_operation_groups[0].i_opgroup_block/gen_merged_slice.i_multifmt_slice/gen_num_lanes[0].active_lane.lane_instance.i_fpnew_fma_multi/register_write_behavioral[31].mem_reg[31][23]_i_214_n_0
    SLICE_X111Y32                                                     r  vproc/fpu_ss_i/i_fpnew_bulk/gen_operation_groups[0].i_opgroup_block/gen_merged_slice.i_multifmt_slice/gen_num_lanes[0].active_lane.lane_instance.i_fpnew_fma_multi/register_write_behavioral[31].mem_reg[31][23]_i_393/CI
    SLICE_X111Y32        CARRY4 (Prop_carry4_CI_CO[3])
                                                      0.053    15.934 r  vproc/fpu_ss_i/i_fpnew_bulk/gen_operation_groups[0].i_opgroup_block/gen_merged_slice.i_multifmt_slice/gen_num_lanes[0].active_lane.lane_instance.i_fpnew_fma_multi/register_write_behavioral[31].mem_reg[31][23]_i_393/CO[3]
                         net (fo=1, routed)           0.000    15.934    vproc/fpu_ss_i/i_fpnew_bulk/gen_operation_groups[0].i_opgroup_block/gen_merged_slice.i_multifmt_slice/gen_num_lanes[0].active_lane.lane_instance.i_fpnew_fma_multi/register_write_behavioral[31].mem_reg[31][23]_i_393_n_0
    SLICE_X111Y33                                                     r  vproc/fpu_ss_i/i_fpnew_bulk/gen_operation_groups[0].i_opgroup_block/gen_merged_slice.i_multifmt_slice/gen_num_lanes[0].active_lane.lane_instance.i_fpnew_fma_multi/register_write_behavioral[31].mem_reg[31][23]_i_391/CI
    SLICE_X111Y33        CARRY4 (Prop_carry4_CI_CO[3])
                                                      0.053    15.987 r  vproc/fpu_ss_i/i_fpnew_bulk/gen_operation_groups[0].i_opgroup_block/gen_merged_slice.i_multifmt_slice/gen_num_lanes[0].active_lane.lane_instance.i_fpnew_fma_multi/register_write_behavioral[31].mem_reg[31][23]_i_391/CO[3]
                         net (fo=1, routed)           0.000    15.987    vproc/fpu_ss_i/i_fpnew_bulk/gen_operation_groups[0].i_opgroup_block/gen_merged_slice.i_multifmt_slice/gen_num_lanes[0].active_lane.lane_instance.i_fpnew_fma_multi/register_write_behavioral[31].mem_reg[31][23]_i_391_n_0
    SLICE_X111Y34                                                     r  vproc/fpu_ss_i/i_fpnew_bulk/gen_operation_groups[0].i_opgroup_block/gen_merged_slice.i_multifmt_slice/gen_num_lanes[0].active_lane.lane_instance.i_fpnew_fma_multi/register_write_behavioral[31].mem_reg[31][23]_i_432/CI
    SLICE_X111Y34        CARRY4 (Prop_carry4_CI_CO[3])
                                                      0.053    16.040 r  vproc/fpu_ss_i/i_fpnew_bulk/gen_operation_groups[0].i_opgroup_block/gen_merged_slice.i_multifmt_slice/gen_num_lanes[0].active_lane.lane_instance.i_fpnew_fma_multi/register_write_behavioral[31].mem_reg[31][23]_i_432/CO[3]
                         net (fo=1, routed)           0.000    16.040    vproc/fpu_ss_i/i_fpnew_bulk/gen_operation_groups[0].i_opgroup_block/gen_merged_slice.i_multifmt_slice/gen_num_lanes[0].active_lane.lane_instance.i_fpnew_fma_multi/register_write_behavioral[31].mem_reg[31][23]_i_432_n_0
    SLICE_X111Y35                                                     r  vproc/fpu_ss_i/i_fpnew_bulk/gen_operation_groups[0].i_opgroup_block/gen_merged_slice.i_multifmt_slice/gen_num_lanes[0].active_lane.lane_instance.i_fpnew_fma_multi/register_write_behavioral[31].mem_reg[31][23]_i_427/CI
    SLICE_X111Y35        CARRY4 (Prop_carry4_CI_CO[3])
                                                      0.053    16.093 r  vproc/fpu_ss_i/i_fpnew_bulk/gen_operation_groups[0].i_opgroup_block/gen_merged_slice.i_multifmt_slice/gen_num_lanes[0].active_lane.lane_instance.i_fpnew_fma_multi/register_write_behavioral[31].mem_reg[31][23]_i_427/CO[3]
                         net (fo=1, routed)           0.000    16.093    vproc/fpu_ss_i/i_fpnew_bulk/gen_operation_groups[0].i_opgroup_block/gen_merged_slice.i_multifmt_slice/gen_num_lanes[0].active_lane.lane_instance.i_fpnew_fma_multi/register_write_behavioral[31].mem_reg[31][23]_i_427_n_0
    SLICE_X111Y36                                                     r  vproc/fpu_ss_i/i_fpnew_bulk/gen_operation_groups[0].i_opgroup_block/gen_merged_slice.i_multifmt_slice/gen_num_lanes[0].active_lane.lane_instance.i_fpnew_fma_multi/register_write_behavioral[31].mem_reg[31][23]_i_434/CI
    SLICE_X111Y36        CARRY4 (Prop_carry4_CI_CO[3])
                                                      0.053    16.146 r  vproc/fpu_ss_i/i_fpnew_bulk/gen_operation_groups[0].i_opgroup_block/gen_merged_slice.i_multifmt_slice/gen_num_lanes[0].active_lane.lane_instance.i_fpnew_fma_multi/register_write_behavioral[31].mem_reg[31][23]_i_434/CO[3]
                         net (fo=1, routed)           0.000    16.146    vproc/fpu_ss_i/i_fpnew_bulk/gen_operation_groups[0].i_opgroup_block/gen_merged_slice.i_multifmt_slice/gen_num_lanes[0].active_lane.lane_instance.i_fpnew_fma_multi/register_write_behavioral[31].mem_reg[31][23]_i_434_n_0
    SLICE_X111Y37                                                     r  vproc/fpu_ss_i/i_fpnew_bulk/gen_operation_groups[0].i_opgroup_block/gen_merged_slice.i_multifmt_slice/gen_num_lanes[0].active_lane.lane_instance.i_fpnew_fma_multi/register_write_behavioral[31].mem_reg[31][23]_i_414/CI
    SLICE_X111Y37        CARRY4 (Prop_carry4_CI_CO[3])
                                                      0.053    16.199 r  vproc/fpu_ss_i/i_fpnew_bulk/gen_operation_groups[0].i_opgroup_block/gen_merged_slice.i_multifmt_slice/gen_num_lanes[0].active_lane.lane_instance.i_fpnew_fma_multi/register_write_behavioral[31].mem_reg[31][23]_i_414/CO[3]
                         net (fo=1, routed)           0.000    16.199    vproc/fpu_ss_i/i_fpnew_bulk/gen_operation_groups[0].i_opgroup_block/gen_merged_slice.i_multifmt_slice/gen_num_lanes[0].active_lane.lane_instance.i_fpnew_fma_multi/register_write_behavioral[31].mem_reg[31][23]_i_414_n_0
    SLICE_X111Y38                                                     r  vproc/fpu_ss_i/i_fpnew_bulk/gen_operation_groups[0].i_opgroup_block/gen_merged_slice.i_multifmt_slice/gen_num_lanes[0].active_lane.lane_instance.i_fpnew_fma_multi/register_write_behavioral[31].mem_reg[31][23]_i_429/CI
    SLICE_X111Y38        CARRY4 (Prop_carry4_CI_CO[3])
                                                      0.053    16.252 r  vproc/fpu_ss_i/i_fpnew_bulk/gen_operation_groups[0].i_opgroup_block/gen_merged_slice.i_multifmt_slice/gen_num_lanes[0].active_lane.lane_instance.i_fpnew_fma_multi/register_write_behavioral[31].mem_reg[31][23]_i_429/CO[3]
                         net (fo=1, routed)           0.000    16.252    vproc/fpu_ss_i/i_fpnew_bulk/gen_operation_groups[0].i_opgroup_block/gen_merged_slice.i_multifmt_slice/gen_num_lanes[0].active_lane.lane_instance.i_fpnew_fma_multi/register_write_behavioral[31].mem_reg[31][23]_i_429_n_0
    SLICE_X111Y39                                                     r  vproc/fpu_ss_i/i_fpnew_bulk/gen_operation_groups[0].i_opgroup_block/gen_merged_slice.i_multifmt_slice/gen_num_lanes[0].active_lane.lane_instance.i_fpnew_fma_multi/register_write_behavioral[31].mem_reg[31][23]_i_422/CI
    SLICE_X111Y39        CARRY4 (Prop_carry4_CI_CO[3])
                                                      0.053    16.305 r  vproc/fpu_ss_i/i_fpnew_bulk/gen_operation_groups[0].i_opgroup_block/gen_merged_slice.i_multifmt_slice/gen_num_lanes[0].active_lane.lane_instance.i_fpnew_fma_multi/register_write_behavioral[31].mem_reg[31][23]_i_422/CO[3]
                         net (fo=1, routed)           0.000    16.305    vproc/fpu_ss_i/i_fpnew_bulk/gen_operation_groups[0].i_opgroup_block/gen_merged_slice.i_multifmt_slice/gen_num_lanes[0].active_lane.lane_instance.i_fpnew_fma_multi/register_write_behavioral[31].mem_reg[31][23]_i_422_n_0
    SLICE_X111Y40                                                     r  vproc/fpu_ss_i/i_fpnew_bulk/gen_operation_groups[0].i_opgroup_block/gen_merged_slice.i_multifmt_slice/gen_num_lanes[0].active_lane.lane_instance.i_fpnew_fma_multi/register_write_behavioral[31].mem_reg[31][23]_i_421/CI
    SLICE_X111Y40        CARRY4 (Prop_carry4_CI_CO[3])
                                                      0.053    16.358 r  vproc/fpu_ss_i/i_fpnew_bulk/gen_operation_groups[0].i_opgroup_block/gen_merged_slice.i_multifmt_slice/gen_num_lanes[0].active_lane.lane_instance.i_fpnew_fma_multi/register_write_behavioral[31].mem_reg[31][23]_i_421/CO[3]
                         net (fo=1, routed)           0.000    16.358    vproc/fpu_ss_i/i_fpnew_bulk/gen_operation_groups[0].i_opgroup_block/gen_merged_slice.i_multifmt_slice/gen_num_lanes[0].active_lane.lane_instance.i_fpnew_fma_multi/register_write_behavioral[31].mem_reg[31][23]_i_421_n_0
    SLICE_X111Y41                                                     r  vproc/fpu_ss_i/i_fpnew_bulk/gen_operation_groups[0].i_opgroup_block/gen_merged_slice.i_multifmt_slice/gen_num_lanes[0].active_lane.lane_instance.i_fpnew_fma_multi/register_write_behavioral[31].mem_reg[31][23]_i_418/CI
    SLICE_X111Y41        CARRY4 (Prop_carry4_CI_CO[3])
                                                      0.053    16.411 r  vproc/fpu_ss_i/i_fpnew_bulk/gen_operation_groups[0].i_opgroup_block/gen_merged_slice.i_multifmt_slice/gen_num_lanes[0].active_lane.lane_instance.i_fpnew_fma_multi/register_write_behavioral[31].mem_reg[31][23]_i_418/CO[3]
                         net (fo=1, routed)           0.000    16.411    vproc/fpu_ss_i/i_fpnew_bulk/gen_operation_groups[0].i_opgroup_block/gen_merged_slice.i_multifmt_slice/gen_num_lanes[0].active_lane.lane_instance.i_fpnew_fma_multi/register_write_behavioral[31].mem_reg[31][23]_i_418_n_0
    SLICE_X111Y42                                                     r  vproc/fpu_ss_i/i_fpnew_bulk/gen_operation_groups[0].i_opgroup_block/gen_merged_slice.i_multifmt_slice/gen_num_lanes[0].active_lane.lane_instance.i_fpnew_fma_multi/register_write_behavioral[31].mem_reg[31][23]_i_437/CI
    SLICE_X111Y42        CARRY4 (Prop_carry4_CI_CO[3])
                                                      0.053    16.464 r  vproc/fpu_ss_i/i_fpnew_bulk/gen_operation_groups[0].i_opgroup_block/gen_merged_slice.i_multifmt_slice/gen_num_lanes[0].active_lane.lane_instance.i_fpnew_fma_multi/register_write_behavioral[31].mem_reg[31][23]_i_437/CO[3]
                         net (fo=1, routed)           0.000    16.464    vproc/fpu_ss_i/i_fpnew_bulk/gen_operation_groups[0].i_opgroup_block/gen_merged_slice.i_multifmt_slice/gen_num_lanes[0].active_lane.lane_instance.i_fpnew_fma_multi/register_write_behavioral[31].mem_reg[31][23]_i_437_n_0
    SLICE_X111Y43                                                     r  vproc/fpu_ss_i/i_fpnew_bulk/gen_operation_groups[0].i_opgroup_block/gen_merged_slice.i_multifmt_slice/gen_num_lanes[0].active_lane.lane_instance.i_fpnew_fma_multi/register_write_behavioral[31].mem_reg[31][23]_i_439/CI
    SLICE_X111Y43        CARRY4 (Prop_carry4_CI_CO[3])
                                                      0.053    16.517 r  vproc/fpu_ss_i/i_fpnew_bulk/gen_operation_groups[0].i_opgroup_block/gen_merged_slice.i_multifmt_slice/gen_num_lanes[0].active_lane.lane_instance.i_fpnew_fma_multi/register_write_behavioral[31].mem_reg[31][23]_i_439/CO[3]
                         net (fo=1, routed)           0.000    16.517    vproc/fpu_ss_i/i_fpnew_bulk/gen_operation_groups[0].i_opgroup_block/gen_merged_slice.i_multifmt_slice/gen_num_lanes[0].active_lane.lane_instance.i_fpnew_fma_multi/register_write_behavioral[31].mem_reg[31][23]_i_439_n_0
    SLICE_X111Y44                                                     r  vproc/fpu_ss_i/i_fpnew_bulk/gen_operation_groups[0].i_opgroup_block/gen_merged_slice.i_multifmt_slice/gen_num_lanes[0].active_lane.lane_instance.i_fpnew_fma_multi/register_write_behavioral[31].mem_reg[31][23]_i_441/CI
    SLICE_X111Y44        CARRY4 (Prop_carry4_CI_CO[3])
                                                      0.053    16.570 r  vproc/fpu_ss_i/i_fpnew_bulk/gen_operation_groups[0].i_opgroup_block/gen_merged_slice.i_multifmt_slice/gen_num_lanes[0].active_lane.lane_instance.i_fpnew_fma_multi/register_write_behavioral[31].mem_reg[31][23]_i_441/CO[3]
                         net (fo=1, routed)           0.000    16.570    vproc/fpu_ss_i/i_fpnew_bulk/gen_operation_groups[0].i_opgroup_block/gen_merged_slice.i_multifmt_slice/gen_num_lanes[0].active_lane.lane_instance.i_fpnew_fma_multi/register_write_behavioral[31].mem_reg[31][23]_i_441_n_0
    SLICE_X111Y45                                                     r  vproc/fpu_ss_i/i_fpnew_bulk/gen_operation_groups[0].i_opgroup_block/gen_merged_slice.i_multifmt_slice/gen_num_lanes[0].active_lane.lane_instance.i_fpnew_fma_multi/register_write_behavioral[31].mem_reg[31][23]_i_443/CI
    SLICE_X111Y45        CARRY4 (Prop_carry4_CI_CO[3])
                                                      0.053    16.623 r  vproc/fpu_ss_i/i_fpnew_bulk/gen_operation_groups[0].i_opgroup_block/gen_merged_slice.i_multifmt_slice/gen_num_lanes[0].active_lane.lane_instance.i_fpnew_fma_multi/register_write_behavioral[31].mem_reg[31][23]_i_443/CO[3]
                         net (fo=1, routed)           0.000    16.623    vproc/fpu_ss_i/i_fpnew_bulk/gen_operation_groups[0].i_opgroup_block/gen_merged_slice.i_multifmt_slice/gen_num_lanes[0].active_lane.lane_instance.i_fpnew_fma_multi/register_write_behavioral[31].mem_reg[31][23]_i_443_n_0
    SLICE_X111Y46                                                     r  vproc/fpu_ss_i/i_fpnew_bulk/gen_operation_groups[0].i_opgroup_block/gen_merged_slice.i_multifmt_slice/gen_num_lanes[0].active_lane.lane_instance.i_fpnew_fma_multi/register_write_behavioral[31].mem_reg[31][31]_i_391/CI
    SLICE_X111Y46        CARRY4 (Prop_carry4_CI_CO[3])
                                                      0.053    16.676 r  vproc/fpu_ss_i/i_fpnew_bulk/gen_operation_groups[0].i_opgroup_block/gen_merged_slice.i_multifmt_slice/gen_num_lanes[0].active_lane.lane_instance.i_fpnew_fma_multi/register_write_behavioral[31].mem_reg[31][31]_i_391/CO[3]
                         net (fo=1, routed)           0.000    16.676    vproc/fpu_ss_i/i_fpnew_bulk/gen_operation_groups[0].i_opgroup_block/gen_merged_slice.i_multifmt_slice/gen_num_lanes[0].active_lane.lane_instance.i_fpnew_fma_multi/register_write_behavioral[31].mem_reg[31][31]_i_391_n_0
    SLICE_X111Y47                                                     r  vproc/fpu_ss_i/i_fpnew_bulk/gen_operation_groups[0].i_opgroup_block/gen_merged_slice.i_multifmt_slice/gen_num_lanes[0].active_lane.lane_instance.i_fpnew_fma_multi/register_write_behavioral[31].mem_reg[31][31]_i_260/CI
    SLICE_X111Y47        CARRY4 (Prop_carry4_CI_CO[3])
                                                      0.053    16.729 r  vproc/fpu_ss_i/i_fpnew_bulk/gen_operation_groups[0].i_opgroup_block/gen_merged_slice.i_multifmt_slice/gen_num_lanes[0].active_lane.lane_instance.i_fpnew_fma_multi/register_write_behavioral[31].mem_reg[31][31]_i_260/CO[3]
                         net (fo=1, routed)           0.000    16.729    vproc/fpu_ss_i/i_fpnew_bulk/gen_operation_groups[0].i_opgroup_block/gen_merged_slice.i_multifmt_slice/gen_num_lanes[0].active_lane.lane_instance.i_fpnew_fma_multi/register_write_behavioral[31].mem_reg[31][31]_i_260_n_0
    SLICE_X111Y48                                                     r  vproc/fpu_ss_i/i_fpnew_bulk/gen_operation_groups[0].i_opgroup_block/gen_merged_slice.i_multifmt_slice/gen_num_lanes[0].active_lane.lane_instance.i_fpnew_fma_multi/register_write_behavioral[31].mem_reg[31][31]_i_188/CI
    SLICE_X111Y48        CARRY4 (Prop_carry4_CI_CO[3])
                                                      0.053    16.782 r  vproc/fpu_ss_i/i_fpnew_bulk/gen_operation_groups[0].i_opgroup_block/gen_merged_slice.i_multifmt_slice/gen_num_lanes[0].active_lane.lane_instance.i_fpnew_fma_multi/register_write_behavioral[31].mem_reg[31][31]_i_188/CO[3]
                         net (fo=1, routed)           0.000    16.782    vproc/fpu_ss_i/i_fpnew_bulk/gen_operation_groups[0].i_opgroup_block/gen_merged_slice.i_multifmt_slice/gen_num_lanes[0].active_lane.lane_instance.i_fpnew_fma_multi/register_write_behavioral[31].mem_reg[31][31]_i_188_n_0
    SLICE_X111Y49                                                     r  vproc/fpu_ss_i/i_fpnew_bulk/gen_operation_groups[0].i_opgroup_block/gen_merged_slice.i_multifmt_slice/gen_num_lanes[0].active_lane.lane_instance.i_fpnew_fma_multi/register_write_behavioral[31].mem_reg[31][31]_i_142/CI
    SLICE_X111Y49        CARRY4 (Prop_carry4_CI_CO[3])
                                                      0.053    16.835 r  vproc/fpu_ss_i/i_fpnew_bulk/gen_operation_groups[0].i_opgroup_block/gen_merged_slice.i_multifmt_slice/gen_num_lanes[0].active_lane.lane_instance.i_fpnew_fma_multi/register_write_behavioral[31].mem_reg[31][31]_i_142/CO[3]
                         net (fo=1, routed)           0.001    16.836    vproc/fpu_ss_i/i_fpnew_bulk/gen_operation_groups[0].i_opgroup_block/gen_merged_slice.i_multifmt_slice/gen_num_lanes[0].active_lane.lane_instance.i_fpnew_fma_multi/register_write_behavioral[31].mem_reg[31][31]_i_142_n_0
    SLICE_X111Y50                                                     r  vproc/fpu_ss_i/i_fpnew_bulk/gen_operation_groups[0].i_opgroup_block/gen_merged_slice.i_multifmt_slice/gen_num_lanes[0].active_lane.lane_instance.i_fpnew_fma_multi/register_write_behavioral[31].mem_reg[31][31]_i_93/CI
    SLICE_X111Y50        CARRY4 (Prop_carry4_CI_CO[0])
                                                      0.139    16.975 r  vproc/fpu_ss_i/i_fpnew_bulk/gen_operation_groups[0].i_opgroup_block/gen_merged_slice.i_multifmt_slice/gen_num_lanes[0].active_lane.lane_instance.i_fpnew_fma_multi/register_write_behavioral[31].mem_reg[31][31]_i_93/CO[0]
                         net (fo=2, routed)           0.456    17.431    vproc/fpu_ss_i/i_fpnew_bulk/gen_operation_groups[0].i_opgroup_block/gen_merged_slice.i_multifmt_slice/gen_num_lanes[0].active_lane.lane_instance.i_fpnew_fma_multi/sum_carry
    SLICE_X112Y43                                                     r  vproc/fpu_ss_i/i_fpnew_bulk/gen_operation_groups[0].i_opgroup_block/gen_merged_slice.i_multifmt_slice/gen_num_lanes[0].active_lane.lane_instance.i_fpnew_fma_multi/register_write_behavioral[31].mem[31][23]_i_216/I0
    SLICE_X112Y43        LUT3 (Prop_lut3_I0_O)        0.131    17.562 r  vproc/fpu_ss_i/i_fpnew_bulk/gen_operation_groups[0].i_opgroup_block/gen_merged_slice.i_multifmt_slice/gen_num_lanes[0].active_lane.lane_instance.i_fpnew_fma_multi/register_write_behavioral[31].mem[31][23]_i_216/O
                         net (fo=121, routed)         0.635    18.198    vproc/fpu_ss_i/i_fpnew_bulk/gen_operation_groups[0].i_opgroup_block/gen_merged_slice.i_multifmt_slice/gen_num_lanes[0].active_lane.lane_instance.i_fpnew_fma_multi/register_write_behavioral[31].mem[31][23]_i_216_n_0
    SLICE_X113Y35                                                     r  vproc/fpu_ss_i/i_fpnew_bulk/gen_operation_groups[0].i_opgroup_block/gen_merged_slice.i_multifmt_slice/gen_num_lanes[0].active_lane.lane_instance.i_fpnew_fma_multi/register_write_behavioral[31].mem[31][23]_i_378/I3
    SLICE_X113Y35        LUT5 (Prop_lut5_I3_O)        0.043    18.241 f  vproc/fpu_ss_i/i_fpnew_bulk/gen_operation_groups[0].i_opgroup_block/gen_merged_slice.i_multifmt_slice/gen_num_lanes[0].active_lane.lane_instance.i_fpnew_fma_multi/register_write_behavioral[31].mem[31][23]_i_378/O
                         net (fo=2, routed)           0.451    18.692    vproc/fpu_ss_i/i_fpnew_bulk/gen_operation_groups[0].i_opgroup_block/gen_merged_slice.i_multifmt_slice/gen_num_lanes[0].active_lane.lane_instance.i_fpnew_fma_multi/register_write_behavioral[31].mem[31][23]_i_378_n_0
    SLICE_X114Y35                                                     f  vproc/fpu_ss_i/i_fpnew_bulk/gen_operation_groups[0].i_opgroup_block/gen_merged_slice.i_multifmt_slice/gen_num_lanes[0].active_lane.lane_instance.i_fpnew_fma_multi/register_write_behavioral[31].mem[31][31]_i_464/I0
    SLICE_X114Y35        LUT6 (Prop_lut6_I0_O)        0.043    18.735 f  vproc/fpu_ss_i/i_fpnew_bulk/gen_operation_groups[0].i_opgroup_block/gen_merged_slice.i_multifmt_slice/gen_num_lanes[0].active_lane.lane_instance.i_fpnew_fma_multi/register_write_behavioral[31].mem[31][31]_i_464/O
                         net (fo=4, routed)           0.268    19.003    vproc/fpu_ss_i/i_fpnew_bulk/gen_operation_groups[0].i_opgroup_block/gen_merged_slice.i_multifmt_slice/gen_num_lanes[0].active_lane.lane_instance.i_fpnew_fma_multi/i_lzc/p_23_in
    SLICE_X114Y35                                                     f  vproc/fpu_ss_i/i_fpnew_bulk/gen_operation_groups[0].i_opgroup_block/gen_merged_slice.i_multifmt_slice/gen_num_lanes[0].active_lane.lane_instance.i_fpnew_fma_multi/register_write_behavioral[31].mem[31][23]_i_209/I1
    SLICE_X114Y35        LUT6 (Prop_lut6_I1_O)        0.043    19.046 f  vproc/fpu_ss_i/i_fpnew_bulk/gen_operation_groups[0].i_opgroup_block/gen_merged_slice.i_multifmt_slice/gen_num_lanes[0].active_lane.lane_instance.i_fpnew_fma_multi/register_write_behavioral[31].mem[31][23]_i_209/O
                         net (fo=5, routed)           0.386    19.432    vproc/fpu_ss_i/i_fpnew_bulk/gen_operation_groups[0].i_opgroup_block/gen_merged_slice.i_multifmt_slice/gen_num_lanes[0].active_lane.lane_instance.i_fpnew_fma_multi/i_lzc/p_28_in
    SLICE_X115Y37                                                     f  vproc/fpu_ss_i/i_fpnew_bulk/gen_operation_groups[0].i_opgroup_block/gen_merged_slice.i_multifmt_slice/gen_num_lanes[0].active_lane.lane_instance.i_fpnew_fma_multi/register_write_behavioral[31].mem[31][23]_i_103/I0
    SLICE_X115Y37        LUT5 (Prop_lut5_I0_O)        0.043    19.475 f  vproc/fpu_ss_i/i_fpnew_bulk/gen_operation_groups[0].i_opgroup_block/gen_merged_slice.i_multifmt_slice/gen_num_lanes[0].active_lane.lane_instance.i_fpnew_fma_multi/register_write_behavioral[31].mem[31][23]_i_103/O
                         net (fo=10, routed)          0.484    19.960    vproc/fpu_ss_i/i_fpnew_bulk/gen_operation_groups[0].i_opgroup_block/gen_merged_slice.i_multifmt_slice/gen_num_lanes[0].active_lane.lane_instance.i_fpnew_fma_multi/i_lzc/gen_lzc.sel_nodes_5
    SLICE_X115Y38                                                     f  vproc/fpu_ss_i/i_fpnew_bulk/gen_operation_groups[0].i_opgroup_block/gen_merged_slice.i_multifmt_slice/gen_num_lanes[0].active_lane.lane_instance.i_fpnew_fma_multi/register_write_behavioral[31].mem[31][31]_i_347/I3
    SLICE_X115Y38        LUT4 (Prop_lut4_I3_O)        0.043    20.003 r  vproc/fpu_ss_i/i_fpnew_bulk/gen_operation_groups[0].i_opgroup_block/gen_merged_slice.i_multifmt_slice/gen_num_lanes[0].active_lane.lane_instance.i_fpnew_fma_multi/register_write_behavioral[31].mem[31][31]_i_347/O
                         net (fo=10, routed)          0.378    20.380    vproc/fpu_ss_i/i_fpnew_bulk/gen_operation_groups[0].i_opgroup_block/gen_merged_slice.i_multifmt_slice/gen_num_lanes[0].active_lane.lane_instance.i_fpnew_fma_multi/leading_zero_count[4]
    SLICE_X114Y38                                                     r  vproc/fpu_ss_i/i_fpnew_bulk/gen_operation_groups[0].i_opgroup_block/gen_merged_slice.i_multifmt_slice/gen_num_lanes[0].active_lane.lane_instance.i_fpnew_fma_multi/register_write_behavioral[31].mem[31][23]_i_390/I3
    SLICE_X114Y38        LUT4 (Prop_lut4_I3_O)        0.043    20.423 r  vproc/fpu_ss_i/i_fpnew_bulk/gen_operation_groups[0].i_opgroup_block/gen_merged_slice.i_multifmt_slice/gen_num_lanes[0].active_lane.lane_instance.i_fpnew_fma_multi/register_write_behavioral[31].mem[31][23]_i_390/O
                         net (fo=1, routed)           0.000    20.423    vproc/fpu_ss_i/i_fpnew_bulk/gen_operation_groups[0].i_opgroup_block/gen_merged_slice.i_multifmt_slice/gen_num_lanes[0].active_lane.lane_instance.i_fpnew_fma_multi/register_write_behavioral[31].mem[31][23]_i_390_n_0
    SLICE_X114Y38                                                     r  vproc/fpu_ss_i/i_fpnew_bulk/gen_operation_groups[0].i_opgroup_block/gen_merged_slice.i_multifmt_slice/gen_num_lanes[0].active_lane.lane_instance.i_fpnew_fma_multi/register_write_behavioral[31].mem_reg[31][23]_i_204/S[0]
    SLICE_X114Y38        CARRY4 (Prop_carry4_S[0]_CO[3])
                                                      0.246    20.669 r  vproc/fpu_ss_i/i_fpnew_bulk/gen_operation_groups[0].i_opgroup_block/gen_merged_slice.i_multifmt_slice/gen_num_lanes[0].active_lane.lane_instance.i_fpnew_fma_multi/register_write_behavioral[31].mem_reg[31][23]_i_204/CO[3]
                         net (fo=1, routed)           0.000    20.669    vproc/fpu_ss_i/i_fpnew_bulk/gen_operation_groups[0].i_opgroup_block/gen_merged_slice.i_multifmt_slice/gen_num_lanes[0].active_lane.lane_instance.i_fpnew_fma_multi/register_write_behavioral[31].mem_reg[31][23]_i_204_n_0
    SLICE_X114Y39                                                     r  vproc/fpu_ss_i/i_fpnew_bulk/gen_operation_groups[0].i_opgroup_block/gen_merged_slice.i_multifmt_slice/gen_num_lanes[0].active_lane.lane_instance.i_fpnew_fma_multi/register_write_behavioral[31].mem_reg[31][23]_i_102/CI
    SLICE_X114Y39        CARRY4 (Prop_carry4_CI_CO[1])
                                                      0.076    20.745 r  vproc/fpu_ss_i/i_fpnew_bulk/gen_operation_groups[0].i_opgroup_block/gen_merged_slice.i_multifmt_slice/gen_num_lanes[0].active_lane.lane_instance.i_fpnew_fma_multi/register_write_behavioral[31].mem_reg[31][23]_i_102/CO[1]
                         net (fo=2, routed)           0.196    20.942    vproc/fpu_ss_i/i_fpnew_bulk/gen_operation_groups[0].i_opgroup_block/gen_merged_slice.i_multifmt_slice/gen_num_lanes[0].active_lane.lane_instance.i_fpnew_fma_multi/register_write_behavioral[31].mem_reg[31][23]_i_102_n_2
    SLICE_X117Y39                                                     r  vproc/fpu_ss_i/i_fpnew_bulk/gen_operation_groups[0].i_opgroup_block/gen_merged_slice.i_multifmt_slice/gen_num_lanes[0].active_lane.lane_instance.i_fpnew_fma_multi/register_write_behavioral[31].mem[31][30]_i_411/I2
    SLICE_X117Y39        LUT6 (Prop_lut6_I2_O)        0.124    21.066 r  vproc/fpu_ss_i/i_fpnew_bulk/gen_operation_groups[0].i_opgroup_block/gen_merged_slice.i_multifmt_slice/gen_num_lanes[0].active_lane.lane_instance.i_fpnew_fma_multi/register_write_behavioral[31].mem[31][30]_i_411/O
                         net (fo=67, routed)          0.724    21.790    vproc/fpu_ss_i/i_fpnew_bulk/gen_operation_groups[0].i_opgroup_block/gen_merged_slice.i_multifmt_slice/gen_num_lanes[0].active_lane.lane_instance.i_fpnew_fma_multi/register_write_behavioral[31].mem[31][30]_i_411_n_0
    SLICE_X122Y38                                                     r  vproc/fpu_ss_i/i_fpnew_bulk/gen_operation_groups[0].i_opgroup_block/gen_merged_slice.i_multifmt_slice/gen_num_lanes[0].active_lane.lane_instance.i_fpnew_fma_multi/register_write_behavioral[31].mem[31][30]_i_338/I3
    SLICE_X122Y38        LUT5 (Prop_lut5_I3_O)        0.043    21.833 r  vproc/fpu_ss_i/i_fpnew_bulk/gen_operation_groups[0].i_opgroup_block/gen_merged_slice.i_multifmt_slice/gen_num_lanes[0].active_lane.lane_instance.i_fpnew_fma_multi/register_write_behavioral[31].mem[31][30]_i_338/O
                         net (fo=4, routed)           0.581    22.414    vproc/fpu_ss_i/i_fpnew_bulk/gen_operation_groups[0].i_opgroup_block/gen_merged_slice.i_multifmt_slice/gen_num_lanes[0].active_lane.lane_instance.i_fpnew_fma_multi/register_write_behavioral[31].mem[31][30]_i_338_n_0
    SLICE_X119Y38                                                     r  vproc/fpu_ss_i/i_fpnew_bulk/gen_operation_groups[0].i_opgroup_block/gen_merged_slice.i_multifmt_slice/gen_num_lanes[0].active_lane.lane_instance.i_fpnew_fma_multi/register_write_behavioral[31].mem[31][30]_i_202/I1
    SLICE_X119Y38        LUT6 (Prop_lut6_I1_O)        0.043    22.457 r  vproc/fpu_ss_i/i_fpnew_bulk/gen_operation_groups[0].i_opgroup_block/gen_merged_slice.i_multifmt_slice/gen_num_lanes[0].active_lane.lane_instance.i_fpnew_fma_multi/register_write_behavioral[31].mem[31][30]_i_202/O
                         net (fo=4, routed)           0.352    22.809    vproc/fpu_ss_i/i_fpnew_bulk/gen_operation_groups[0].i_opgroup_block/gen_merged_slice.i_multifmt_slice/gen_num_lanes[0].active_lane.lane_instance.i_fpnew_fma_multi/register_write_behavioral[31].mem[31][30]_i_202_n_0
    SLICE_X116Y37                                                     r  vproc/fpu_ss_i/i_fpnew_bulk/gen_operation_groups[0].i_opgroup_block/gen_merged_slice.i_multifmt_slice/gen_num_lanes[0].active_lane.lane_instance.i_fpnew_fma_multi/register_write_behavioral[31].mem[31][30]_i_129/I3
    SLICE_X116Y37        LUT6 (Prop_lut6_I3_O)        0.043    22.852 r  vproc/fpu_ss_i/i_fpnew_bulk/gen_operation_groups[0].i_opgroup_block/gen_merged_slice.i_multifmt_slice/gen_num_lanes[0].active_lane.lane_instance.i_fpnew_fma_multi/register_write_behavioral[31].mem[31][30]_i_129/O
                         net (fo=1, routed)           0.528    23.380    vproc/fpu_ss_i/i_fpnew_bulk/gen_operation_groups[0].i_opgroup_block/gen_merged_slice.i_multifmt_slice/gen_num_lanes[0].active_lane.lane_instance.i_fpnew_fma_multi/register_write_behavioral[31].mem[31][30]_i_129_n_0
    SLICE_X115Y35                                                     r  vproc/fpu_ss_i/i_fpnew_bulk/gen_operation_groups[0].i_opgroup_block/gen_merged_slice.i_multifmt_slice/gen_num_lanes[0].active_lane.lane_instance.i_fpnew_fma_multi/register_write_behavioral[31].mem[31][30]_i_81/I0
    SLICE_X115Y35        LUT6 (Prop_lut6_I0_O)        0.043    23.423 f  vproc/fpu_ss_i/i_fpnew_bulk/gen_operation_groups[0].i_opgroup_block/gen_merged_slice.i_multifmt_slice/gen_num_lanes[0].active_lane.lane_instance.i_fpnew_fma_multi/register_write_behavioral[31].mem[31][30]_i_81/O
                         net (fo=38, routed)          0.408    23.831    vproc/fpu_ss_i/i_fpnew_bulk/gen_operation_groups[0].i_opgroup_block/gen_merged_slice.i_multifmt_slice/gen_num_lanes[0].active_lane.lane_instance.i_fpnew_fma_multi/register_write_behavioral[31].mem[31][30]_i_81_n_0
    SLICE_X112Y34                                                     f  vproc/fpu_ss_i/i_fpnew_bulk/gen_operation_groups[0].i_opgroup_block/gen_merged_slice.i_multifmt_slice/gen_num_lanes[0].active_lane.lane_instance.i_fpnew_fma_multi/register_write_behavioral[31].mem[31][30]_i_413/I0
    SLICE_X112Y34        LUT4 (Prop_lut4_I0_O)        0.043    23.874 r  vproc/fpu_ss_i/i_fpnew_bulk/gen_operation_groups[0].i_opgroup_block/gen_merged_slice.i_multifmt_slice/gen_num_lanes[0].active_lane.lane_instance.i_fpnew_fma_multi/register_write_behavioral[31].mem[31][30]_i_413/O
                         net (fo=1, routed)           0.242    24.116    vproc/fpu_ss_i/i_fpnew_bulk/gen_operation_groups[0].i_opgroup_block/gen_merged_slice.i_multifmt_slice/gen_num_lanes[0].active_lane.lane_instance.i_fpnew_fma_multi/register_write_behavioral[31].mem[31][30]_i_413_n_0
    SLICE_X109Y34                                                     r  vproc/fpu_ss_i/i_fpnew_bulk/gen_operation_groups[0].i_opgroup_block/gen_merged_slice.i_multifmt_slice/gen_num_lanes[0].active_lane.lane_instance.i_fpnew_fma_multi/register_write_behavioral[31].mem[31][30]_i_368/I3
    SLICE_X109Y34        LUT5 (Prop_lut5_I3_O)        0.043    24.159 r  vproc/fpu_ss_i/i_fpnew_bulk/gen_operation_groups[0].i_opgroup_block/gen_merged_slice.i_multifmt_slice/gen_num_lanes[0].active_lane.lane_instance.i_fpnew_fma_multi/register_write_behavioral[31].mem[31][30]_i_368/O
                         net (fo=2, routed)           0.350    24.509    vproc/fpu_ss_i/i_fpnew_bulk/gen_operation_groups[0].i_opgroup_block/gen_merged_slice.i_multifmt_slice/gen_num_lanes[0].active_lane.lane_instance.i_fpnew_fma_multi/register_write_behavioral[31].mem[31][30]_i_368_n_0
    SLICE_X108Y33                                                     r  vproc/fpu_ss_i/i_fpnew_bulk/gen_operation_groups[0].i_opgroup_block/gen_merged_slice.i_multifmt_slice/gen_num_lanes[0].active_lane.lane_instance.i_fpnew_fma_multi/register_write_behavioral[31].mem[31][30]_i_239/I2
    SLICE_X108Y33        LUT4 (Prop_lut4_I2_O)        0.043    24.552 r  vproc/fpu_ss_i/i_fpnew_bulk/gen_operation_groups[0].i_opgroup_block/gen_merged_slice.i_multifmt_slice/gen_num_lanes[0].active_lane.lane_instance.i_fpnew_fma_multi/register_write_behavioral[31].mem[31][30]_i_239/O
                         net (fo=1, routed)           0.000    24.552    vproc/fpu_ss_i/i_fpnew_bulk/gen_operation_groups[0].i_opgroup_block/gen_merged_slice.i_multifmt_slice/gen_num_lanes[0].active_lane.lane_instance.i_fpnew_fma_multi/register_write_behavioral[31].mem[31][30]_i_239_n_0
    SLICE_X108Y33                                                     r  vproc/fpu_ss_i/i_fpnew_bulk/gen_operation_groups[0].i_opgroup_block/gen_merged_slice.i_multifmt_slice/gen_num_lanes[0].active_lane.lane_instance.i_fpnew_fma_multi/register_write_behavioral[31].mem_reg[31][30]_i_138/S[0]
    SLICE_X108Y33        CARRY4 (Prop_carry4_S[0]_CO[3])
                                                      0.246    24.798 r  vproc/fpu_ss_i/i_fpnew_bulk/gen_operation_groups[0].i_opgroup_block/gen_merged_slice.i_multifmt_slice/gen_num_lanes[0].active_lane.lane_instance.i_fpnew_fma_multi/register_write_behavioral[31].mem_reg[31][30]_i_138/CO[3]
                         net (fo=1, routed)           0.000    24.798    vproc/fpu_ss_i/i_fpnew_bulk/gen_operation_groups[0].i_opgroup_block/gen_merged_slice.i_multifmt_slice/gen_num_lanes[0].active_lane.lane_instance.i_fpnew_fma_multi/register_write_behavioral[31].mem_reg[31][30]_i_138_n_0
    SLICE_X108Y34                                                     r  vproc/fpu_ss_i/i_fpnew_bulk/gen_operation_groups[0].i_opgroup_block/gen_merged_slice.i_multifmt_slice/gen_num_lanes[0].active_lane.lane_instance.i_fpnew_fma_multi/register_write_behavioral[31].mem_reg[31][30]_i_85/CI
    SLICE_X108Y34        CARRY4 (Prop_carry4_CI_CO[3])
                                                      0.054    24.852 r  vproc/fpu_ss_i/i_fpnew_bulk/gen_operation_groups[0].i_opgroup_block/gen_merged_slice.i_multifmt_slice/gen_num_lanes[0].active_lane.lane_instance.i_fpnew_fma_multi/register_write_behavioral[31].mem_reg[31][30]_i_85/CO[3]
                         net (fo=1, routed)           0.000    24.852    vproc/fpu_ss_i/i_fpnew_bulk/gen_operation_groups[0].i_opgroup_block/gen_merged_slice.i_multifmt_slice/gen_num_lanes[0].active_lane.lane_instance.i_fpnew_fma_multi/register_write_behavioral[31].mem_reg[31][30]_i_85_n_0
    SLICE_X108Y35                                                     r  vproc/fpu_ss_i/i_fpnew_bulk/gen_operation_groups[0].i_opgroup_block/gen_merged_slice.i_multifmt_slice/gen_num_lanes[0].active_lane.lane_instance.i_fpnew_fma_multi/register_write_behavioral[31].mem_reg[31][30]_i_55/CI
    SLICE_X108Y35        CARRY4 (Prop_carry4_CI_CO[3])
                                                      0.054    24.906 r  vproc/fpu_ss_i/i_fpnew_bulk/gen_operation_groups[0].i_opgroup_block/gen_merged_slice.i_multifmt_slice/gen_num_lanes[0].active_lane.lane_instance.i_fpnew_fma_multi/register_write_behavioral[31].mem_reg[31][30]_i_55/CO[3]
                         net (fo=43, routed)          0.622    25.528    vproc/fpu_ss_i/i_fpnew_bulk/gen_operation_groups[0].i_opgroup_block/gen_merged_slice.i_multifmt_slice/gen_num_lanes[0].active_lane.lane_instance.i_fpnew_fma_multi/of_before_round
    SLICE_X112Y34                                                     r  vproc/fpu_ss_i/i_fpnew_bulk/gen_operation_groups[0].i_opgroup_block/gen_merged_slice.i_multifmt_slice/gen_num_lanes[0].active_lane.lane_instance.i_fpnew_fma_multi/register_write_behavioral[31].mem[31][31]_i_203/I0
    SLICE_X112Y34        LUT5 (Prop_lut5_I0_O)        0.043    25.571 r  vproc/fpu_ss_i/i_fpnew_bulk/gen_operation_groups[0].i_opgroup_block/gen_merged_slice.i_multifmt_slice/gen_num_lanes[0].active_lane.lane_instance.i_fpnew_fma_multi/register_write_behavioral[31].mem[31][31]_i_203/O
                         net (fo=1, routed)           0.239    25.810    vproc/fpu_ss_i/i_fpnew_bulk/gen_operation_groups[0].i_opgroup_block/gen_merged_slice.i_multifmt_slice/gen_num_lanes[0].active_lane.lane_instance.i_fpnew_fma_multi/register_write_behavioral[31].mem[31][31]_i_203_n_0
    SLICE_X112Y34                                                     r  vproc/fpu_ss_i/i_fpnew_bulk/gen_operation_groups[0].i_opgroup_block/gen_merged_slice.i_multifmt_slice/gen_num_lanes[0].active_lane.lane_instance.i_fpnew_fma_multi/register_write_behavioral[31].mem[31][31]_i_148/I0
    SLICE_X112Y34        LUT6 (Prop_lut6_I0_O)        0.043    25.853 r  vproc/fpu_ss_i/i_fpnew_bulk/gen_operation_groups[0].i_opgroup_block/gen_merged_slice.i_multifmt_slice/gen_num_lanes[0].active_lane.lane_instance.i_fpnew_fma_multi/register_write_behavioral[31].mem[31][31]_i_148/O
                         net (fo=2, routed)           0.431    26.284    vproc/fpu_ss_i/i_fpnew_bulk/gen_operation_groups[0].i_opgroup_block/gen_merged_slice.i_multifmt_slice/gen_num_lanes[0].active_lane.lane_instance.i_fpnew_fma_multi/register_write_behavioral[31].mem[31][31]_i_148_n_0
    SLICE_X107Y35                                                     r  vproc/fpu_ss_i/i_fpnew_bulk/gen_operation_groups[0].i_opgroup_block/gen_merged_slice.i_multifmt_slice/gen_num_lanes[0].active_lane.lane_instance.i_fpnew_fma_multi/register_write_behavioral[31].mem[31][31]_i_102/I2
    SLICE_X107Y35        LUT3 (Prop_lut3_I2_O)        0.049    26.333 f  vproc/fpu_ss_i/i_fpnew_bulk/gen_operation_groups[0].i_opgroup_block/gen_merged_slice.i_multifmt_slice/gen_num_lanes[0].active_lane.lane_instance.i_fpnew_fma_multi/register_write_behavioral[31].mem[31][31]_i_102/O
                         net (fo=3, routed)           0.476    26.809    vproc/fpu_ss_i/i_fpnew_bulk/gen_operation_groups[0].i_opgroup_block/gen_merged_slice.i_multifmt_slice/gen_num_lanes[0].active_lane.lane_instance.i_fpnew_fma_multi/register_write_behavioral[31].mem[31][31]_i_102_n_0
    SLICE_X106Y32                                                     f  vproc/fpu_ss_i/i_fpnew_bulk/gen_operation_groups[0].i_opgroup_block/gen_merged_slice.i_multifmt_slice/gen_num_lanes[0].active_lane.lane_instance.i_fpnew_fma_multi/register_write_behavioral[31].mem[31][3]_i_39/I3
    SLICE_X106Y32        LUT6 (Prop_lut6_I3_O)        0.136    26.945 r  vproc/fpu_ss_i/i_fpnew_bulk/gen_operation_groups[0].i_opgroup_block/gen_merged_slice.i_multifmt_slice/gen_num_lanes[0].active_lane.lane_instance.i_fpnew_fma_multi/register_write_behavioral[31].mem[31][3]_i_39/O
                         net (fo=1, routed)           0.348    27.293    vproc/fpu_ss_i/i_fpnew_bulk/gen_operation_groups[0].i_opgroup_block/gen_merged_slice.i_multifmt_slice/gen_num_lanes[0].active_lane.lane_instance.i_fpnew_fma_multi/register_write_behavioral[31].mem[31][3]_i_39_n_0
    SLICE_X107Y32                                                     r  vproc/fpu_ss_i/i_fpnew_bulk/gen_operation_groups[0].i_opgroup_block/gen_merged_slice.i_multifmt_slice/gen_num_lanes[0].active_lane.lane_instance.i_fpnew_fma_multi/register_write_behavioral[31].mem[31][3]_i_27/I4
    SLICE_X107Y32        LUT5 (Prop_lut5_I4_O)        0.043    27.336 r  vproc/fpu_ss_i/i_fpnew_bulk/gen_operation_groups[0].i_opgroup_block/gen_merged_slice.i_multifmt_slice/gen_num_lanes[0].active_lane.lane_instance.i_fpnew_fma_multi/register_write_behavioral[31].mem[31][3]_i_27/O
                         net (fo=1, routed)           0.000    27.336    vproc/fpu_ss_i/i_fpnew_bulk/gen_operation_groups[0].i_opgroup_block/gen_merged_slice.i_multifmt_slice/gen_num_lanes[0].active_lane.lane_instance.i_fpnew_fma_multi/register_write_behavioral[31].mem[31][3]_i_27_n_0
    SLICE_X107Y32                                                     r  vproc/fpu_ss_i/i_fpnew_bulk/gen_operation_groups[0].i_opgroup_block/gen_merged_slice.i_multifmt_slice/gen_num_lanes[0].active_lane.lane_instance.i_fpnew_fma_multi/register_write_behavioral[31].mem_reg[31][3]_i_12/S[0]
    SLICE_X107Y32        CARRY4 (Prop_carry4_S[0]_O[2])
                                                      0.266    27.602 f  vproc/fpu_ss_i/i_fpnew_bulk/gen_operation_groups[0].i_opgroup_block/gen_merged_slice.i_multifmt_slice/gen_num_lanes[0].active_lane.lane_instance.i_fpnew_fma_multi/register_write_behavioral[31].mem_reg[31][3]_i_12/O[2]
                         net (fo=1, routed)           0.607    28.209    vproc/fpu_ss_i/i_fpnew_bulk/gen_operation_groups[0].i_opgroup_block/gen_merged_slice.i_multifmt_slice/gen_num_lanes[0].active_lane.lane_instance.i_fpnew_fma_multi/rounded_abs[2]
    SLICE_X101Y41                                                     f  vproc/fpu_ss_i/i_fpnew_bulk/gen_operation_groups[0].i_opgroup_block/gen_merged_slice.i_multifmt_slice/gen_num_lanes[0].active_lane.lane_instance.i_fpnew_fma_multi/register_write_behavioral[31].mem[31][2]_i_5/I4
    SLICE_X101Y41        LUT6 (Prop_lut6_I4_O)        0.122    28.331 f  vproc/fpu_ss_i/i_fpnew_bulk/gen_operation_groups[0].i_opgroup_block/gen_merged_slice.i_multifmt_slice/gen_num_lanes[0].active_lane.lane_instance.i_fpnew_fma_multi/register_write_behavioral[31].mem[31][2]_i_5/O
                         net (fo=1, routed)           0.000    28.331    vproc/fpu_ss_i/i_fpnew_bulk/gen_operation_groups[2].i_opgroup_block/gen_parallel_slices[2].active_format.i_fmt_slice/gen_num_lanes[0].active_lane.lane_instance.i_noncomp/gen_arbiter.data_nodes[1][result][2]
    SLICE_X101Y41                                                     f  vproc/fpu_ss_i/i_fpnew_bulk/gen_operation_groups[2].i_opgroup_block/gen_parallel_slices[2].active_format.i_fmt_slice/gen_num_lanes[0].active_lane.lane_instance.i_noncomp/register_write_behavioral[31].mem_reg[31][2]_i_4/I0
    SLICE_X101Y41        MUXF7 (Prop_muxf7_I0_O)      0.107    28.438 f  vproc/fpu_ss_i/i_fpnew_bulk/gen_operation_groups[2].i_opgroup_block/gen_parallel_slices[2].active_format.i_fmt_slice/gen_num_lanes[0].active_lane.lane_instance.i_noncomp/register_write_behavioral[31].mem_reg[31][2]_i_4/O
                         net (fo=2, routed)           0.194    28.632    vproc/fpu_ss_i/fpu_ss_csr_i/gen_rf[1].mem[1][4]_i_2[2]
    SLICE_X99Y41                                                      f  vproc/fpu_ss_i/fpu_ss_csr_i/gen_rf[1].mem[1][2]_i_3/I2
    SLICE_X99Y41         LUT3 (Prop_lut3_I2_O)        0.124    28.756 f  vproc/fpu_ss_i/fpu_ss_csr_i/gen_rf[1].mem[1][2]_i_3/O
                         net (fo=1, routed)           0.405    29.161    vproc/core/ex_stage_i/fpu_ss_xif\\.result[data][2]
    SLICE_X80Y41                                                      f  vproc/core/ex_stage_i/gen_rf[1].mem[1][2]_i_2/I1
    SLICE_X80Y41         LUT6 (Prop_lut6_I1_O)        0.043    29.204 f  vproc/core/ex_stage_i/gen_rf[1].mem[1][2]_i_2/O
                         net (fo=1, routed)           0.103    29.307    vproc/core/load_store_unit_i/gen_rf[31].mem_reg[31][2]
    SLICE_X80Y41                                                      f  vproc/core/load_store_unit_i/gen_rf[1].mem[1][2]_i_1/I0
    SLICE_X80Y41         LUT6 (Prop_lut6_I0_O)        0.043    29.350 f  vproc/core/load_store_unit_i/gen_rf[1].mem[1][2]_i_1/O
                         net (fo=36, routed)          0.373    29.723    vproc/core/id_stage_i/rf_wdata_wb[1]
    SLICE_X79Y44                                                      f  vproc/core/id_stage_i/dec_data_q[rs2][r][xval][2]_i_2/I3
    SLICE_X79Y44         LUT6 (Prop_lut6_I3_O)        0.043    29.766 f  vproc/core/id_stage_i/dec_data_q[rs2][r][xval][2]_i_2/O
                         net (fo=2, routed)           0.298    30.064    vproc/core/if_stage_i/vcore_xif\\.issue_req[rs][1]_37[2]
    SLICE_X79Y44                                                      f  vproc/core/if_stage_i/dec_data_q[mode][6]_i_3/I3
    SLICE_X79Y44         LUT6 (Prop_lut6_I3_O)        0.043    30.107 f  vproc/core/if_stage_i/dec_data_q[mode][6]_i_3/O
                         net (fo=1, routed)           0.265    30.371    vproc/core/if_stage_i/dec_data_q[mode][6]_i_3_n_0
    SLICE_X77Y45                                                      f  vproc/core/if_stage_i/dec_data_q[mode][6]_i_1/I3
    SLICE_X77Y45         LUT6 (Prop_lut6_I3_O)        0.043    30.414 f  vproc/core/if_stage_i/dec_data_q[mode][6]_i_1/O
                         net (fo=4, routed)           0.326    30.740    vproc/core/if_stage_i/D[6]
    SLICE_X77Y47                                                      f  vproc/core/if_stage_i/stage_state_q[1][op_load][4]_i_16/I1
    SLICE_X77Y47         LUT6 (Prop_lut6_I1_O)        0.043    30.783 f  vproc/core/if_stage_i/stage_state_q[1][op_load][4]_i_16/O
                         net (fo=2, routed)           0.480    31.264    vproc/v_core/result_if/stage_state_q[1][op_load][4]_i_6_0
    SLICE_X78Y48                                                      f  vproc/v_core/result_if/stage_state_q[1][op_load][4]_i_11/I4
    SLICE_X78Y48         LUT6 (Prop_lut6_I4_O)        0.043    31.307 r  vproc/v_core/result_if/stage_state_q[1][op_load][4]_i_11/O
                         net (fo=1, routed)           0.362    31.669    vproc/v_core/result_if/stage_state_q[1][op_load][4]_i_11_n_0
    SLICE_X78Y48                                                      r  vproc/v_core/result_if/stage_state_q[1][op_load][4]_i_6/I2
    SLICE_X78Y48         LUT6 (Prop_lut6_I2_O)        0.043    31.712 f  vproc/v_core/result_if/stage_state_q[1][op_load][4]_i_6/O
                         net (fo=41, routed)          0.674    32.386    vproc/v_core/result_if/result_source_q_reg[1]_0
    SLICE_X77Y50                                                      f  vproc/v_core/result_if/register_write_behavioral[31].mem[31][31]_i_29/I2
    SLICE_X77Y50         LUT4 (Prop_lut4_I2_O)        0.043    32.429 r  vproc/v_core/result_if/register_write_behavioral[31].mem[31][31]_i_29/O
                         net (fo=34, routed)          0.665    33.094    vproc/core/load_store_unit_i/mpu_i/vcore_xif\\.result[rd][4]
    SLICE_X77Y50                                                      r  vproc/core/load_store_unit_i/mpu_i/register_write_behavioral[31].mem[31][31]_i_8/I2
    SLICE_X77Y50         LUT5 (Prop_lut5_I2_O)        0.043    33.137 r  vproc/core/load_store_unit_i/mpu_i/register_write_behavioral[31].mem[31][31]_i_8/O
                         net (fo=65, routed)          0.677    33.815    vproc/core/if_stage_i/fpr_wb_addr[3]
    SLICE_X77Y50                                                      r  vproc/core/if_stage_i/x_ext_regs.xif_res_q_i_12/I1
    SLICE_X77Y50         LUT6 (Prop_lut6_I1_O)        0.043    33.858 r  vproc/core/if_stage_i/x_ext_regs.xif_res_q_i_12/O
                         net (fo=2, routed)           0.460    34.318    vproc/core/if_stage_i/if_id_pipe_o_reg[instr][bus_resp][rdata][11]_17
    SLICE_X77Y50                                                      r  vproc/core/if_stage_i/x_ext_regs.xif_res_q_i_5/I3
    SLICE_X77Y50         LUT6 (Prop_lut6_I3_O)        0.043    34.361 f  vproc/core/if_stage_i/x_ext_regs.xif_res_q_i_5/O
                         net (fo=3, routed)           0.639    35.000    vproc/fpu_ss_i/fpu_ss_controller_i/x_ext_regs.xif_res_q_reg_1
    SLICE_X76Y50                                                      f  vproc/fpu_ss_i/fpu_ss_controller_i/x_ext_regs.xif_res_q_i_2/I2
    SLICE_X76Y50         LUT6 (Prop_lut6_I2_O)        0.043    35.043 r  vproc/fpu_ss_i/fpu_ss_controller_i/x_ext_regs.xif_res_q_i_2/O
                         net (fo=273, routed)         0.871    35.914    vproc/v_core/instr_queue/host_xif\\.mem_valid
    SLICE_X60Y47                                                      r  vproc/v_core/instr_queue/mem_rvalid_i_2/I4
    SLICE_X60Y47         LUT6 (Prop_lut6_I4_O)        0.043    35.957 f  vproc/v_core/instr_queue/mem_rvalid_i_2/O
                         net (fo=3, routed)           0.276    36.233    vproc/core/load_store_unit_i/response_filter_i/sdata_hold
    SLICE_X59Y45                                                      f  vproc/core/load_store_unit_i/response_filter_i/mem_rvalid_i_1/I0
    SLICE_X59Y45         LUT6 (Prop_lut6_I0_O)        0.043    36.276 r  vproc/core/load_store_unit_i/response_filter_i/mem_rvalid_i_1/O
                         net (fo=2, routed)           0.439    36.715    vproc/v_core/genblk9[0].pipe/pipeline/unit_mux/genblk1[0].unit/lsu/lsu_queue/mem_req
    SLICE_X59Y46                                                      r  vproc/v_core/genblk9[0].pipe/pipeline/unit_mux/genblk1[0].unit/lsu/lsu_queue/mem_reg_0_0_0_i_20/I3
    SLICE_X59Y46         LUT6 (Prop_lut6_I3_O)        0.043    36.758 f  vproc/v_core/genblk9[0].pipe/pipeline/unit_mux/genblk1[0].unit/lsu/lsu_queue/mem_reg_0_0_0_i_20/O
                         net (fo=6, routed)           0.284    37.042    vproc/v_core/genblk9[0].pipe/pipeline/unit_mux/genblk1[0].unit/lsu/lsu_queue/mem_reg_0_0_0_i_20_n_0
    SLICE_X59Y48                                                      f  vproc/v_core/genblk9[0].pipe/pipeline/unit_mux/genblk1[0].unit/lsu/lsu_queue/mem_reg_0_0_7_i_1/I0
    SLICE_X59Y48         LUT6 (Prop_lut6_I0_O)        0.043    37.085 r  vproc/v_core/genblk9[0].pipe/pipeline/unit_mux/genblk1[0].unit/lsu/lsu_queue/mem_reg_0_0_7_i_1/O
                         net (fo=18, routed)          1.152    38.237    u_ram/mem_reg_1_0_7_0
    SLICE_X33Y83                                                      r  u_ram/mem_reg_1_0_2_ENARDEN_cooolgate_en_gate_21/I2
    SLICE_X33Y83         LUT3 (Prop_lut3_I2_O)        0.043    38.280 r  u_ram/mem_reg_1_0_2_ENARDEN_cooolgate_en_gate_21/O
                         net (fo=1, routed)           0.868    39.148    u_ram/mem_reg_1_0_2_ENARDEN_cooolgate_en_sig_11
    RAMB36_X1Y20         RAMB36E1                                     r  u_ram/mem_reg_1_0_2/ENARDEN
  -------------------------------------------------------------------    -------------------

                         (clock clk_raw rise edge)   34.375    34.375 r  
                         clock source latency         1.909    36.284    
                         propagated clock network latency
                                                      3.119    39.403    
                         clock pessimism              0.352    39.755    
                         clock uncertainty           -0.068    39.687    
    RAMB36_X1Y20         RAMB36E1 (Setup_ramb36e1_CLKARDCLK_ENARDEN)
                                                     -0.328    39.359    u_ram/mem_reg_1_0_2
  -------------------------------------------------------------------
                         required time                         39.359    
                         arrival time                         -39.148    
  -------------------------------------------------------------------
                         slack                                  0.211    

Slack (MET) :             0.211ns  (required time - arrival time)
  Source:                 vproc/fpu_ss_i/i_fpnew_bulk/gen_operation_groups[0].i_opgroup_block/gen_merged_slice.i_multifmt_slice/gen_num_lanes[0].active_lane.lane_instance.i_fpnew_fma_multi/gen_input_pipeline[0].inp_pipe_operands_q_reg[1][1][14]/C
                            (rising edge-triggered cell FDCE clocked by clk_raw  {rise@0.000ns fall@17.188ns period=34.375ns})
  Destination:            u_ram/mem_reg_1_0_2/ENARDEN
                            (rising edge-triggered cell RAMB36E1 clocked by clk_raw  {rise@0.000ns fall@17.188ns period=34.375ns})
  Path Group:             clk_raw
  Path Type:              Setup (Max at Slow Process Corner)
  Requirement:            34.375ns  (clk_raw rise@34.375ns - clk_raw rise@0.000ns)
  Data Path Delay:        33.397ns  (logic 6.618ns (19.816%)  route 26.779ns (80.184%))
  Logic Levels:           92  (CARRY4=30 LUT2=3 LUT3=9 LUT4=7 LUT5=8 LUT6=34 MUXF7=1)
  Clock Path Skew:        -0.370ns (DCD - SCD + CPR)
    Destination Clock Delay (DCD):    5.028ns = ( 39.403 - 34.375 ) 
    Source Clock Delay      (SCD):    5.751ns
    Clock Pessimism Removal (CPR):    0.352ns
  Clock Uncertainty:      0.068ns  ((TSJ^2 + DJ^2)^1/2) / 2 + PE
    Total System Jitter     (TSJ):    0.071ns
    Discrete Jitter          (DJ):    0.116ns
    Phase Error              (PE):    0.000ns

    Location             Delay type                Incr(ns)  Path(ns)    Netlist Resource(s)
  -------------------------------------------------------------------    -------------------
                         (clock clk_raw rise edge)    0.000     0.000 r  
                         clock source latency         2.120     2.120    
                         propagated clock network latency
                                                      3.631     5.751    
    SLICE_X97Y37         FDCE                         0.000     5.751 r  vproc/fpu_ss_i/i_fpnew_bulk/gen_operation_groups[0].i_opgroup_block/gen_merged_slice.i_multifmt_slice/gen_num_lanes[0].active_lane.lane_instance.i_fpnew_fma_multi/gen_input_pipeline[0].inp_pipe_operands_q_reg[1][1][14]/C
    SLICE_X97Y37         FDCE (Prop_fdce_C_Q)         0.223     5.974 f  vproc/fpu_ss_i/i_fpnew_bulk/gen_operation_groups[0].i_opgroup_block/gen_merged_slice.i_multifmt_slice/gen_num_lanes[0].active_lane.lane_instance.i_fpnew_fma_multi/gen_input_pipeline[0].inp_pipe_operands_q_reg[1][1][14]/Q
                         net (fo=9, routed)           0.382     6.356    vproc/fpu_ss_i/i_fpnew_bulk/gen_operation_groups[0].i_opgroup_block/gen_merged_slice.i_multifmt_slice/gen_num_lanes[0].active_lane.lane_instance.i_fpnew_fma_multi/gen_input_pipeline[0].inp_pipe_operands_q_reg_n_0_[1][1][14]
    SLICE_X96Y37                                                      f  vproc/fpu_ss_i/i_fpnew_bulk/gen_operation_groups[0].i_opgroup_block/gen_merged_slice.i_multifmt_slice/gen_num_lanes[0].active_lane.lane_instance.i_fpnew_fma_multi/register_write_behavioral[31].mem[31][31]_i_385/I1
    SLICE_X96Y37         LUT4 (Prop_lut4_I1_O)        0.043     6.399 f  vproc/fpu_ss_i/i_fpnew_bulk/gen_operation_groups[0].i_opgroup_block/gen_merged_slice.i_multifmt_slice/gen_num_lanes[0].active_lane.lane_instance.i_fpnew_fma_multi/register_write_behavioral[31].mem[31][31]_i_385/O
                         net (fo=1, routed)           0.358     6.757    vproc/fpu_ss_i/i_fpnew_bulk/gen_operation_groups[0].i_opgroup_block/gen_merged_slice.i_multifmt_slice/gen_num_lanes[0].active_lane.lane_instance.i_fpnew_fma_multi/register_write_behavioral[31].mem[31][31]_i_385_n_0
    SLICE_X97Y37                                                      f  vproc/fpu_ss_i/i_fpnew_bulk/gen_operation_groups[0].i_opgroup_block/gen_merged_slice.i_multifmt_slice/gen_num_lanes[0].active_lane.lane_instance.i_fpnew_fma_multi/register_write_behavioral[31].mem[31][31]_i_257/I0
    SLICE_X97Y37         LUT6 (Prop_lut6_I0_O)        0.043     6.800 f  vproc/fpu_ss_i/i_fpnew_bulk/gen_operation_groups[0].i_opgroup_block/gen_merged_slice.i_multifmt_slice/gen_num_lanes[0].active_lane.lane_instance.i_fpnew_fma_multi/register_write_behavioral[31].mem[31][31]_i_257/O
                         net (fo=1, routed)           0.426     7.226    vproc/fpu_ss_i/i_fpnew_bulk/gen_operation_groups[0].i_opgroup_block/gen_merged_slice.i_multifmt_slice/gen_num_lanes[0].active_lane.lane_instance.i_fpnew_fma_multi/register_write_behavioral[31].mem[31][31]_i_257_n_0
    SLICE_X97Y37                                                      f  vproc/fpu_ss_i/i_fpnew_bulk/gen_operation_groups[0].i_opgroup_block/gen_merged_slice.i_multifmt_slice/gen_num_lanes[0].active_lane.lane_instance.i_fpnew_fma_multi/register_write_behavioral[31].mem[31][31]_i_184/I5
    SLICE_X97Y37         LUT6 (Prop_lut6_I5_O)        0.043     7.269 r  vproc/fpu_ss_i/i_fpnew_bulk/gen_operation_groups[0].i_opgroup_block/gen_merged_slice.i_multifmt_slice/gen_num_lanes[0].active_lane.lane_instance.i_fpnew_fma_multi/register_write_behavioral[31].mem[31][31]_i_184/O
                         net (fo=2, routed)           0.197     7.466    vproc/fpu_ss_i/i_fpnew_bulk/gen_operation_groups[0].i_opgroup_block/gen_merged_slice.i_multifmt_slice/gen_num_lanes[0].active_lane.lane_instance.i_fpnew_fma_multi/register_write_behavioral[31].mem[31][31]_i_184_n_0
    SLICE_X95Y37                                                      r  vproc/fpu_ss_i/i_fpnew_bulk/gen_operation_groups[0].i_opgroup_block/gen_merged_slice.i_multifmt_slice/gen_num_lanes[0].active_lane.lane_instance.i_fpnew_fma_multi/register_write_behavioral[31].mem[31][23]_i_490/I1
    SLICE_X95Y37         LUT2 (Prop_lut2_I1_O)        0.043     7.509 f  vproc/fpu_ss_i/i_fpnew_bulk/gen_operation_groups[0].i_opgroup_block/gen_merged_slice.i_multifmt_slice/gen_num_lanes[0].active_lane.lane_instance.i_fpnew_fma_multi/register_write_behavioral[31].mem[31][23]_i_490/O
                         net (fo=1, routed)           0.293     7.802    vproc/fpu_ss_i/i_fpnew_bulk/gen_operation_groups[0].i_opgroup_block/gen_merged_slice.i_multifmt_slice/gen_num_lanes[0].active_lane.lane_instance.i_fpnew_fma_multi/register_write_behavioral[31].mem[31][23]_i_490_n_0
    SLICE_X100Y36                                                     f  vproc/fpu_ss_i/i_fpnew_bulk/gen_operation_groups[0].i_opgroup_block/gen_merged_slice.i_multifmt_slice/gen_num_lanes[0].active_lane.lane_instance.i_fpnew_fma_multi/register_write_behavioral[31].mem[31][23]_i_373/I1
    SLICE_X100Y36        LUT6 (Prop_lut6_I1_O)        0.043     7.845 r  vproc/fpu_ss_i/i_fpnew_bulk/gen_operation_groups[0].i_opgroup_block/gen_merged_slice.i_multifmt_slice/gen_num_lanes[0].active_lane.lane_instance.i_fpnew_fma_multi/register_write_behavioral[31].mem[31][23]_i_373/O
                         net (fo=2, routed)           0.352     8.197    vproc/fpu_ss_i/i_fpnew_bulk/gen_operation_groups[0].i_opgroup_block/gen_merged_slice.i_multifmt_slice/gen_num_lanes[0].active_lane.lane_instance.i_fpnew_fma_multi/register_write_behavioral[31].mem[31][23]_i_373_n_0
    SLICE_X101Y36                                                     r  vproc/fpu_ss_i/i_fpnew_bulk/gen_operation_groups[0].i_opgroup_block/gen_merged_slice.i_multifmt_slice/gen_num_lanes[0].active_lane.lane_instance.i_fpnew_fma_multi/register_write_behavioral[31].mem[31][23]_i_370/I4
    SLICE_X101Y36        LUT5 (Prop_lut5_I4_O)        0.043     8.240 f  vproc/fpu_ss_i/i_fpnew_bulk/gen_operation_groups[0].i_opgroup_block/gen_merged_slice.i_multifmt_slice/gen_num_lanes[0].active_lane.lane_instance.i_fpnew_fma_multi/register_write_behavioral[31].mem[31][23]_i_370/O
                         net (fo=2, routed)           0.348     8.589    vproc/fpu_ss_i/i_fpnew_bulk/gen_operation_groups[0].i_opgroup_block/gen_merged_slice.i_multifmt_slice/gen_num_lanes[0].active_lane.lane_instance.i_fpnew_fma_multi/register_write_behavioral[31].mem[31][23]_i_370_n_0
    SLICE_X102Y36                                                     f  vproc/fpu_ss_i/i_fpnew_bulk/gen_operation_groups[0].i_opgroup_block/gen_merged_slice.i_multifmt_slice/gen_num_lanes[0].active_lane.lane_instance.i_fpnew_fma_multi/register_write_behavioral[31].mem[31][23]_i_193/I5
    SLICE_X102Y36        LUT6 (Prop_lut6_I5_O)        0.043     8.632 f  vproc/fpu_ss_i/i_fpnew_bulk/gen_operation_groups[0].i_opgroup_block/gen_merged_slice.i_multifmt_slice/gen_num_lanes[0].active_lane.lane_instance.i_fpnew_fma_multi/register_write_behavioral[31].mem[31][23]_i_193/O
                         net (fo=2, routed)           0.334     8.966    vproc/fpu_ss_i/i_fpnew_bulk/gen_operation_groups[0].i_opgroup_block/gen_merged_slice.i_multifmt_slice/gen_num_lanes[0].active_lane.lane_instance.i_fpnew_fma_multi/register_write_behavioral[31].mem[31][23]_i_193_n_0
    SLICE_X102Y37                                                     f  vproc/fpu_ss_i/i_fpnew_bulk/gen_operation_groups[0].i_opgroup_block/gen_merged_slice.i_multifmt_slice/gen_num_lanes[0].active_lane.lane_instance.i_fpnew_fma_multi/register_write_behavioral[31].mem[31][23]_i_197/I0
    SLICE_X102Y37        LUT6 (Prop_lut6_I0_O)        0.043     9.009 r  vproc/fpu_ss_i/i_fpnew_bulk/gen_operation_groups[0].i_opgroup_block/gen_merged_slice.i_multifmt_slice/gen_num_lanes[0].active_lane.lane_instance.i_fpnew_fma_multi/register_write_behavioral[31].mem[31][23]_i_197/O
                         net (fo=1, routed)           0.000     9.009    vproc/fpu_ss_i/i_fpnew_bulk/gen_operation_groups[0].i_opgroup_block/gen_merged_slice.i_multifmt_slice/gen_num_lanes[0].active_lane.lane_instance.i_fpnew_fma_multi/register_write_behavioral[31].mem[31][23]_i_197_n_0
    SLICE_X102Y37                                                     r  vproc/fpu_ss_i/i_fpnew_bulk/gen_operation_groups[0].i_opgroup_block/gen_merged_slice.i_multifmt_slice/gen_num_lanes[0].active_lane.lane_instance.i_fpnew_fma_multi/register_write_behavioral[31].mem_reg[31][23]_i_91/S[2]
    SLICE_X102Y37        CARRY4 (Prop_carry4_S[2]_CO[3])
                                                      0.183     9.192 r  vproc/fpu_ss_i/i_fpnew_bulk/gen_operation_groups[0].i_opgroup_block/gen_merged_slice.i_multifmt_slice/gen_num_lanes[0].active_lane.lane_instance.i_fpnew_fma_multi/register_write_behavioral[31].mem_reg[31][23]_i_91/CO[3]
                         net (fo=1, routed)           0.000     9.192    vproc/fpu_ss_i/i_fpnew_bulk/gen_operation_groups[0].i_opgroup_block/gen_merged_slice.i_multifmt_slice/gen_num_lanes[0].active_lane.lane_instance.i_fpnew_fma_multi/register_write_behavioral[31].mem_reg[31][23]_i_91_n_0
    SLICE_X102Y38                                                     r  vproc/fpu_ss_i/i_fpnew_bulk/gen_operation_groups[0].i_opgroup_block/gen_merged_slice.i_multifmt_slice/gen_num_lanes[0].active_lane.lane_instance.i_fpnew_fma_multi/register_write_behavioral[31].mem_reg[31][31]_i_348/CI
    SLICE_X102Y38        CARRY4 (Prop_carry4_CI_O[1])
                                                      0.165     9.357 f  vproc/fpu_ss_i/i_fpnew_bulk/gen_operation_groups[0].i_opgroup_block/gen_merged_slice.i_multifmt_slice/gen_num_lanes[0].active_lane.lane_instance.i_fpnew_fma_multi/register_write_behavioral[31].mem_reg[31][31]_i_348/O[1]
                         net (fo=4, routed)           0.429     9.786    vproc/fpu_ss_i/i_fpnew_bulk/gen_operation_groups[0].i_opgroup_block/gen_merged_slice.i_multifmt_slice/gen_num_lanes[0].active_lane.lane_instance.i_fpnew_fma_multi/register_write_behavioral[31].mem_reg[31][31]_i_348_n_6
    SLICE_X103Y41                                                     f  vproc/fpu_ss_i/i_fpnew_bulk/gen_operation_groups[0].i_opgroup_block/gen_merged_slice.i_multifmt_slice/gen_num_lanes[0].active_lane.lane_instance.i_fpnew_fma_multi/register_write_behavioral[31].mem[31][23]_i_273/I2
    SLICE_X103Y41        LUT3 (Prop_lut3_I2_O)        0.125     9.911 r  vproc/fpu_ss_i/i_fpnew_bulk/gen_operation_groups[0].i_opgroup_block/gen_merged_slice.i_multifmt_slice/gen_num_lanes[0].active_lane.lane_instance.i_fpnew_fma_multi/register_write_behavioral[31].mem[31][23]_i_273/O
                         net (fo=5, routed)           0.477    10.388    vproc/fpu_ss_i/i_fpnew_bulk/gen_operation_groups[0].i_opgroup_block/gen_merged_slice.i_multifmt_slice/gen_num_lanes[0].active_lane.lane_instance.i_fpnew_fma_multi/register_write_behavioral[31].mem[31][23]_i_273_n_0
    SLICE_X104Y40                                                     r  vproc/fpu_ss_i/i_fpnew_bulk/gen_operation_groups[0].i_opgroup_block/gen_merged_slice.i_multifmt_slice/gen_num_lanes[0].active_lane.lane_instance.i_fpnew_fma_multi/register_write_behavioral[31].mem[31][23]_i_179/I1
    SLICE_X104Y40        LUT2 (Prop_lut2_I1_O)        0.043    10.431 r  vproc/fpu_ss_i/i_fpnew_bulk/gen_operation_groups[0].i_opgroup_block/gen_merged_slice.i_multifmt_slice/gen_num_lanes[0].active_lane.lane_instance.i_fpnew_fma_multi/register_write_behavioral[31].mem[31][23]_i_179/O
                         net (fo=1, routed)           0.000    10.431    vproc/fpu_ss_i/i_fpnew_bulk/gen_operation_groups[0].i_opgroup_block/gen_merged_slice.i_multifmt_slice/gen_num_lanes[0].active_lane.lane_instance.i_fpnew_fma_multi/register_write_behavioral[31].mem[31][23]_i_179_n_0
    SLICE_X104Y40                                                     r  vproc/fpu_ss_i/i_fpnew_bulk/gen_operation_groups[0].i_opgroup_block/gen_merged_slice.i_multifmt_slice/gen_num_lanes[0].active_lane.lane_instance.i_fpnew_fma_multi/register_write_behavioral[31].mem_reg[31][23]_i_88/S[1]
    SLICE_X104Y40        CARRY4 (Prop_carry4_S[1]_CO[3])
                                                      0.256    10.687 r  vproc/fpu_ss_i/i_fpnew_bulk/gen_operation_groups[0].i_opgroup_block/gen_merged_slice.i_multifmt_slice/gen_num_lanes[0].active_lane.lane_instance.i_fpnew_fma_multi/register_write_behavioral[31].mem_reg[31][23]_i_88/CO[3]
                         net (fo=1, routed)           0.000    10.687    vproc/fpu_ss_i/i_fpnew_bulk/gen_operation_groups[0].i_opgroup_block/gen_merged_slice.i_multifmt_slice/gen_num_lanes[0].active_lane.lane_instance.i_fpnew_fma_multi/register_write_behavioral[31].mem_reg[31][23]_i_88_n_0
    SLICE_X104Y41                                                     r  vproc/fpu_ss_i/i_fpnew_bulk/gen_operation_groups[0].i_opgroup_block/gen_merged_slice.i_multifmt_slice/gen_num_lanes[0].active_lane.lane_instance.i_fpnew_fma_multi/register_write_behavioral[31].mem_reg[31][23]_i_90/CI
    SLICE_X104Y41        CARRY4 (Prop_carry4_CI_O[1])
                                                      0.165    10.852 f  vproc/fpu_ss_i/i_fpnew_bulk/gen_operation_groups[0].i_opgroup_block/gen_merged_slice.i_multifmt_slice/gen_num_lanes[0].active_lane.lane_instance.i_fpnew_fma_multi/register_write_behavioral[31].mem_reg[31][23]_i_90/O[1]
                         net (fo=6, routed)           0.386    11.238    vproc/fpu_ss_i/gen_fp_register_file.fpu_ss_regfile_i/register_write_behavioral[31].mem[31][31]_i_362[1]
    SLICE_X105Y41                                                     f  vproc/fpu_ss_i/gen_fp_register_file.fpu_ss_regfile_i/register_write_behavioral[31].mem[31][31]_i_407/I0
    SLICE_X105Y41        LUT6 (Prop_lut6_I0_O)        0.125    11.363 f  vproc/fpu_ss_i/gen_fp_register_file.fpu_ss_regfile_i/register_write_behavioral[31].mem[31][31]_i_407/O
                         net (fo=7, routed)           0.382    11.745    vproc/fpu_ss_i/gen_fp_register_file.fpu_ss_regfile_i/register_write_behavioral[31].mem_reg[31][23]_i_88
    SLICE_X105Y41                                                     f  vproc/fpu_ss_i/gen_fp_register_file.fpu_ss_regfile_i/register_write_behavioral[31].mem[31][31]_i_403/I4
    SLICE_X105Y41        LUT6 (Prop_lut6_I4_O)        0.043    11.788 r  vproc/fpu_ss_i/gen_fp_register_file.fpu_ss_regfile_i/register_write_behavioral[31].mem[31][31]_i_403/O
                         net (fo=46, routed)          0.499    12.287    vproc/fpu_ss_i/i_fpnew_bulk/gen_operation_groups[0].i_opgroup_block/gen_merged_slice.i_multifmt_slice/gen_num_lanes[0].active_lane.lane_instance.i_fpnew_fma_multi/register_write_behavioral[31].mem[31][31]_i_520_0[0]
    SLICE_X104Y45                                                     r  vproc/fpu_ss_i/i_fpnew_bulk/gen_operation_groups[0].i_opgroup_block/gen_merged_slice.i_multifmt_slice/gen_num_lanes[0].active_lane.lane_instance.i_fpnew_fma_multi/register_write_behavioral[31].mem[31][31]_i_632/I1
    SLICE_X104Y45        LUT6 (Prop_lut6_I1_O)        0.043    12.330 r  vproc/fpu_ss_i/i_fpnew_bulk/gen_operation_groups[0].i_opgroup_block/gen_merged_slice.i_multifmt_slice/gen_num_lanes[0].active_lane.lane_instance.i_fpnew_fma_multi/register_write_behavioral[31].mem[31][31]_i_632/O
                         net (fo=1, routed)           0.304    12.635    vproc/fpu_ss_i/i_fpnew_bulk/gen_operation_groups[0].i_opgroup_block/gen_merged_slice.i_multifmt_slice/gen_num_lanes[0].active_lane.lane_instance.i_fpnew_fma_multi/register_write_behavioral[31].mem[31][31]_i_632_n_0
    SLICE_X104Y46                                                     r  vproc/fpu_ss_i/i_fpnew_bulk/gen_operation_groups[0].i_opgroup_block/gen_merged_slice.i_multifmt_slice/gen_num_lanes[0].active_lane.lane_instance.i_fpnew_fma_multi/register_write_behavioral[31].mem[31][31]_i_622/I5
    SLICE_X104Y46        LUT6 (Prop_lut6_I5_O)        0.043    12.678 r  vproc/fpu_ss_i/i_fpnew_bulk/gen_operation_groups[0].i_opgroup_block/gen_merged_slice.i_multifmt_slice/gen_num_lanes[0].active_lane.lane_instance.i_fpnew_fma_multi/register_write_behavioral[31].mem[31][31]_i_622/O
                         net (fo=2, routed)           0.273    12.950    vproc/fpu_ss_i/i_fpnew_bulk/gen_operation_groups[0].i_opgroup_block/gen_merged_slice.i_multifmt_slice/gen_num_lanes[0].active_lane.lane_instance.i_fpnew_fma_multi/register_write_behavioral[31].mem[31][31]_i_622_n_0
    SLICE_X105Y46                                                     r  vproc/fpu_ss_i/i_fpnew_bulk/gen_operation_groups[0].i_opgroup_block/gen_merged_slice.i_multifmt_slice/gen_num_lanes[0].active_lane.lane_instance.i_fpnew_fma_multi/register_write_behavioral[31].mem[31][31]_i_605/I0
    SLICE_X105Y46        LUT3 (Prop_lut3_I0_O)        0.043    12.993 r  vproc/fpu_ss_i/i_fpnew_bulk/gen_operation_groups[0].i_opgroup_block/gen_merged_slice.i_multifmt_slice/gen_num_lanes[0].active_lane.lane_instance.i_fpnew_fma_multi/register_write_behavioral[31].mem[31][31]_i_605/O
                         net (fo=3, routed)           0.313    13.306    vproc/fpu_ss_i/i_fpnew_bulk/gen_operation_groups[0].i_opgroup_block/gen_merged_slice.i_multifmt_slice/gen_num_lanes[0].active_lane.lane_instance.i_fpnew_fma_multi/register_write_behavioral[31].mem[31][31]_i_605_n_0
    SLICE_X107Y46                                                     r  vproc/fpu_ss_i/i_fpnew_bulk/gen_operation_groups[0].i_opgroup_block/gen_merged_slice.i_multifmt_slice/gen_num_lanes[0].active_lane.lane_instance.i_fpnew_fma_multi/register_write_behavioral[31].mem[31][31]_i_595/I2
    SLICE_X107Y46        LUT3 (Prop_lut3_I2_O)        0.043    13.349 r  vproc/fpu_ss_i/i_fpnew_bulk/gen_operation_groups[0].i_opgroup_block/gen_merged_slice.i_multifmt_slice/gen_num_lanes[0].active_lane.lane_instance.i_fpnew_fma_multi/register_write_behavioral[31].mem[31][31]_i_595/O
                         net (fo=7, routed)           0.323    13.672    vproc/fpu_ss_i/i_fpnew_bulk/gen_operation_groups[0].i_opgroup_block/gen_merged_slice.i_multifmt_slice/gen_num_lanes[0].active_lane.lane_instance.i_fpnew_fma_multi/register_write_behavioral[31].mem[31][31]_i_595_n_0
    SLICE_X108Y46                                                     r  vproc/fpu_ss_i/i_fpnew_bulk/gen_operation_groups[0].i_opgroup_block/gen_merged_slice.i_multifmt_slice/gen_num_lanes[0].active_lane.lane_instance.i_fpnew_fma_multi/register_write_behavioral[31].mem[31][31]_i_547/I2
    SLICE_X108Y46        LUT4 (Prop_lut4_I2_O)        0.043    13.715 r  vproc/fpu_ss_i/i_fpnew_bulk/gen_operation_groups[0].i_opgroup_block/gen_merged_slice.i_multifmt_slice/gen_num_lanes[0].active_lane.lane_instance.i_fpnew_fma_multi/register_write_behavioral[31].mem[31][31]_i_547/O
                         net (fo=4, routed)           0.117    13.831    vproc/fpu_ss_i/i_fpnew_bulk/gen_operation_groups[0].i_opgroup_block/gen_merged_slice.i_multifmt_slice/gen_num_lanes[0].active_lane.lane_instance.i_fpnew_fma_multi/register_write_behavioral[31].mem[31][31]_i_547_n_0
    SLICE_X108Y46                                                     r  vproc/fpu_ss_i/i_fpnew_bulk/gen_operation_groups[0].i_opgroup_block/gen_merged_slice.i_multifmt_slice/gen_num_lanes[0].active_lane.lane_instance.i_fpnew_fma_multi/register_write_behavioral[31].mem[31][31]_i_481/I1
    SLICE_X108Y46        LUT3 (Prop_lut3_I1_O)        0.043    13.874 r  vproc/fpu_ss_i/i_fpnew_bulk/gen_operation_groups[0].i_opgroup_block/gen_merged_slice.i_multifmt_slice/gen_num_lanes[0].active_lane.lane_instance.i_fpnew_fma_multi/register_write_behavioral[31].mem[31][31]_i_481/O
                         net (fo=5, routed)           0.484    14.359    vproc/fpu_ss_i/i_fpnew_bulk/gen_operation_groups[0].i_opgroup_block/gen_merged_slice.i_multifmt_slice/gen_num_lanes[0].active_lane.lane_instance.i_fpnew_fma_multi/register_write_behavioral[31].mem[31][31]_i_481_n_0
    SLICE_X108Y41                                                     r  vproc/fpu_ss_i/i_fpnew_bulk/gen_operation_groups[0].i_opgroup_block/gen_merged_slice.i_multifmt_slice/gen_num_lanes[0].active_lane.lane_instance.i_fpnew_fma_multi/register_write_behavioral[31].mem[31][31]_i_360/I2
    SLICE_X108Y41        LUT3 (Prop_lut3_I2_O)        0.043    14.402 r  vproc/fpu_ss_i/i_fpnew_bulk/gen_operation_groups[0].i_opgroup_block/gen_merged_slice.i_multifmt_slice/gen_num_lanes[0].active_lane.lane_instance.i_fpnew_fma_multi/register_write_behavioral[31].mem[31][31]_i_360/O
                         net (fo=1, routed)           0.316    14.718    vproc/fpu_ss_i/i_fpnew_bulk/gen_operation_groups[0].i_opgroup_block/gen_merged_slice.i_multifmt_slice/gen_num_lanes[0].active_lane.lane_instance.i_fpnew_fma_multi/register_write_behavioral[31].mem[31][31]_i_360_n_0
    SLICE_X109Y41                                                     r  vproc/fpu_ss_i/i_fpnew_bulk/gen_operation_groups[0].i_opgroup_block/gen_merged_slice.i_multifmt_slice/gen_num_lanes[0].active_lane.lane_instance.i_fpnew_fma_multi/register_write_behavioral[31].mem[31][31]_i_236/I1
    SLICE_X109Y41        LUT6 (Prop_lut6_I1_O)        0.043    14.761 f  vproc/fpu_ss_i/i_fpnew_bulk/gen_operation_groups[0].i_opgroup_block/gen_merged_slice.i_multifmt_slice/gen_num_lanes[0].active_lane.lane_instance.i_fpnew_fma_multi/register_write_behavioral[31].mem[31][31]_i_236/O
                         net (fo=2, routed)           0.497    15.258    vproc/fpu_ss_i/i_fpnew_bulk/gen_operation_groups[0].i_opgroup_block/gen_merged_slice.i_multifmt_slice/gen_num_lanes[0].active_lane.lane_instance.i_fpnew_fma_multi/register_write_behavioral[31].mem[31][31]_i_236_n_0
    SLICE_X109Y32                                                     f  vproc/fpu_ss_i/i_fpnew_bulk/gen_operation_groups[0].i_opgroup_block/gen_merged_slice.i_multifmt_slice/gen_num_lanes[0].active_lane.lane_instance.i_fpnew_fma_multi/register_write_behavioral[31].mem[31][23]_i_396/I1
    SLICE_X109Y32        LUT2 (Prop_lut2_I1_O)        0.043    15.301 r  vproc/fpu_ss_i/i_fpnew_bulk/gen_operation_groups[0].i_opgroup_block/gen_merged_slice.i_multifmt_slice/gen_num_lanes[0].active_lane.lane_instance.i_fpnew_fma_multi/register_write_behavioral[31].mem[31][23]_i_396/O
                         net (fo=2, routed)           0.311    15.612    vproc/fpu_ss_i/i_fpnew_bulk/gen_operation_groups[0].i_opgroup_block/gen_merged_slice.i_multifmt_slice/gen_num_lanes[0].active_lane.lane_instance.i_fpnew_fma_multi/inject_carry_in
    SLICE_X111Y31                                                     r  vproc/fpu_ss_i/i_fpnew_bulk/gen_operation_groups[0].i_opgroup_block/gen_merged_slice.i_multifmt_slice/gen_num_lanes[0].active_lane.lane_instance.i_fpnew_fma_multi/register_write_behavioral[31].mem_reg[31][23]_i_214/DI[0]
    SLICE_X111Y31        CARRY4 (Prop_carry4_DI[0]_CO[3])
                                                      0.269    15.881 r  vproc/fpu_ss_i/i_fpnew_bulk/gen_operation_groups[0].i_opgroup_block/gen_merged_slice.i_multifmt_slice/gen_num_lanes[0].active_lane.lane_instance.i_fpnew_fma_multi/register_write_behavioral[31].mem_reg[31][23]_i_214/CO[3]
                         net (fo=1, routed)           0.000    15.881    vproc/fpu_ss_i/i_fpnew_bulk/gen_operation_groups[0].i_opgroup_block/gen_merged_slice.i_multifmt_slice/gen_num_lanes[0].active_lane.lane_instance.i_fpnew_fma_multi/register_write_behavioral[31].mem_reg[31][23]_i_214_n_0
    SLICE_X111Y32                                                     r  vproc/fpu_ss_i/i_fpnew_bulk/gen_operation_groups[0].i_opgroup_block/gen_merged_slice.i_multifmt_slice/gen_num_lanes[0].active_lane.lane_instance.i_fpnew_fma_multi/register_write_behavioral[31].mem_reg[31][23]_i_393/CI
    SLICE_X111Y32        CARRY4 (Prop_carry4_CI_CO[3])
                                                      0.053    15.934 r  vproc/fpu_ss_i/i_fpnew_bulk/gen_operation_groups[0].i_opgroup_block/gen_merged_slice.i_multifmt_slice/gen_num_lanes[0].active_lane.lane_instance.i_fpnew_fma_multi/register_write_behavioral[31].mem_reg[31][23]_i_393/CO[3]
                         net (fo=1, routed)           0.000    15.934    vproc/fpu_ss_i/i_fpnew_bulk/gen_operation_groups[0].i_opgroup_block/gen_merged_slice.i_multifmt_slice/gen_num_lanes[0].active_lane.lane_instance.i_fpnew_fma_multi/register_write_behavioral[31].mem_reg[31][23]_i_393_n_0
    SLICE_X111Y33                                                     r  vproc/fpu_ss_i/i_fpnew_bulk/gen_operation_groups[0].i_opgroup_block/gen_merged_slice.i_multifmt_slice/gen_num_lanes[0].active_lane.lane_instance.i_fpnew_fma_multi/register_write_behavioral[31].mem_reg[31][23]_i_391/CI
    SLICE_X111Y33        CARRY4 (Prop_carry4_CI_CO[3])
                                                      0.053    15.987 r  vproc/fpu_ss_i/i_fpnew_bulk/gen_operation_groups[0].i_opgroup_block/gen_merged_slice.i_multifmt_slice/gen_num_lanes[0].active_lane.lane_instance.i_fpnew_fma_multi/register_write_behavioral[31].mem_reg[31][23]_i_391/CO[3]
                         net (fo=1, routed)           0.000    15.987    vproc/fpu_ss_i/i_fpnew_bulk/gen_operation_groups[0].i_opgroup_block/gen_merged_slice.i_multifmt_slice/gen_num_lanes[0].active_lane.lane_instance.i_fpnew_fma_multi/register_write_behavioral[31].mem_reg[31][23]_i_391_n_0
    SLICE_X111Y34                                                     r  vproc/fpu_ss_i/i_fpnew_bulk/gen_operation_groups[0].i_opgroup_block/gen_merged_slice.i_multifmt_slice/gen_num_lanes[0].active_lane.lane_instance.i_fpnew_fma_multi/register_write_behavioral[31].mem_reg[31][23]_i_432/CI
    SLICE_X111Y34        CARRY4 (Prop_carry4_CI_CO[3])
                                                      0.053    16.040 r  vproc/fpu_ss_i/i_fpnew_bulk/gen_operation_groups[0].i_opgroup_block/gen_merged_slice.i_multifmt_slice/gen_num_lanes[0].active_lane.lane_instance.i_fpnew_fma_multi/register_write_behavioral[31].mem_reg[31][23]_i_432/CO[3]
                         net (fo=1, routed)           0.000    16.040    vproc/fpu_ss_i/i_fpnew_bulk/gen_operation_groups[0].i_opgroup_block/gen_merged_slice.i_multifmt_slice/gen_num_lanes[0].active_lane.lane_instance.i_fpnew_fma_multi/register_write_behavioral[31].mem_reg[31][23]_i_432_n_0
    SLICE_X111Y35                                                     r  vproc/fpu_ss_i/i_fpnew_bulk/gen_operation_groups[0].i_opgroup_block/gen_merged_slice.i_multifmt_slice/gen_num_lanes[0].active_lane.lane_instance.i_fpnew_fma_multi/register_write_behavioral[31].mem_reg[31][23]_i_427/CI
    SLICE_X111Y35        CARRY4 (Prop_carry4_CI_CO[3])
                                                      0.053    16.093 r  vproc/fpu_ss_i/i_fpnew_bulk/gen_operation_groups[0].i_opgroup_block/gen_merged_slice.i_multifmt_slice/gen_num_lanes[0].active_lane.lane_instance.i_fpnew_fma_multi/register_write_behavioral[31].mem_reg[31][23]_i_427/CO[3]
                         net (fo=1, routed)           0.000    16.093    vproc/fpu_ss_i/i_fpnew_bulk/gen_operation_groups[0].i_opgroup_block/gen_merged_slice.i_multifmt_slice/gen_num_lanes[0].active_lane.lane_instance.i_fpnew_fma_multi/register_write_behavioral[31].mem_reg[31][23]_i_427_n_0
    SLICE_X111Y36                                                     r  vproc/fpu_ss_i/i_fpnew_bulk/gen_operation_groups[0].i_opgroup_block/gen_merged_slice.i_multifmt_slice/gen_num_lanes[0].active_lane.lane_instance.i_fpnew_fma_multi/register_write_behavioral[31].mem_reg[31][23]_i_434/CI
    SLICE_X111Y36        CARRY4 (Prop_carry4_CI_CO[3])
                                                      0.053    16.146 r  vproc/fpu_ss_i/i_fpnew_bulk/gen_operation_groups[0].i_opgroup_block/gen_merged_slice.i_multifmt_slice/gen_num_lanes[0].active_lane.lane_instance.i_fpnew_fma_multi/register_write_behavioral[31].mem_reg[31][23]_i_434/CO[3]
                         net (fo=1, routed)           0.000    16.146    vproc/fpu_ss_i/i_fpnew_bulk/gen_operation_groups[0].i_opgroup_block/gen_merged_slice.i_multifmt_slice/gen_num_lanes[0].active_lane.lane_instance.i_fpnew_fma_multi/register_write_behavioral[31].mem_reg[31][23]_i_434_n_0
    SLICE_X111Y37                                                     r  vproc/fpu_ss_i/i_fpnew_bulk/gen_operation_groups[0].i_opgroup_block/gen_merged_slice.i_multifmt_slice/gen_num_lanes[0].active_lane.lane_instance.i_fpnew_fma_multi/register_write_behavioral[31].mem_reg[31][23]_i_414/CI
    SLICE_X111Y37        CARRY4 (Prop_carry4_CI_CO[3])
                                                      0.053    16.199 r  vproc/fpu_ss_i/i_fpnew_bulk/gen_operation_groups[0].i_opgroup_block/gen_merged_slice.i_multifmt_slice/gen_num_lanes[0].active_lane.lane_instance.i_fpnew_fma_multi/register_write_behavioral[31].mem_reg[31][23]_i_414/CO[3]
                         net (fo=1, routed)           0.000    16.199    vproc/fpu_ss_i/i_fpnew_bulk/gen_operation_groups[0].i_opgroup_block/gen_merged_slice.i_multifmt_slice/gen_num_lanes[0].active_lane.lane_instance.i_fpnew_fma_multi/register_write_behavioral[31].mem_reg[31][23]_i_414_n_0
    SLICE_X111Y38                                                     r  vproc/fpu_ss_i/i_fpnew_bulk/gen_operation_groups[0].i_opgroup_block/gen_merged_slice.i_multifmt_slice/gen_num_lanes[0].active_lane.lane_instance.i_fpnew_fma_multi/register_write_behavioral[31].mem_reg[31][23]_i_429/CI
    SLICE_X111Y38        CARRY4 (Prop_carry4_CI_CO[3])
                                                      0.053    16.252 r  vproc/fpu_ss_i/i_fpnew_bulk/gen_operation_groups[0].i_opgroup_block/gen_merged_slice.i_multifmt_slice/gen_num_lanes[0].active_lane.lane_instance.i_fpnew_fma_multi/register_write_behavioral[31].mem_reg[31][23]_i_429/CO[3]
                         net (fo=1, routed)           0.000    16.252    vproc/fpu_ss_i/i_fpnew_bulk/gen_operation_groups[0].i_opgroup_block/gen_merged_slice.i_multifmt_slice/gen_num_lanes[0].active_lane.lane_instance.i_fpnew_fma_multi/register_write_behavioral[31].mem_reg[31][23]_i_429_n_0
    SLICE_X111Y39                                                     r  vproc/fpu_ss_i/i_fpnew_bulk/gen_operation_groups[0].i_opgroup_block/gen_merged_slice.i_multifmt_slice/gen_num_lanes[0].active_lane.lane_instance.i_fpnew_fma_multi/register_write_behavioral[31].mem_reg[31][23]_i_422/CI
    SLICE_X111Y39        CARRY4 (Prop_carry4_CI_CO[3])
                                                      0.053    16.305 r  vproc/fpu_ss_i/i_fpnew_bulk/gen_operation_groups[0].i_opgroup_block/gen_merged_slice.i_multifmt_slice/gen_num_lanes[0].active_lane.lane_instance.i_fpnew_fma_multi/register_write_behavioral[31].mem_reg[31][23]_i_422/CO[3]
                         net (fo=1, routed)           0.000    16.305    vproc/fpu_ss_i/i_fpnew_bulk/gen_operation_groups[0].i_opgroup_block/gen_merged_slice.i_multifmt_slice/gen_num_lanes[0].active_lane.lane_instance.i_fpnew_fma_multi/register_write_behavioral[31].mem_reg[31][23]_i_422_n_0
    SLICE_X111Y40                                                     r  vproc/fpu_ss_i/i_fpnew_bulk/gen_operation_groups[0].i_opgroup_block/gen_merged_slice.i_multifmt_slice/gen_num_lanes[0].active_lane.lane_instance.i_fpnew_fma_multi/register_write_behavioral[31].mem_reg[31][23]_i_421/CI
    SLICE_X111Y40        CARRY4 (Prop_carry4_CI_CO[3])
                                                      0.053    16.358 r  vproc/fpu_ss_i/i_fpnew_bulk/gen_operation_groups[0].i_opgroup_block/gen_merged_slice.i_multifmt_slice/gen_num_lanes[0].active_lane.lane_instance.i_fpnew_fma_multi/register_write_behavioral[31].mem_reg[31][23]_i_421/CO[3]
                         net (fo=1, routed)           0.000    16.358    vproc/fpu_ss_i/i_fpnew_bulk/gen_operation_groups[0].i_opgroup_block/gen_merged_slice.i_multifmt_slice/gen_num_lanes[0].active_lane.lane_instance.i_fpnew_fma_multi/register_write_behavioral[31].mem_reg[31][23]_i_421_n_0
    SLICE_X111Y41                                                     r  vproc/fpu_ss_i/i_fpnew_bulk/gen_operation_groups[0].i_opgroup_block/gen_merged_slice.i_multifmt_slice/gen_num_lanes[0].active_lane.lane_instance.i_fpnew_fma_multi/register_write_behavioral[31].mem_reg[31][23]_i_418/CI
    SLICE_X111Y41        CARRY4 (Prop_carry4_CI_CO[3])
                                                      0.053    16.411 r  vproc/fpu_ss_i/i_fpnew_bulk/gen_operation_groups[0].i_opgroup_block/gen_merged_slice.i_multifmt_slice/gen_num_lanes[0].active_lane.lane_instance.i_fpnew_fma_multi/register_write_behavioral[31].mem_reg[31][23]_i_418/CO[3]
                         net (fo=1, routed)           0.000    16.411    vproc/fpu_ss_i/i_fpnew_bulk/gen_operation_groups[0].i_opgroup_block/gen_merged_slice.i_multifmt_slice/gen_num_lanes[0].active_lane.lane_instance.i_fpnew_fma_multi/register_write_behavioral[31].mem_reg[31][23]_i_418_n_0
    SLICE_X111Y42                                                     r  vproc/fpu_ss_i/i_fpnew_bulk/gen_operation_groups[0].i_opgroup_block/gen_merged_slice.i_multifmt_slice/gen_num_lanes[0].active_lane.lane_instance.i_fpnew_fma_multi/register_write_behavioral[31].mem_reg[31][23]_i_437/CI
    SLICE_X111Y42        CARRY4 (Prop_carry4_CI_CO[3])
                                                      0.053    16.464 r  vproc/fpu_ss_i/i_fpnew_bulk/gen_operation_groups[0].i_opgroup_block/gen_merged_slice.i_multifmt_slice/gen_num_lanes[0].active_lane.lane_instance.i_fpnew_fma_multi/register_write_behavioral[31].mem_reg[31][23]_i_437/CO[3]
                         net (fo=1, routed)           0.000    16.464    vproc/fpu_ss_i/i_fpnew_bulk/gen_operation_groups[0].i_opgroup_block/gen_merged_slice.i_multifmt_slice/gen_num_lanes[0].active_lane.lane_instance.i_fpnew_fma_multi/register_write_behavioral[31].mem_reg[31][23]_i_437_n_0
    SLICE_X111Y43                                                     r  vproc/fpu_ss_i/i_fpnew_bulk/gen_operation_groups[0].i_opgroup_block/gen_merged_slice.i_multifmt_slice/gen_num_lanes[0].active_lane.lane_instance.i_fpnew_fma_multi/register_write_behavioral[31].mem_reg[31][23]_i_439/CI
    SLICE_X111Y43        CARRY4 (Prop_carry4_CI_CO[3])
                                                      0.053    16.517 r  vproc/fpu_ss_i/i_fpnew_bulk/gen_operation_groups[0].i_opgroup_block/gen_merged_slice.i_multifmt_slice/gen_num_lanes[0].active_lane.lane_instance.i_fpnew_fma_multi/register_write_behavioral[31].mem_reg[31][23]_i_439/CO[3]
                         net (fo=1, routed)           0.000    16.517    vproc/fpu_ss_i/i_fpnew_bulk/gen_operation_groups[0].i_opgroup_block/gen_merged_slice.i_multifmt_slice/gen_num_lanes[0].active_lane.lane_instance.i_fpnew_fma_multi/register_write_behavioral[31].mem_reg[31][23]_i_439_n_0
    SLICE_X111Y44                                                     r  vproc/fpu_ss_i/i_fpnew_bulk/gen_operation_groups[0].i_opgroup_block/gen_merged_slice.i_multifmt_slice/gen_num_lanes[0].active_lane.lane_instance.i_fpnew_fma_multi/register_write_behavioral[31].mem_reg[31][23]_i_441/CI
    SLICE_X111Y44        CARRY4 (Prop_carry4_CI_CO[3])
                                                      0.053    16.570 r  vproc/fpu_ss_i/i_fpnew_bulk/gen_operation_groups[0].i_opgroup_block/gen_merged_slice.i_multifmt_slice/gen_num_lanes[0].active_lane.lane_instance.i_fpnew_fma_multi/register_write_behavioral[31].mem_reg[31][23]_i_441/CO[3]
                         net (fo=1, routed)           0.000    16.570    vproc/fpu_ss_i/i_fpnew_bulk/gen_operation_groups[0].i_opgroup_block/gen_merged_slice.i_multifmt_slice/gen_num_lanes[0].active_lane.lane_instance.i_fpnew_fma_multi/register_write_behavioral[31].mem_reg[31][23]_i_441_n_0
    SLICE_X111Y45                                                     r  vproc/fpu_ss_i/i_fpnew_bulk/gen_operation_groups[0].i_opgroup_block/gen_merged_slice.i_multifmt_slice/gen_num_lanes[0].active_lane.lane_instance.i_fpnew_fma_multi/register_write_behavioral[31].mem_reg[31][23]_i_443/CI
    SLICE_X111Y45        CARRY4 (Prop_carry4_CI_CO[3])
                                                      0.053    16.623 r  vproc/fpu_ss_i/i_fpnew_bulk/gen_operation_groups[0].i_opgroup_block/gen_merged_slice.i_multifmt_slice/gen_num_lanes[0].active_lane.lane_instance.i_fpnew_fma_multi/register_write_behavioral[31].mem_reg[31][23]_i_443/CO[3]
                         net (fo=1, routed)           0.000    16.623    vproc/fpu_ss_i/i_fpnew_bulk/gen_operation_groups[0].i_opgroup_block/gen_merged_slice.i_multifmt_slice/gen_num_lanes[0].active_lane.lane_instance.i_fpnew_fma_multi/register_write_behavioral[31].mem_reg[31][23]_i_443_n_0
    SLICE_X111Y46                                                     r  vproc/fpu_ss_i/i_fpnew_bulk/gen_operation_groups[0].i_opgroup_block/gen_merged_slice.i_multifmt_slice/gen_num_lanes[0].active_lane.lane_instance.i_fpnew_fma_multi/register_write_behavioral[31].mem_reg[31][31]_i_391/CI
    SLICE_X111Y46        CARRY4 (Prop_carry4_CI_CO[3])
                                                      0.053    16.676 r  vproc/fpu_ss_i/i_fpnew_bulk/gen_operation_groups[0].i_opgroup_block/gen_merged_slice.i_multifmt_slice/gen_num_lanes[0].active_lane.lane_instance.i_fpnew_fma_multi/register_write_behavioral[31].mem_reg[31][31]_i_391/CO[3]
                         net (fo=1, routed)           0.000    16.676    vproc/fpu_ss_i/i_fpnew_bulk/gen_operation_groups[0].i_opgroup_block/gen_merged_slice.i_multifmt_slice/gen_num_lanes[0].active_lane.lane_instance.i_fpnew_fma_multi/register_write_behavioral[31].mem_reg[31][31]_i_391_n_0
    SLICE_X111Y47                                                     r  vproc/fpu_ss_i/i_fpnew_bulk/gen_operation_groups[0].i_opgroup_block/gen_merged_slice.i_multifmt_slice/gen_num_lanes[0].active_lane.lane_instance.i_fpnew_fma_multi/register_write_behavioral[31].mem_reg[31][31]_i_260/CI
    SLICE_X111Y47        CARRY4 (Prop_carry4_CI_CO[3])
                                                      0.053    16.729 r  vproc/fpu_ss_i/i_fpnew_bulk/gen_operation_groups[0].i_opgroup_block/gen_merged_slice.i_multifmt_slice/gen_num_lanes[0].active_lane.lane_instance.i_fpnew_fma_multi/register_write_behavioral[31].mem_reg[31][31]_i_260/CO[3]
                         net (fo=1, routed)           0.000    16.729    vproc/fpu_ss_i/i_fpnew_bulk/gen_operation_groups[0].i_opgroup_block/gen_merged_slice.i_multifmt_slice/gen_num_lanes[0].active_lane.lane_instance.i_fpnew_fma_multi/register_write_behavioral[31].mem_reg[31][31]_i_260_n_0
    SLICE_X111Y48                                                     r  vproc/fpu_ss_i/i_fpnew_bulk/gen_operation_groups[0].i_opgroup_block/gen_merged_slice.i_multifmt_slice/gen_num_lanes[0].active_lane.lane_instance.i_fpnew_fma_multi/register_write_behavioral[31].mem_reg[31][31]_i_188/CI
    SLICE_X111Y48        CARRY4 (Prop_carry4_CI_CO[3])
                                                      0.053    16.782 r  vproc/fpu_ss_i/i_fpnew_bulk/gen_operation_groups[0].i_opgroup_block/gen_merged_slice.i_multifmt_slice/gen_num_lanes[0].active_lane.lane_instance.i_fpnew_fma_multi/register_write_behavioral[31].mem_reg[31][31]_i_188/CO[3]
                         net (fo=1, routed)           0.000    16.782    vproc/fpu_ss_i/i_fpnew_bulk/gen_operation_groups[0].i_opgroup_block/gen_merged_slice.i_multifmt_slice/gen_num_lanes[0].active_lane.lane_instance.i_fpnew_fma_multi/register_write_behavioral[31].mem_reg[31][31]_i_188_n_0
    SLICE_X111Y49                                                     r  vproc/fpu_ss_i/i_fpnew_bulk/gen_operation_groups[0].i_opgroup_block/gen_merged_slice.i_multifmt_slice/gen_num_lanes[0].active_lane.lane_instance.i_fpnew_fma_multi/register_write_behavioral[31].mem_reg[31][31]_i_142/CI
    SLICE_X111Y49        CARRY4 (Prop_carry4_CI_CO[3])
                                                      0.053    16.835 r  vproc/fpu_ss_i/i_fpnew_bulk/gen_operation_groups[0].i_opgroup_block/gen_merged_slice.i_multifmt_slice/gen_num_lanes[0].active_lane.lane_instance.i_fpnew_fma_multi/register_write_behavioral[31].mem_reg[31][31]_i_142/CO[3]
                         net (fo=1, routed)           0.001    16.836    vproc/fpu_ss_i/i_fpnew_bulk/gen_operation_groups[0].i_opgroup_block/gen_merged_slice.i_multifmt_slice/gen_num_lanes[0].active_lane.lane_instance.i_fpnew_fma_multi/register_write_behavioral[31].mem_reg[31][31]_i_142_n_0
    SLICE_X111Y50                                                     r  vproc/fpu_ss_i/i_fpnew_bulk/gen_operation_groups[0].i_opgroup_block/gen_merged_slice.i_multifmt_slice/gen_num_lanes[0].active_lane.lane_instance.i_fpnew_fma_multi/register_write_behavioral[31].mem_reg[31][31]_i_93/CI
    SLICE_X111Y50        CARRY4 (Prop_carry4_CI_CO[0])
                                                      0.139    16.975 r  vproc/fpu_ss_i/i_fpnew_bulk/gen_operation_groups[0].i_opgroup_block/gen_merged_slice.i_multifmt_slice/gen_num_lanes[0].active_lane.lane_instance.i_fpnew_fma_multi/register_write_behavioral[31].mem_reg[31][31]_i_93/CO[0]
                         net (fo=2, routed)           0.456    17.431    vproc/fpu_ss_i/i_fpnew_bulk/gen_operation_groups[0].i_opgroup_block/gen_merged_slice.i_multifmt_slice/gen_num_lanes[0].active_lane.lane_instance.i_fpnew_fma_multi/sum_carry
    SLICE_X112Y43                                                     r  vproc/fpu_ss_i/i_fpnew_bulk/gen_operation_groups[0].i_opgroup_block/gen_merged_slice.i_multifmt_slice/gen_num_lanes[0].active_lane.lane_instance.i_fpnew_fma_multi/register_write_behavioral[31].mem[31][23]_i_216/I0
    SLICE_X112Y43        LUT3 (Prop_lut3_I0_O)        0.131    17.562 r  vproc/fpu_ss_i/i_fpnew_bulk/gen_operation_groups[0].i_opgroup_block/gen_merged_slice.i_multifmt_slice/gen_num_lanes[0].active_lane.lane_instance.i_fpnew_fma_multi/register_write_behavioral[31].mem[31][23]_i_216/O
                         net (fo=121, routed)         0.635    18.198    vproc/fpu_ss_i/i_fpnew_bulk/gen_operation_groups[0].i_opgroup_block/gen_merged_slice.i_multifmt_slice/gen_num_lanes[0].active_lane.lane_instance.i_fpnew_fma_multi/register_write_behavioral[31].mem[31][23]_i_216_n_0
    SLICE_X113Y35                                                     r  vproc/fpu_ss_i/i_fpnew_bulk/gen_operation_groups[0].i_opgroup_block/gen_merged_slice.i_multifmt_slice/gen_num_lanes[0].active_lane.lane_instance.i_fpnew_fma_multi/register_write_behavioral[31].mem[31][23]_i_378/I3
    SLICE_X113Y35        LUT5 (Prop_lut5_I3_O)        0.043    18.241 f  vproc/fpu_ss_i/i_fpnew_bulk/gen_operation_groups[0].i_opgroup_block/gen_merged_slice.i_multifmt_slice/gen_num_lanes[0].active_lane.lane_instance.i_fpnew_fma_multi/register_write_behavioral[31].mem[31][23]_i_378/O
                         net (fo=2, routed)           0.451    18.692    vproc/fpu_ss_i/i_fpnew_bulk/gen_operation_groups[0].i_opgroup_block/gen_merged_slice.i_multifmt_slice/gen_num_lanes[0].active_lane.lane_instance.i_fpnew_fma_multi/register_write_behavioral[31].mem[31][23]_i_378_n_0
    SLICE_X114Y35                                                     f  vproc/fpu_ss_i/i_fpnew_bulk/gen_operation_groups[0].i_opgroup_block/gen_merged_slice.i_multifmt_slice/gen_num_lanes[0].active_lane.lane_instance.i_fpnew_fma_multi/register_write_behavioral[31].mem[31][31]_i_464/I0
    SLICE_X114Y35        LUT6 (Prop_lut6_I0_O)        0.043    18.735 f  vproc/fpu_ss_i/i_fpnew_bulk/gen_operation_groups[0].i_opgroup_block/gen_merged_slice.i_multifmt_slice/gen_num_lanes[0].active_lane.lane_instance.i_fpnew_fma_multi/register_write_behavioral[31].mem[31][31]_i_464/O
                         net (fo=4, routed)           0.268    19.003    vproc/fpu_ss_i/i_fpnew_bulk/gen_operation_groups[0].i_opgroup_block/gen_merged_slice.i_multifmt_slice/gen_num_lanes[0].active_lane.lane_instance.i_fpnew_fma_multi/i_lzc/p_23_in
    SLICE_X114Y35                                                     f  vproc/fpu_ss_i/i_fpnew_bulk/gen_operation_groups[0].i_opgroup_block/gen_merged_slice.i_multifmt_slice/gen_num_lanes[0].active_lane.lane_instance.i_fpnew_fma_multi/register_write_behavioral[31].mem[31][23]_i_209/I1
    SLICE_X114Y35        LUT6 (Prop_lut6_I1_O)        0.043    19.046 f  vproc/fpu_ss_i/i_fpnew_bulk/gen_operation_groups[0].i_opgroup_block/gen_merged_slice.i_multifmt_slice/gen_num_lanes[0].active_lane.lane_instance.i_fpnew_fma_multi/register_write_behavioral[31].mem[31][23]_i_209/O
                         net (fo=5, routed)           0.386    19.432    vproc/fpu_ss_i/i_fpnew_bulk/gen_operation_groups[0].i_opgroup_block/gen_merged_slice.i_multifmt_slice/gen_num_lanes[0].active_lane.lane_instance.i_fpnew_fma_multi/i_lzc/p_28_in
    SLICE_X115Y37                                                     f  vproc/fpu_ss_i/i_fpnew_bulk/gen_operation_groups[0].i_opgroup_block/gen_merged_slice.i_multifmt_slice/gen_num_lanes[0].active_lane.lane_instance.i_fpnew_fma_multi/register_write_behavioral[31].mem[31][23]_i_103/I0
    SLICE_X115Y37        LUT5 (Prop_lut5_I0_O)        0.043    19.475 f  vproc/fpu_ss_i/i_fpnew_bulk/gen_operation_groups[0].i_opgroup_block/gen_merged_slice.i_multifmt_slice/gen_num_lanes[0].active_lane.lane_instance.i_fpnew_fma_multi/register_write_behavioral[31].mem[31][23]_i_103/O
                         net (fo=10, routed)          0.484    19.960    vproc/fpu_ss_i/i_fpnew_bulk/gen_operation_groups[0].i_opgroup_block/gen_merged_slice.i_multifmt_slice/gen_num_lanes[0].active_lane.lane_instance.i_fpnew_fma_multi/i_lzc/gen_lzc.sel_nodes_5
    SLICE_X115Y38                                                     f  vproc/fpu_ss_i/i_fpnew_bulk/gen_operation_groups[0].i_opgroup_block/gen_merged_slice.i_multifmt_slice/gen_num_lanes[0].active_lane.lane_instance.i_fpnew_fma_multi/register_write_behavioral[31].mem[31][31]_i_347/I3
    SLICE_X115Y38        LUT4 (Prop_lut4_I3_O)        0.043    20.003 r  vproc/fpu_ss_i/i_fpnew_bulk/gen_operation_groups[0].i_opgroup_block/gen_merged_slice.i_multifmt_slice/gen_num_lanes[0].active_lane.lane_instance.i_fpnew_fma_multi/register_write_behavioral[31].mem[31][31]_i_347/O
                         net (fo=10, routed)          0.378    20.380    vproc/fpu_ss_i/i_fpnew_bulk/gen_operation_groups[0].i_opgroup_block/gen_merged_slice.i_multifmt_slice/gen_num_lanes[0].active_lane.lane_instance.i_fpnew_fma_multi/leading_zero_count[4]
    SLICE_X114Y38                                                     r  vproc/fpu_ss_i/i_fpnew_bulk/gen_operation_groups[0].i_opgroup_block/gen_merged_slice.i_multifmt_slice/gen_num_lanes[0].active_lane.lane_instance.i_fpnew_fma_multi/register_write_behavioral[31].mem[31][23]_i_390/I3
    SLICE_X114Y38        LUT4 (Prop_lut4_I3_O)        0.043    20.423 r  vproc/fpu_ss_i/i_fpnew_bulk/gen_operation_groups[0].i_opgroup_block/gen_merged_slice.i_multifmt_slice/gen_num_lanes[0].active_lane.lane_instance.i_fpnew_fma_multi/register_write_behavioral[31].mem[31][23]_i_390/O
                         net (fo=1, routed)           0.000    20.423    vproc/fpu_ss_i/i_fpnew_bulk/gen_operation_groups[0].i_opgroup_block/gen_merged_slice.i_multifmt_slice/gen_num_lanes[0].active_lane.lane_instance.i_fpnew_fma_multi/register_write_behavioral[31].mem[31][23]_i_390_n_0
    SLICE_X114Y38                                                     r  vproc/fpu_ss_i/i_fpnew_bulk/gen_operation_groups[0].i_opgroup_block/gen_merged_slice.i_multifmt_slice/gen_num_lanes[0].active_lane.lane_instance.i_fpnew_fma_multi/register_write_behavioral[31].mem_reg[31][23]_i_204/S[0]
    SLICE_X114Y38        CARRY4 (Prop_carry4_S[0]_CO[3])
                                                      0.246    20.669 r  vproc/fpu_ss_i/i_fpnew_bulk/gen_operation_groups[0].i_opgroup_block/gen_merged_slice.i_multifmt_slice/gen_num_lanes[0].active_lane.lane_instance.i_fpnew_fma_multi/register_write_behavioral[31].mem_reg[31][23]_i_204/CO[3]
                         net (fo=1, routed)           0.000    20.669    vproc/fpu_ss_i/i_fpnew_bulk/gen_operation_groups[0].i_opgroup_block/gen_merged_slice.i_multifmt_slice/gen_num_lanes[0].active_lane.lane_instance.i_fpnew_fma_multi/register_write_behavioral[31].mem_reg[31][23]_i_204_n_0
    SLICE_X114Y39                                                     r  vproc/fpu_ss_i/i_fpnew_bulk/gen_operation_groups[0].i_opgroup_block/gen_merged_slice.i_multifmt_slice/gen_num_lanes[0].active_lane.lane_instance.i_fpnew_fma_multi/register_write_behavioral[31].mem_reg[31][23]_i_102/CI
    SLICE_X114Y39        CARRY4 (Prop_carry4_CI_CO[1])
                                                      0.076    20.745 r  vproc/fpu_ss_i/i_fpnew_bulk/gen_operation_groups[0].i_opgroup_block/gen_merged_slice.i_multifmt_slice/gen_num_lanes[0].active_lane.lane_instance.i_fpnew_fma_multi/register_write_behavioral[31].mem_reg[31][23]_i_102/CO[1]
                         net (fo=2, routed)           0.196    20.942    vproc/fpu_ss_i/i_fpnew_bulk/gen_operation_groups[0].i_opgroup_block/gen_merged_slice.i_multifmt_slice/gen_num_lanes[0].active_lane.lane_instance.i_fpnew_fma_multi/register_write_behavioral[31].mem_reg[31][23]_i_102_n_2
    SLICE_X117Y39                                                     r  vproc/fpu_ss_i/i_fpnew_bulk/gen_operation_groups[0].i_opgroup_block/gen_merged_slice.i_multifmt_slice/gen_num_lanes[0].active_lane.lane_instance.i_fpnew_fma_multi/register_write_behavioral[31].mem[31][30]_i_411/I2
    SLICE_X117Y39        LUT6 (Prop_lut6_I2_O)        0.124    21.066 r  vproc/fpu_ss_i/i_fpnew_bulk/gen_operation_groups[0].i_opgroup_block/gen_merged_slice.i_multifmt_slice/gen_num_lanes[0].active_lane.lane_instance.i_fpnew_fma_multi/register_write_behavioral[31].mem[31][30]_i_411/O
                         net (fo=67, routed)          0.724    21.790    vproc/fpu_ss_i/i_fpnew_bulk/gen_operation_groups[0].i_opgroup_block/gen_merged_slice.i_multifmt_slice/gen_num_lanes[0].active_lane.lane_instance.i_fpnew_fma_multi/register_write_behavioral[31].mem[31][30]_i_411_n_0
    SLICE_X122Y38                                                     r  vproc/fpu_ss_i/i_fpnew_bulk/gen_operation_groups[0].i_opgroup_block/gen_merged_slice.i_multifmt_slice/gen_num_lanes[0].active_lane.lane_instance.i_fpnew_fma_multi/register_write_behavioral[31].mem[31][30]_i_338/I3
    SLICE_X122Y38        LUT5 (Prop_lut5_I3_O)        0.043    21.833 r  vproc/fpu_ss_i/i_fpnew_bulk/gen_operation_groups[0].i_opgroup_block/gen_merged_slice.i_multifmt_slice/gen_num_lanes[0].active_lane.lane_instance.i_fpnew_fma_multi/register_write_behavioral[31].mem[31][30]_i_338/O
                         net (fo=4, routed)           0.581    22.414    vproc/fpu_ss_i/i_fpnew_bulk/gen_operation_groups[0].i_opgroup_block/gen_merged_slice.i_multifmt_slice/gen_num_lanes[0].active_lane.lane_instance.i_fpnew_fma_multi/register_write_behavioral[31].mem[31][30]_i_338_n_0
    SLICE_X119Y38                                                     r  vproc/fpu_ss_i/i_fpnew_bulk/gen_operation_groups[0].i_opgroup_block/gen_merged_slice.i_multifmt_slice/gen_num_lanes[0].active_lane.lane_instance.i_fpnew_fma_multi/register_write_behavioral[31].mem[31][30]_i_202/I1
    SLICE_X119Y38        LUT6 (Prop_lut6_I1_O)        0.043    22.457 r  vproc/fpu_ss_i/i_fpnew_bulk/gen_operation_groups[0].i_opgroup_block/gen_merged_slice.i_multifmt_slice/gen_num_lanes[0].active_lane.lane_instance.i_fpnew_fma_multi/register_write_behavioral[31].mem[31][30]_i_202/O
                         net (fo=4, routed)           0.352    22.809    vproc/fpu_ss_i/i_fpnew_bulk/gen_operation_groups[0].i_opgroup_block/gen_merged_slice.i_multifmt_slice/gen_num_lanes[0].active_lane.lane_instance.i_fpnew_fma_multi/register_write_behavioral[31].mem[31][30]_i_202_n_0
    SLICE_X116Y37                                                     r  vproc/fpu_ss_i/i_fpnew_bulk/gen_operation_groups[0].i_opgroup_block/gen_merged_slice.i_multifmt_slice/gen_num_lanes[0].active_lane.lane_instance.i_fpnew_fma_multi/register_write_behavioral[31].mem[31][30]_i_129/I3
    SLICE_X116Y37        LUT6 (Prop_lut6_I3_O)        0.043    22.852 r  vproc/fpu_ss_i/i_fpnew_bulk/gen_operation_groups[0].i_opgroup_block/gen_merged_slice.i_multifmt_slice/gen_num_lanes[0].active_lane.lane_instance.i_fpnew_fma_multi/register_write_behavioral[31].mem[31][30]_i_129/O
                         net (fo=1, routed)           0.528    23.380    vproc/fpu_ss_i/i_fpnew_bulk/gen_operation_groups[0].i_opgroup_block/gen_merged_slice.i_multifmt_slice/gen_num_lanes[0].active_lane.lane_instance.i_fpnew_fma_multi/register_write_behavioral[31].mem[31][30]_i_129_n_0
    SLICE_X115Y35                                                     r  vproc/fpu_ss_i/i_fpnew_bulk/gen_operation_groups[0].i_opgroup_block/gen_merged_slice.i_multifmt_slice/gen_num_lanes[0].active_lane.lane_instance.i_fpnew_fma_multi/register_write_behavioral[31].mem[31][30]_i_81/I0
    SLICE_X115Y35        LUT6 (Prop_lut6_I0_O)        0.043    23.423 f  vproc/fpu_ss_i/i_fpnew_bulk/gen_operation_groups[0].i_opgroup_block/gen_merged_slice.i_multifmt_slice/gen_num_lanes[0].active_lane.lane_instance.i_fpnew_fma_multi/register_write_behavioral[31].mem[31][30]_i_81/O
                         net (fo=38, routed)          0.408    23.831    vproc/fpu_ss_i/i_fpnew_bulk/gen_operation_groups[0].i_opgroup_block/gen_merged_slice.i_multifmt_slice/gen_num_lanes[0].active_lane.lane_instance.i_fpnew_fma_multi/register_write_behavioral[31].mem[31][30]_i_81_n_0
    SLICE_X112Y34                                                     f  vproc/fpu_ss_i/i_fpnew_bulk/gen_operation_groups[0].i_opgroup_block/gen_merged_slice.i_multifmt_slice/gen_num_lanes[0].active_lane.lane_instance.i_fpnew_fma_multi/register_write_behavioral[31].mem[31][30]_i_413/I0
    SLICE_X112Y34        LUT4 (Prop_lut4_I0_O)        0.043    23.874 r  vproc/fpu_ss_i/i_fpnew_bulk/gen_operation_groups[0].i_opgroup_block/gen_merged_slice.i_multifmt_slice/gen_num_lanes[0].active_lane.lane_instance.i_fpnew_fma_multi/register_write_behavioral[31].mem[31][30]_i_413/O
                         net (fo=1, routed)           0.242    24.116    vproc/fpu_ss_i/i_fpnew_bulk/gen_operation_groups[0].i_opgroup_block/gen_merged_slice.i_multifmt_slice/gen_num_lanes[0].active_lane.lane_instance.i_fpnew_fma_multi/register_write_behavioral[31].mem[31][30]_i_413_n_0
    SLICE_X109Y34                                                     r  vproc/fpu_ss_i/i_fpnew_bulk/gen_operation_groups[0].i_opgroup_block/gen_merged_slice.i_multifmt_slice/gen_num_lanes[0].active_lane.lane_instance.i_fpnew_fma_multi/register_write_behavioral[31].mem[31][30]_i_368/I3
    SLICE_X109Y34        LUT5 (Prop_lut5_I3_O)        0.043    24.159 r  vproc/fpu_ss_i/i_fpnew_bulk/gen_operation_groups[0].i_opgroup_block/gen_merged_slice.i_multifmt_slice/gen_num_lanes[0].active_lane.lane_instance.i_fpnew_fma_multi/register_write_behavioral[31].mem[31][30]_i_368/O
                         net (fo=2, routed)           0.350    24.509    vproc/fpu_ss_i/i_fpnew_bulk/gen_operation_groups[0].i_opgroup_block/gen_merged_slice.i_multifmt_slice/gen_num_lanes[0].active_lane.lane_instance.i_fpnew_fma_multi/register_write_behavioral[31].mem[31][30]_i_368_n_0
    SLICE_X108Y33                                                     r  vproc/fpu_ss_i/i_fpnew_bulk/gen_operation_groups[0].i_opgroup_block/gen_merged_slice.i_multifmt_slice/gen_num_lanes[0].active_lane.lane_instance.i_fpnew_fma_multi/register_write_behavioral[31].mem[31][30]_i_239/I2
    SLICE_X108Y33        LUT4 (Prop_lut4_I2_O)        0.043    24.552 r  vproc/fpu_ss_i/i_fpnew_bulk/gen_operation_groups[0].i_opgroup_block/gen_merged_slice.i_multifmt_slice/gen_num_lanes[0].active_lane.lane_instance.i_fpnew_fma_multi/register_write_behavioral[31].mem[31][30]_i_239/O
                         net (fo=1, routed)           0.000    24.552    vproc/fpu_ss_i/i_fpnew_bulk/gen_operation_groups[0].i_opgroup_block/gen_merged_slice.i_multifmt_slice/gen_num_lanes[0].active_lane.lane_instance.i_fpnew_fma_multi/register_write_behavioral[31].mem[31][30]_i_239_n_0
    SLICE_X108Y33                                                     r  vproc/fpu_ss_i/i_fpnew_bulk/gen_operation_groups[0].i_opgroup_block/gen_merged_slice.i_multifmt_slice/gen_num_lanes[0].active_lane.lane_instance.i_fpnew_fma_multi/register_write_behavioral[31].mem_reg[31][30]_i_138/S[0]
    SLICE_X108Y33        CARRY4 (Prop_carry4_S[0]_CO[3])
                                                      0.246    24.798 r  vproc/fpu_ss_i/i_fpnew_bulk/gen_operation_groups[0].i_opgroup_block/gen_merged_slice.i_multifmt_slice/gen_num_lanes[0].active_lane.lane_instance.i_fpnew_fma_multi/register_write_behavioral[31].mem_reg[31][30]_i_138/CO[3]
                         net (fo=1, routed)           0.000    24.798    vproc/fpu_ss_i/i_fpnew_bulk/gen_operation_groups[0].i_opgroup_block/gen_merged_slice.i_multifmt_slice/gen_num_lanes[0].active_lane.lane_instance.i_fpnew_fma_multi/register_write_behavioral[31].mem_reg[31][30]_i_138_n_0
    SLICE_X108Y34                                                     r  vproc/fpu_ss_i/i_fpnew_bulk/gen_operation_groups[0].i_opgroup_block/gen_merged_slice.i_multifmt_slice/gen_num_lanes[0].active_lane.lane_instance.i_fpnew_fma_multi/register_write_behavioral[31].mem_reg[31][30]_i_85/CI
    SLICE_X108Y34        CARRY4 (Prop_carry4_CI_CO[3])
                                                      0.054    24.852 r  vproc/fpu_ss_i/i_fpnew_bulk/gen_operation_groups[0].i_opgroup_block/gen_merged_slice.i_multifmt_slice/gen_num_lanes[0].active_lane.lane_instance.i_fpnew_fma_multi/register_write_behavioral[31].mem_reg[31][30]_i_85/CO[3]
                         net (fo=1, routed)           0.000    24.852    vproc/fpu_ss_i/i_fpnew_bulk/gen_operation_groups[0].i_opgroup_block/gen_merged_slice.i_multifmt_slice/gen_num_lanes[0].active_lane.lane_instance.i_fpnew_fma_multi/register_write_behavioral[31].mem_reg[31][30]_i_85_n_0
    SLICE_X108Y35                                                     r  vproc/fpu_ss_i/i_fpnew_bulk/gen_operation_groups[0].i_opgroup_block/gen_merged_slice.i_multifmt_slice/gen_num_lanes[0].active_lane.lane_instance.i_fpnew_fma_multi/register_write_behavioral[31].mem_reg[31][30]_i_55/CI
    SLICE_X108Y35        CARRY4 (Prop_carry4_CI_CO[3])
                                                      0.054    24.906 r  vproc/fpu_ss_i/i_fpnew_bulk/gen_operation_groups[0].i_opgroup_block/gen_merged_slice.i_multifmt_slice/gen_num_lanes[0].active_lane.lane_instance.i_fpnew_fma_multi/register_write_behavioral[31].mem_reg[31][30]_i_55/CO[3]
                         net (fo=43, routed)          0.622    25.528    vproc/fpu_ss_i/i_fpnew_bulk/gen_operation_groups[0].i_opgroup_block/gen_merged_slice.i_multifmt_slice/gen_num_lanes[0].active_lane.lane_instance.i_fpnew_fma_multi/of_before_round
    SLICE_X112Y34                                                     r  vproc/fpu_ss_i/i_fpnew_bulk/gen_operation_groups[0].i_opgroup_block/gen_merged_slice.i_multifmt_slice/gen_num_lanes[0].active_lane.lane_instance.i_fpnew_fma_multi/register_write_behavioral[31].mem[31][31]_i_203/I0
    SLICE_X112Y34        LUT5 (Prop_lut5_I0_O)        0.043    25.571 r  vproc/fpu_ss_i/i_fpnew_bulk/gen_operation_groups[0].i_opgroup_block/gen_merged_slice.i_multifmt_slice/gen_num_lanes[0].active_lane.lane_instance.i_fpnew_fma_multi/register_write_behavioral[31].mem[31][31]_i_203/O
                         net (fo=1, routed)           0.239    25.810    vproc/fpu_ss_i/i_fpnew_bulk/gen_operation_groups[0].i_opgroup_block/gen_merged_slice.i_multifmt_slice/gen_num_lanes[0].active_lane.lane_instance.i_fpnew_fma_multi/register_write_behavioral[31].mem[31][31]_i_203_n_0
    SLICE_X112Y34                                                     r  vproc/fpu_ss_i/i_fpnew_bulk/gen_operation_groups[0].i_opgroup_block/gen_merged_slice.i_multifmt_slice/gen_num_lanes[0].active_lane.lane_instance.i_fpnew_fma_multi/register_write_behavioral[31].mem[31][31]_i_148/I0
    SLICE_X112Y34        LUT6 (Prop_lut6_I0_O)        0.043    25.853 r  vproc/fpu_ss_i/i_fpnew_bulk/gen_operation_groups[0].i_opgroup_block/gen_merged_slice.i_multifmt_slice/gen_num_lanes[0].active_lane.lane_instance.i_fpnew_fma_multi/register_write_behavioral[31].mem[31][31]_i_148/O
                         net (fo=2, routed)           0.431    26.284    vproc/fpu_ss_i/i_fpnew_bulk/gen_operation_groups[0].i_opgroup_block/gen_merged_slice.i_multifmt_slice/gen_num_lanes[0].active_lane.lane_instance.i_fpnew_fma_multi/register_write_behavioral[31].mem[31][31]_i_148_n_0
    SLICE_X107Y35                                                     r  vproc/fpu_ss_i/i_fpnew_bulk/gen_operation_groups[0].i_opgroup_block/gen_merged_slice.i_multifmt_slice/gen_num_lanes[0].active_lane.lane_instance.i_fpnew_fma_multi/register_write_behavioral[31].mem[31][31]_i_102/I2
    SLICE_X107Y35        LUT3 (Prop_lut3_I2_O)        0.049    26.333 f  vproc/fpu_ss_i/i_fpnew_bulk/gen_operation_groups[0].i_opgroup_block/gen_merged_slice.i_multifmt_slice/gen_num_lanes[0].active_lane.lane_instance.i_fpnew_fma_multi/register_write_behavioral[31].mem[31][31]_i_102/O
                         net (fo=3, routed)           0.476    26.809    vproc/fpu_ss_i/i_fpnew_bulk/gen_operation_groups[0].i_opgroup_block/gen_merged_slice.i_multifmt_slice/gen_num_lanes[0].active_lane.lane_instance.i_fpnew_fma_multi/register_write_behavioral[31].mem[31][31]_i_102_n_0
    SLICE_X106Y32                                                     f  vproc/fpu_ss_i/i_fpnew_bulk/gen_operation_groups[0].i_opgroup_block/gen_merged_slice.i_multifmt_slice/gen_num_lanes[0].active_lane.lane_instance.i_fpnew_fma_multi/register_write_behavioral[31].mem[31][3]_i_39/I3
    SLICE_X106Y32        LUT6 (Prop_lut6_I3_O)        0.136    26.945 r  vproc/fpu_ss_i/i_fpnew_bulk/gen_operation_groups[0].i_opgroup_block/gen_merged_slice.i_multifmt_slice/gen_num_lanes[0].active_lane.lane_instance.i_fpnew_fma_multi/register_write_behavioral[31].mem[31][3]_i_39/O
                         net (fo=1, routed)           0.348    27.293    vproc/fpu_ss_i/i_fpnew_bulk/gen_operation_groups[0].i_opgroup_block/gen_merged_slice.i_multifmt_slice/gen_num_lanes[0].active_lane.lane_instance.i_fpnew_fma_multi/register_write_behavioral[31].mem[31][3]_i_39_n_0
    SLICE_X107Y32                                                     r  vproc/fpu_ss_i/i_fpnew_bulk/gen_operation_groups[0].i_opgroup_block/gen_merged_slice.i_multifmt_slice/gen_num_lanes[0].active_lane.lane_instance.i_fpnew_fma_multi/register_write_behavioral[31].mem[31][3]_i_27/I4
    SLICE_X107Y32        LUT5 (Prop_lut5_I4_O)        0.043    27.336 r  vproc/fpu_ss_i/i_fpnew_bulk/gen_operation_groups[0].i_opgroup_block/gen_merged_slice.i_multifmt_slice/gen_num_lanes[0].active_lane.lane_instance.i_fpnew_fma_multi/register_write_behavioral[31].mem[31][3]_i_27/O
                         net (fo=1, routed)           0.000    27.336    vproc/fpu_ss_i/i_fpnew_bulk/gen_operation_groups[0].i_opgroup_block/gen_merged_slice.i_multifmt_slice/gen_num_lanes[0].active_lane.lane_instance.i_fpnew_fma_multi/register_write_behavioral[31].mem[31][3]_i_27_n_0
    SLICE_X107Y32                                                     r  vproc/fpu_ss_i/i_fpnew_bulk/gen_operation_groups[0].i_opgroup_block/gen_merged_slice.i_multifmt_slice/gen_num_lanes[0].active_lane.lane_instance.i_fpnew_fma_multi/register_write_behavioral[31].mem_reg[31][3]_i_12/S[0]
    SLICE_X107Y32        CARRY4 (Prop_carry4_S[0]_O[2])
                                                      0.266    27.602 f  vproc/fpu_ss_i/i_fpnew_bulk/gen_operation_groups[0].i_opgroup_block/gen_merged_slice.i_multifmt_slice/gen_num_lanes[0].active_lane.lane_instance.i_fpnew_fma_multi/register_write_behavioral[31].mem_reg[31][3]_i_12/O[2]
                         net (fo=1, routed)           0.607    28.209    vproc/fpu_ss_i/i_fpnew_bulk/gen_operation_groups[0].i_opgroup_block/gen_merged_slice.i_multifmt_slice/gen_num_lanes[0].active_lane.lane_instance.i_fpnew_fma_multi/rounded_abs[2]
    SLICE_X101Y41                                                     f  vproc/fpu_ss_i/i_fpnew_bulk/gen_operation_groups[0].i_opgroup_block/gen_merged_slice.i_multifmt_slice/gen_num_lanes[0].active_lane.lane_instance.i_fpnew_fma_multi/register_write_behavioral[31].mem[31][2]_i_5/I4
    SLICE_X101Y41        LUT6 (Prop_lut6_I4_O)        0.122    28.331 f  vproc/fpu_ss_i/i_fpnew_bulk/gen_operation_groups[0].i_opgroup_block/gen_merged_slice.i_multifmt_slice/gen_num_lanes[0].active_lane.lane_instance.i_fpnew_fma_multi/register_write_behavioral[31].mem[31][2]_i_5/O
                         net (fo=1, routed)           0.000    28.331    vproc/fpu_ss_i/i_fpnew_bulk/gen_operation_groups[2].i_opgroup_block/gen_parallel_slices[2].active_format.i_fmt_slice/gen_num_lanes[0].active_lane.lane_instance.i_noncomp/gen_arbiter.data_nodes[1][result][2]
    SLICE_X101Y41                                                     f  vproc/fpu_ss_i/i_fpnew_bulk/gen_operation_groups[2].i_opgroup_block/gen_parallel_slices[2].active_format.i_fmt_slice/gen_num_lanes[0].active_lane.lane_instance.i_noncomp/register_write_behavioral[31].mem_reg[31][2]_i_4/I0
    SLICE_X101Y41        MUXF7 (Prop_muxf7_I0_O)      0.107    28.438 f  vproc/fpu_ss_i/i_fpnew_bulk/gen_operation_groups[2].i_opgroup_block/gen_parallel_slices[2].active_format.i_fmt_slice/gen_num_lanes[0].active_lane.lane_instance.i_noncomp/register_write_behavioral[31].mem_reg[31][2]_i_4/O
                         net (fo=2, routed)           0.194    28.632    vproc/fpu_ss_i/fpu_ss_csr_i/gen_rf[1].mem[1][4]_i_2[2]
    SLICE_X99Y41                                                      f  vproc/fpu_ss_i/fpu_ss_csr_i/gen_rf[1].mem[1][2]_i_3/I2
    SLICE_X99Y41         LUT3 (Prop_lut3_I2_O)        0.124    28.756 f  vproc/fpu_ss_i/fpu_ss_csr_i/gen_rf[1].mem[1][2]_i_3/O
                         net (fo=1, routed)           0.405    29.161    vproc/core/ex_stage_i/fpu_ss_xif\\.result[data][2]
    SLICE_X80Y41                                                      f  vproc/core/ex_stage_i/gen_rf[1].mem[1][2]_i_2/I1
    SLICE_X80Y41         LUT6 (Prop_lut6_I1_O)        0.043    29.204 f  vproc/core/ex_stage_i/gen_rf[1].mem[1][2]_i_2/O
                         net (fo=1, routed)           0.103    29.307    vproc/core/load_store_unit_i/gen_rf[31].mem_reg[31][2]
    SLICE_X80Y41                                                      f  vproc/core/load_store_unit_i/gen_rf[1].mem[1][2]_i_1/I0
    SLICE_X80Y41         LUT6 (Prop_lut6_I0_O)        0.043    29.350 f  vproc/core/load_store_unit_i/gen_rf[1].mem[1][2]_i_1/O
                         net (fo=36, routed)          0.373    29.723    vproc/core/id_stage_i/rf_wdata_wb[1]
    SLICE_X79Y44                                                      f  vproc/core/id_stage_i/dec_data_q[rs2][r][xval][2]_i_2/I3
    SLICE_X79Y44         LUT6 (Prop_lut6_I3_O)        0.043    29.766 f  vproc/core/id_stage_i/dec_data_q[rs2][r][xval][2]_i_2/O
                         net (fo=2, routed)           0.298    30.064    vproc/core/if_stage_i/vcore_xif\\.issue_req[rs][1]_37[2]
    SLICE_X79Y44                                                      f  vproc/core/if_stage_i/dec_data_q[mode][6]_i_3/I3
    SLICE_X79Y44         LUT6 (Prop_lut6_I3_O)        0.043    30.107 f  vproc/core/if_stage_i/dec_data_q[mode][6]_i_3/O
                         net (fo=1, routed)           0.265    30.371    vproc/core/if_stage_i/dec_data_q[mode][6]_i_3_n_0
    SLICE_X77Y45                                                      f  vproc/core/if_stage_i/dec_data_q[mode][6]_i_1/I3
    SLICE_X77Y45         LUT6 (Prop_lut6_I3_O)        0.043    30.414 f  vproc/core/if_stage_i/dec_data_q[mode][6]_i_1/O
                         net (fo=4, routed)           0.326    30.740    vproc/core/if_stage_i/D[6]
    SLICE_X77Y47                                                      f  vproc/core/if_stage_i/stage_state_q[1][op_load][4]_i_16/I1
    SLICE_X77Y47         LUT6 (Prop_lut6_I1_O)        0.043    30.783 f  vproc/core/if_stage_i/stage_state_q[1][op_load][4]_i_16/O
                         net (fo=2, routed)           0.480    31.264    vproc/v_core/result_if/stage_state_q[1][op_load][4]_i_6_0
    SLICE_X78Y48                                                      f  vproc/v_core/result_if/stage_state_q[1][op_load][4]_i_11/I4
    SLICE_X78Y48         LUT6 (Prop_lut6_I4_O)        0.043    31.307 r  vproc/v_core/result_if/stage_state_q[1][op_load][4]_i_11/O
                         net (fo=1, routed)           0.362    31.669    vproc/v_core/result_if/stage_state_q[1][op_load][4]_i_11_n_0
    SLICE_X78Y48                                                      r  vproc/v_core/result_if/stage_state_q[1][op_load][4]_i_6/I2
    SLICE_X78Y48         LUT6 (Prop_lut6_I2_O)        0.043    31.712 f  vproc/v_core/result_if/stage_state_q[1][op_load][4]_i_6/O
                         net (fo=41, routed)          0.674    32.386    vproc/v_core/result_if/result_source_q_reg[1]_0
    SLICE_X77Y50                                                      f  vproc/v_core/result_if/register_write_behavioral[31].mem[31][31]_i_29/I2
    SLICE_X77Y50         LUT4 (Prop_lut4_I2_O)        0.043    32.429 r  vproc/v_core/result_if/register_write_behavioral[31].mem[31][31]_i_29/O
                         net (fo=34, routed)          0.665    33.094    vproc/core/load_store_unit_i/mpu_i/vcore_xif\\.result[rd][4]
    SLICE_X77Y50                                                      r  vproc/core/load_store_unit_i/mpu_i/register_write_behavioral[31].mem[31][31]_i_8/I2
    SLICE_X77Y50         LUT5 (Prop_lut5_I2_O)        0.043    33.137 r  vproc/core/load_store_unit_i/mpu_i/register_write_behavioral[31].mem[31][31]_i_8/O
                         net (fo=65, routed)          0.677    33.815    vproc/core/if_stage_i/fpr_wb_addr[3]
    SLICE_X77Y50                                                      r  vproc/core/if_stage_i/x_ext_regs.xif_res_q_i_12/I1
    SLICE_X77Y50         LUT6 (Prop_lut6_I1_O)        0.043    33.858 r  vproc/core/if_stage_i/x_ext_regs.xif_res_q_i_12/O
                         net (fo=2, routed)           0.460    34.318    vproc/core/if_stage_i/if_id_pipe_o_reg[instr][bus_resp][rdata][11]_17
    SLICE_X77Y50                                                      r  vproc/core/if_stage_i/x_ext_regs.xif_res_q_i_5/I3
    SLICE_X77Y50         LUT6 (Prop_lut6_I3_O)        0.043    34.361 f  vproc/core/if_stage_i/x_ext_regs.xif_res_q_i_5/O
                         net (fo=3, routed)           0.639    35.000    vproc/fpu_ss_i/fpu_ss_controller_i/x_ext_regs.xif_res_q_reg_1
    SLICE_X76Y50                                                      f  vproc/fpu_ss_i/fpu_ss_controller_i/x_ext_regs.xif_res_q_i_2/I2
    SLICE_X76Y50         LUT6 (Prop_lut6_I2_O)        0.043    35.043 r  vproc/fpu_ss_i/fpu_ss_controller_i/x_ext_regs.xif_res_q_i_2/O
                         net (fo=273, routed)         0.871    35.914    vproc/v_core/instr_queue/host_xif\\.mem_valid
    SLICE_X60Y47                                                      r  vproc/v_core/instr_queue/mem_rvalid_i_2/I4
    SLICE_X60Y47         LUT6 (Prop_lut6_I4_O)        0.043    35.957 f  vproc/v_core/instr_queue/mem_rvalid_i_2/O
                         net (fo=3, routed)           0.276    36.233    vproc/core/load_store_unit_i/response_filter_i/sdata_hold
    SLICE_X59Y45                                                      f  vproc/core/load_store_unit_i/response_filter_i/mem_rvalid_i_1/I0
    SLICE_X59Y45         LUT6 (Prop_lut6_I0_O)        0.043    36.276 r  vproc/core/load_store_unit_i/response_filter_i/mem_rvalid_i_1/O
                         net (fo=2, routed)           0.439    36.715    vproc/v_core/genblk9[0].pipe/pipeline/unit_mux/genblk1[0].unit/lsu/lsu_queue/mem_req
    SLICE_X59Y46                                                      r  vproc/v_core/genblk9[0].pipe/pipeline/unit_mux/genblk1[0].unit/lsu/lsu_queue/mem_reg_0_0_0_i_20/I3
    SLICE_X59Y46         LUT6 (Prop_lut6_I3_O)        0.043    36.758 f  vproc/v_core/genblk9[0].pipe/pipeline/unit_mux/genblk1[0].unit/lsu/lsu_queue/mem_reg_0_0_0_i_20/O
                         net (fo=6, routed)           0.284    37.042    vproc/v_core/genblk9[0].pipe/pipeline/unit_mux/genblk1[0].unit/lsu/lsu_queue/mem_reg_0_0_0_i_20_n_0
    SLICE_X59Y48                                                      f  vproc/v_core/genblk9[0].pipe/pipeline/unit_mux/genblk1[0].unit/lsu/lsu_queue/mem_reg_0_0_7_i_1/I0
    SLICE_X59Y48         LUT6 (Prop_lut6_I0_O)        0.043    37.085 r  vproc/v_core/genblk9[0].pipe/pipeline/unit_mux/genblk1[0].unit/lsu/lsu_queue/mem_reg_0_0_7_i_1/O
                         net (fo=18, routed)          1.152    38.237    u_ram/mem_reg_1_0_7_0
    SLICE_X33Y83                                                      r  u_ram/mem_reg_1_0_2_ENARDEN_cooolgate_en_gate_21/I2
    SLICE_X33Y83         LUT3 (Prop_lut3_I2_O)        0.043    38.280 r  u_ram/mem_reg_1_0_2_ENARDEN_cooolgate_en_gate_21/O
                         net (fo=1, routed)           0.868    39.148    u_ram/mem_reg_1_0_2_ENARDEN_cooolgate_en_sig_11
    RAMB36_X1Y20         RAMB36E1                                     r  u_ram/mem_reg_1_0_2/ENARDEN
  -------------------------------------------------------------------    -------------------

                         (clock clk_raw rise edge)   34.375    34.375 r  
                         clock source latency         1.909    36.284    
                         propagated clock network latency
                                                      3.119    39.403    
                         clock pessimism              0.352    39.755    
                         clock uncertainty           -0.068    39.687    
    RAMB36_X1Y20         RAMB36E1 (Setup_ramb36e1_CLKARDCLK_ENARDEN)
                                                     -0.328    39.359    u_ram/mem_reg_1_0_2
  -------------------------------------------------------------------
                         required time                         39.359    
                         arrival time                         -39.148    
  -------------------------------------------------------------------
                         slack                                  0.211    

Slack (MET) :             0.211ns  (required time - arrival time)
  Source:                 vproc/fpu_ss_i/i_fpnew_bulk/gen_operation_groups[0].i_opgroup_block/gen_merged_slice.i_multifmt_slice/gen_num_lanes[0].active_lane.lane_instance.i_fpnew_fma_multi/gen_input_pipeline[0].inp_pipe_operands_q_reg[1][1][14]/C
                            (rising edge-triggered cell FDCE clocked by clk_raw  {rise@0.000ns fall@17.188ns period=34.375ns})
  Destination:            u_ram/mem_reg_1_0_2/ENARDEN
                            (rising edge-triggered cell RAMB36E1 clocked by clk_raw  {rise@0.000ns fall@17.188ns period=34.375ns})
  Path Group:             clk_raw
  Path Type:              Setup (Max at Slow Process Corner)
  Requirement:            34.375ns  (clk_raw rise@34.375ns - clk_raw rise@0.000ns)
  Data Path Delay:        33.397ns  (logic 6.618ns (19.816%)  route 26.779ns (80.184%))
  Logic Levels:           92  (CARRY4=30 LUT2=3 LUT3=9 LUT4=7 LUT5=8 LUT6=34 MUXF7=1)
  Clock Path Skew:        -0.370ns (DCD - SCD + CPR)
    Destination Clock Delay (DCD):    5.028ns = ( 39.403 - 34.375 ) 
    Source Clock Delay      (SCD):    5.751ns
    Clock Pessimism Removal (CPR):    0.352ns
  Clock Uncertainty:      0.068ns  ((TSJ^2 + DJ^2)^1/2) / 2 + PE
    Total System Jitter     (TSJ):    0.071ns
    Discrete Jitter          (DJ):    0.116ns
    Phase Error              (PE):    0.000ns

    Location             Delay type                Incr(ns)  Path(ns)    Netlist Resource(s)
  -------------------------------------------------------------------    -------------------
                         (clock clk_raw rise edge)    0.000     0.000 r  
                         clock source latency         2.120     2.120    
                         propagated clock network latency
                                                      3.631     5.751    
    SLICE_X97Y37         FDCE                         0.000     5.751 r  vproc/fpu_ss_i/i_fpnew_bulk/gen_operation_groups[0].i_opgroup_block/gen_merged_slice.i_multifmt_slice/gen_num_lanes[0].active_lane.lane_instance.i_fpnew_fma_multi/gen_input_pipeline[0].inp_pipe_operands_q_reg[1][1][14]/C
    SLICE_X97Y37         FDCE (Prop_fdce_C_Q)         0.223     5.974 r  vproc/fpu_ss_i/i_fpnew_bulk/gen_operation_groups[0].i_opgroup_block/gen_merged_slice.i_multifmt_slice/gen_num_lanes[0].active_lane.lane_instance.i_fpnew_fma_multi/gen_input_pipeline[0].inp_pipe_operands_q_reg[1][1][14]/Q
                         net (fo=9, routed)           0.382     6.356    vproc/fpu_ss_i/i_fpnew_bulk/gen_operation_groups[0].i_opgroup_block/gen_merged_slice.i_multifmt_slice/gen_num_lanes[0].active_lane.lane_instance.i_fpnew_fma_multi/gen_input_pipeline[0].inp_pipe_operands_q_reg_n_0_[1][1][14]
    SLICE_X96Y37                                                      r  vproc/fpu_ss_i/i_fpnew_bulk/gen_operation_groups[0].i_opgroup_block/gen_merged_slice.i_multifmt_slice/gen_num_lanes[0].active_lane.lane_instance.i_fpnew_fma_multi/register_write_behavioral[31].mem[31][31]_i_385/I1
    SLICE_X96Y37         LUT4 (Prop_lut4_I1_O)        0.043     6.399 r  vproc/fpu_ss_i/i_fpnew_bulk/gen_operation_groups[0].i_opgroup_block/gen_merged_slice.i_multifmt_slice/gen_num_lanes[0].active_lane.lane_instance.i_fpnew_fma_multi/register_write_behavioral[31].mem[31][31]_i_385/O
                         net (fo=1, routed)           0.358     6.757    vproc/fpu_ss_i/i_fpnew_bulk/gen_operation_groups[0].i_opgroup_block/gen_merged_slice.i_multifmt_slice/gen_num_lanes[0].active_lane.lane_instance.i_fpnew_fma_multi/register_write_behavioral[31].mem[31][31]_i_385_n_0
    SLICE_X97Y37                                                      r  vproc/fpu_ss_i/i_fpnew_bulk/gen_operation_groups[0].i_opgroup_block/gen_merged_slice.i_multifmt_slice/gen_num_lanes[0].active_lane.lane_instance.i_fpnew_fma_multi/register_write_behavioral[31].mem[31][31]_i_257/I0
    SLICE_X97Y37         LUT6 (Prop_lut6_I0_O)        0.043     6.800 r  vproc/fpu_ss_i/i_fpnew_bulk/gen_operation_groups[0].i_opgroup_block/gen_merged_slice.i_multifmt_slice/gen_num_lanes[0].active_lane.lane_instance.i_fpnew_fma_multi/register_write_behavioral[31].mem[31][31]_i_257/O
                         net (fo=1, routed)           0.426     7.226    vproc/fpu_ss_i/i_fpnew_bulk/gen_operation_groups[0].i_opgroup_block/gen_merged_slice.i_multifmt_slice/gen_num_lanes[0].active_lane.lane_instance.i_fpnew_fma_multi/register_write_behavioral[31].mem[31][31]_i_257_n_0
    SLICE_X97Y37                                                      r  vproc/fpu_ss_i/i_fpnew_bulk/gen_operation_groups[0].i_opgroup_block/gen_merged_slice.i_multifmt_slice/gen_num_lanes[0].active_lane.lane_instance.i_fpnew_fma_multi/register_write_behavioral[31].mem[31][31]_i_184/I5
    SLICE_X97Y37         LUT6 (Prop_lut6_I5_O)        0.043     7.269 f  vproc/fpu_ss_i/i_fpnew_bulk/gen_operation_groups[0].i_opgroup_block/gen_merged_slice.i_multifmt_slice/gen_num_lanes[0].active_lane.lane_instance.i_fpnew_fma_multi/register_write_behavioral[31].mem[31][31]_i_184/O
                         net (fo=2, routed)           0.197     7.466    vproc/fpu_ss_i/i_fpnew_bulk/gen_operation_groups[0].i_opgroup_block/gen_merged_slice.i_multifmt_slice/gen_num_lanes[0].active_lane.lane_instance.i_fpnew_fma_multi/register_write_behavioral[31].mem[31][31]_i_184_n_0
    SLICE_X95Y37                                                      f  vproc/fpu_ss_i/i_fpnew_bulk/gen_operation_groups[0].i_opgroup_block/gen_merged_slice.i_multifmt_slice/gen_num_lanes[0].active_lane.lane_instance.i_fpnew_fma_multi/register_write_behavioral[31].mem[31][23]_i_490/I1
    SLICE_X95Y37         LUT2 (Prop_lut2_I1_O)        0.043     7.509 r  vproc/fpu_ss_i/i_fpnew_bulk/gen_operation_groups[0].i_opgroup_block/gen_merged_slice.i_multifmt_slice/gen_num_lanes[0].active_lane.lane_instance.i_fpnew_fma_multi/register_write_behavioral[31].mem[31][23]_i_490/O
                         net (fo=1, routed)           0.293     7.802    vproc/fpu_ss_i/i_fpnew_bulk/gen_operation_groups[0].i_opgroup_block/gen_merged_slice.i_multifmt_slice/gen_num_lanes[0].active_lane.lane_instance.i_fpnew_fma_multi/register_write_behavioral[31].mem[31][23]_i_490_n_0
    SLICE_X100Y36                                                     r  vproc/fpu_ss_i/i_fpnew_bulk/gen_operation_groups[0].i_opgroup_block/gen_merged_slice.i_multifmt_slice/gen_num_lanes[0].active_lane.lane_instance.i_fpnew_fma_multi/register_write_behavioral[31].mem[31][23]_i_373/I1
    SLICE_X100Y36        LUT6 (Prop_lut6_I1_O)        0.043     7.845 f  vproc/fpu_ss_i/i_fpnew_bulk/gen_operation_groups[0].i_opgroup_block/gen_merged_slice.i_multifmt_slice/gen_num_lanes[0].active_lane.lane_instance.i_fpnew_fma_multi/register_write_behavioral[31].mem[31][23]_i_373/O
                         net (fo=2, routed)           0.352     8.197    vproc/fpu_ss_i/i_fpnew_bulk/gen_operation_groups[0].i_opgroup_block/gen_merged_slice.i_multifmt_slice/gen_num_lanes[0].active_lane.lane_instance.i_fpnew_fma_multi/register_write_behavioral[31].mem[31][23]_i_373_n_0
    SLICE_X101Y36                                                     f  vproc/fpu_ss_i/i_fpnew_bulk/gen_operation_groups[0].i_opgroup_block/gen_merged_slice.i_multifmt_slice/gen_num_lanes[0].active_lane.lane_instance.i_fpnew_fma_multi/register_write_behavioral[31].mem[31][23]_i_370/I4
    SLICE_X101Y36        LUT5 (Prop_lut5_I4_O)        0.043     8.240 r  vproc/fpu_ss_i/i_fpnew_bulk/gen_operation_groups[0].i_opgroup_block/gen_merged_slice.i_multifmt_slice/gen_num_lanes[0].active_lane.lane_instance.i_fpnew_fma_multi/register_write_behavioral[31].mem[31][23]_i_370/O
                         net (fo=2, routed)           0.348     8.589    vproc/fpu_ss_i/i_fpnew_bulk/gen_operation_groups[0].i_opgroup_block/gen_merged_slice.i_multifmt_slice/gen_num_lanes[0].active_lane.lane_instance.i_fpnew_fma_multi/register_write_behavioral[31].mem[31][23]_i_370_n_0
    SLICE_X102Y36                                                     r  vproc/fpu_ss_i/i_fpnew_bulk/gen_operation_groups[0].i_opgroup_block/gen_merged_slice.i_multifmt_slice/gen_num_lanes[0].active_lane.lane_instance.i_fpnew_fma_multi/register_write_behavioral[31].mem[31][23]_i_193/I5
    SLICE_X102Y36        LUT6 (Prop_lut6_I5_O)        0.043     8.632 r  vproc/fpu_ss_i/i_fpnew_bulk/gen_operation_groups[0].i_opgroup_block/gen_merged_slice.i_multifmt_slice/gen_num_lanes[0].active_lane.lane_instance.i_fpnew_fma_multi/register_write_behavioral[31].mem[31][23]_i_193/O
                         net (fo=2, routed)           0.334     8.966    vproc/fpu_ss_i/i_fpnew_bulk/gen_operation_groups[0].i_opgroup_block/gen_merged_slice.i_multifmt_slice/gen_num_lanes[0].active_lane.lane_instance.i_fpnew_fma_multi/register_write_behavioral[31].mem[31][23]_i_193_n_0
    SLICE_X102Y37                                                     r  vproc/fpu_ss_i/i_fpnew_bulk/gen_operation_groups[0].i_opgroup_block/gen_merged_slice.i_multifmt_slice/gen_num_lanes[0].active_lane.lane_instance.i_fpnew_fma_multi/register_write_behavioral[31].mem[31][23]_i_197/I0
    SLICE_X102Y37        LUT6 (Prop_lut6_I0_O)        0.043     9.009 r  vproc/fpu_ss_i/i_fpnew_bulk/gen_operation_groups[0].i_opgroup_block/gen_merged_slice.i_multifmt_slice/gen_num_lanes[0].active_lane.lane_instance.i_fpnew_fma_multi/register_write_behavioral[31].mem[31][23]_i_197/O
                         net (fo=1, routed)           0.000     9.009    vproc/fpu_ss_i/i_fpnew_bulk/gen_operation_groups[0].i_opgroup_block/gen_merged_slice.i_multifmt_slice/gen_num_lanes[0].active_lane.lane_instance.i_fpnew_fma_multi/register_write_behavioral[31].mem[31][23]_i_197_n_0
    SLICE_X102Y37                                                     r  vproc/fpu_ss_i/i_fpnew_bulk/gen_operation_groups[0].i_opgroup_block/gen_merged_slice.i_multifmt_slice/gen_num_lanes[0].active_lane.lane_instance.i_fpnew_fma_multi/register_write_behavioral[31].mem_reg[31][23]_i_91/S[2]
    SLICE_X102Y37        CARRY4 (Prop_carry4_S[2]_CO[3])
                                                      0.183     9.192 r  vproc/fpu_ss_i/i_fpnew_bulk/gen_operation_groups[0].i_opgroup_block/gen_merged_slice.i_multifmt_slice/gen_num_lanes[0].active_lane.lane_instance.i_fpnew_fma_multi/register_write_behavioral[31].mem_reg[31][23]_i_91/CO[3]
                         net (fo=1, routed)           0.000     9.192    vproc/fpu_ss_i/i_fpnew_bulk/gen_operation_groups[0].i_opgroup_block/gen_merged_slice.i_multifmt_slice/gen_num_lanes[0].active_lane.lane_instance.i_fpnew_fma_multi/register_write_behavioral[31].mem_reg[31][23]_i_91_n_0
    SLICE_X102Y38                                                     r  vproc/fpu_ss_i/i_fpnew_bulk/gen_operation_groups[0].i_opgroup_block/gen_merged_slice.i_multifmt_slice/gen_num_lanes[0].active_lane.lane_instance.i_fpnew_fma_multi/register_write_behavioral[31].mem_reg[31][31]_i_348/CI
    SLICE_X102Y38        CARRY4 (Prop_carry4_CI_O[1])
                                                      0.165     9.357 r  vproc/fpu_ss_i/i_fpnew_bulk/gen_operation_groups[0].i_opgroup_block/gen_merged_slice.i_multifmt_slice/gen_num_lanes[0].active_lane.lane_instance.i_fpnew_fma_multi/register_write_behavioral[31].mem_reg[31][31]_i_348/O[1]
                         net (fo=4, routed)           0.429     9.786    vproc/fpu_ss_i/i_fpnew_bulk/gen_operation_groups[0].i_opgroup_block/gen_merged_slice.i_multifmt_slice/gen_num_lanes[0].active_lane.lane_instance.i_fpnew_fma_multi/register_write_behavioral[31].mem_reg[31][31]_i_348_n_6
    SLICE_X103Y41                                                     r  vproc/fpu_ss_i/i_fpnew_bulk/gen_operation_groups[0].i_opgroup_block/gen_merged_slice.i_multifmt_slice/gen_num_lanes[0].active_lane.lane_instance.i_fpnew_fma_multi/register_write_behavioral[31].mem[31][23]_i_273/I2
    SLICE_X103Y41        LUT3 (Prop_lut3_I2_O)        0.125     9.911 f  vproc/fpu_ss_i/i_fpnew_bulk/gen_operation_groups[0].i_opgroup_block/gen_merged_slice.i_multifmt_slice/gen_num_lanes[0].active_lane.lane_instance.i_fpnew_fma_multi/register_write_behavioral[31].mem[31][23]_i_273/O
                         net (fo=5, routed)           0.477    10.388    vproc/fpu_ss_i/i_fpnew_bulk/gen_operation_groups[0].i_opgroup_block/gen_merged_slice.i_multifmt_slice/gen_num_lanes[0].active_lane.lane_instance.i_fpnew_fma_multi/register_write_behavioral[31].mem[31][23]_i_273_n_0
    SLICE_X104Y40                                                     f  vproc/fpu_ss_i/i_fpnew_bulk/gen_operation_groups[0].i_opgroup_block/gen_merged_slice.i_multifmt_slice/gen_num_lanes[0].active_lane.lane_instance.i_fpnew_fma_multi/register_write_behavioral[31].mem[31][23]_i_179/I1
    SLICE_X104Y40        LUT2 (Prop_lut2_I1_O)        0.043    10.431 r  vproc/fpu_ss_i/i_fpnew_bulk/gen_operation_groups[0].i_opgroup_block/gen_merged_slice.i_multifmt_slice/gen_num_lanes[0].active_lane.lane_instance.i_fpnew_fma_multi/register_write_behavioral[31].mem[31][23]_i_179/O
                         net (fo=1, routed)           0.000    10.431    vproc/fpu_ss_i/i_fpnew_bulk/gen_operation_groups[0].i_opgroup_block/gen_merged_slice.i_multifmt_slice/gen_num_lanes[0].active_lane.lane_instance.i_fpnew_fma_multi/register_write_behavioral[31].mem[31][23]_i_179_n_0
    SLICE_X104Y40                                                     r  vproc/fpu_ss_i/i_fpnew_bulk/gen_operation_groups[0].i_opgroup_block/gen_merged_slice.i_multifmt_slice/gen_num_lanes[0].active_lane.lane_instance.i_fpnew_fma_multi/register_write_behavioral[31].mem_reg[31][23]_i_88/S[1]
    SLICE_X104Y40        CARRY4 (Prop_carry4_S[1]_CO[3])
                                                      0.256    10.687 r  vproc/fpu_ss_i/i_fpnew_bulk/gen_operation_groups[0].i_opgroup_block/gen_merged_slice.i_multifmt_slice/gen_num_lanes[0].active_lane.lane_instance.i_fpnew_fma_multi/register_write_behavioral[31].mem_reg[31][23]_i_88/CO[3]
                         net (fo=1, routed)           0.000    10.687    vproc/fpu_ss_i/i_fpnew_bulk/gen_operation_groups[0].i_opgroup_block/gen_merged_slice.i_multifmt_slice/gen_num_lanes[0].active_lane.lane_instance.i_fpnew_fma_multi/register_write_behavioral[31].mem_reg[31][23]_i_88_n_0
    SLICE_X104Y41                                                     r  vproc/fpu_ss_i/i_fpnew_bulk/gen_operation_groups[0].i_opgroup_block/gen_merged_slice.i_multifmt_slice/gen_num_lanes[0].active_lane.lane_instance.i_fpnew_fma_multi/register_write_behavioral[31].mem_reg[31][23]_i_90/CI
    SLICE_X104Y41        CARRY4 (Prop_carry4_CI_O[1])
                                                      0.165    10.852 f  vproc/fpu_ss_i/i_fpnew_bulk/gen_operation_groups[0].i_opgroup_block/gen_merged_slice.i_multifmt_slice/gen_num_lanes[0].active_lane.lane_instance.i_fpnew_fma_multi/register_write_behavioral[31].mem_reg[31][23]_i_90/O[1]
                         net (fo=6, routed)           0.386    11.238    vproc/fpu_ss_i/gen_fp_register_file.fpu_ss_regfile_i/register_write_behavioral[31].mem[31][31]_i_362[1]
    SLICE_X105Y41                                                     f  vproc/fpu_ss_i/gen_fp_register_file.fpu_ss_regfile_i/register_write_behavioral[31].mem[31][31]_i_407/I0
    SLICE_X105Y41        LUT6 (Prop_lut6_I0_O)        0.125    11.363 f  vproc/fpu_ss_i/gen_fp_register_file.fpu_ss_regfile_i/register_write_behavioral[31].mem[31][31]_i_407/O
                         net (fo=7, routed)           0.382    11.745    vproc/fpu_ss_i/gen_fp_register_file.fpu_ss_regfile_i/register_write_behavioral[31].mem_reg[31][23]_i_88
    SLICE_X105Y41                                                     f  vproc/fpu_ss_i/gen_fp_register_file.fpu_ss_regfile_i/register_write_behavioral[31].mem[31][31]_i_403/I4
    SLICE_X105Y41        LUT6 (Prop_lut6_I4_O)        0.043    11.788 r  vproc/fpu_ss_i/gen_fp_register_file.fpu_ss_regfile_i/register_write_behavioral[31].mem[31][31]_i_403/O
                         net (fo=46, routed)          0.499    12.287    vproc/fpu_ss_i/i_fpnew_bulk/gen_operation_groups[0].i_opgroup_block/gen_merged_slice.i_multifmt_slice/gen_num_lanes[0].active_lane.lane_instance.i_fpnew_fma_multi/register_write_behavioral[31].mem[31][31]_i_520_0[0]
    SLICE_X104Y45                                                     r  vproc/fpu_ss_i/i_fpnew_bulk/gen_operation_groups[0].i_opgroup_block/gen_merged_slice.i_multifmt_slice/gen_num_lanes[0].active_lane.lane_instance.i_fpnew_fma_multi/register_write_behavioral[31].mem[31][31]_i_632/I1
    SLICE_X104Y45        LUT6 (Prop_lut6_I1_O)        0.043    12.330 r  vproc/fpu_ss_i/i_fpnew_bulk/gen_operation_groups[0].i_opgroup_block/gen_merged_slice.i_multifmt_slice/gen_num_lanes[0].active_lane.lane_instance.i_fpnew_fma_multi/register_write_behavioral[31].mem[31][31]_i_632/O
                         net (fo=1, routed)           0.304    12.635    vproc/fpu_ss_i/i_fpnew_bulk/gen_operation_groups[0].i_opgroup_block/gen_merged_slice.i_multifmt_slice/gen_num_lanes[0].active_lane.lane_instance.i_fpnew_fma_multi/register_write_behavioral[31].mem[31][31]_i_632_n_0
    SLICE_X104Y46                                                     r  vproc/fpu_ss_i/i_fpnew_bulk/gen_operation_groups[0].i_opgroup_block/gen_merged_slice.i_multifmt_slice/gen_num_lanes[0].active_lane.lane_instance.i_fpnew_fma_multi/register_write_behavioral[31].mem[31][31]_i_622/I5
    SLICE_X104Y46        LUT6 (Prop_lut6_I5_O)        0.043    12.678 r  vproc/fpu_ss_i/i_fpnew_bulk/gen_operation_groups[0].i_opgroup_block/gen_merged_slice.i_multifmt_slice/gen_num_lanes[0].active_lane.lane_instance.i_fpnew_fma_multi/register_write_behavioral[31].mem[31][31]_i_622/O
                         net (fo=2, routed)           0.273    12.950    vproc/fpu_ss_i/i_fpnew_bulk/gen_operation_groups[0].i_opgroup_block/gen_merged_slice.i_multifmt_slice/gen_num_lanes[0].active_lane.lane_instance.i_fpnew_fma_multi/register_write_behavioral[31].mem[31][31]_i_622_n_0
    SLICE_X105Y46                                                     r  vproc/fpu_ss_i/i_fpnew_bulk/gen_operation_groups[0].i_opgroup_block/gen_merged_slice.i_multifmt_slice/gen_num_lanes[0].active_lane.lane_instance.i_fpnew_fma_multi/register_write_behavioral[31].mem[31][31]_i_605/I0
    SLICE_X105Y46        LUT3 (Prop_lut3_I0_O)        0.043    12.993 r  vproc/fpu_ss_i/i_fpnew_bulk/gen_operation_groups[0].i_opgroup_block/gen_merged_slice.i_multifmt_slice/gen_num_lanes[0].active_lane.lane_instance.i_fpnew_fma_multi/register_write_behavioral[31].mem[31][31]_i_605/O
                         net (fo=3, routed)           0.313    13.306    vproc/fpu_ss_i/i_fpnew_bulk/gen_operation_groups[0].i_opgroup_block/gen_merged_slice.i_multifmt_slice/gen_num_lanes[0].active_lane.lane_instance.i_fpnew_fma_multi/register_write_behavioral[31].mem[31][31]_i_605_n_0
    SLICE_X107Y46                                                     r  vproc/fpu_ss_i/i_fpnew_bulk/gen_operation_groups[0].i_opgroup_block/gen_merged_slice.i_multifmt_slice/gen_num_lanes[0].active_lane.lane_instance.i_fpnew_fma_multi/register_write_behavioral[31].mem[31][31]_i_595/I2
    SLICE_X107Y46        LUT3 (Prop_lut3_I2_O)        0.043    13.349 r  vproc/fpu_ss_i/i_fpnew_bulk/gen_operation_groups[0].i_opgroup_block/gen_merged_slice.i_multifmt_slice/gen_num_lanes[0].active_lane.lane_instance.i_fpnew_fma_multi/register_write_behavioral[31].mem[31][31]_i_595/O
                         net (fo=7, routed)           0.323    13.672    vproc/fpu_ss_i/i_fpnew_bulk/gen_operation_groups[0].i_opgroup_block/gen_merged_slice.i_multifmt_slice/gen_num_lanes[0].active_lane.lane_instance.i_fpnew_fma_multi/register_write_behavioral[31].mem[31][31]_i_595_n_0
    SLICE_X108Y46                                                     r  vproc/fpu_ss_i/i_fpnew_bulk/gen_operation_groups[0].i_opgroup_block/gen_merged_slice.i_multifmt_slice/gen_num_lanes[0].active_lane.lane_instance.i_fpnew_fma_multi/register_write_behavioral[31].mem[31][31]_i_547/I2
    SLICE_X108Y46        LUT4 (Prop_lut4_I2_O)        0.043    13.715 r  vproc/fpu_ss_i/i_fpnew_bulk/gen_operation_groups[0].i_opgroup_block/gen_merged_slice.i_multifmt_slice/gen_num_lanes[0].active_lane.lane_instance.i_fpnew_fma_multi/register_write_behavioral[31].mem[31][31]_i_547/O
                         net (fo=4, routed)           0.117    13.831    vproc/fpu_ss_i/i_fpnew_bulk/gen_operation_groups[0].i_opgroup_block/gen_merged_slice.i_multifmt_slice/gen_num_lanes[0].active_lane.lane_instance.i_fpnew_fma_multi/register_write_behavioral[31].mem[31][31]_i_547_n_0
    SLICE_X108Y46                                                     r  vproc/fpu_ss_i/i_fpnew_bulk/gen_operation_groups[0].i_opgroup_block/gen_merged_slice.i_multifmt_slice/gen_num_lanes[0].active_lane.lane_instance.i_fpnew_fma_multi/register_write_behavioral[31].mem[31][31]_i_481/I1
    SLICE_X108Y46        LUT3 (Prop_lut3_I1_O)        0.043    13.874 r  vproc/fpu_ss_i/i_fpnew_bulk/gen_operation_groups[0].i_opgroup_block/gen_merged_slice.i_multifmt_slice/gen_num_lanes[0].active_lane.lane_instance.i_fpnew_fma_multi/register_write_behavioral[31].mem[31][31]_i_481/O
                         net (fo=5, routed)           0.484    14.359    vproc/fpu_ss_i/i_fpnew_bulk/gen_operation_groups[0].i_opgroup_block/gen_merged_slice.i_multifmt_slice/gen_num_lanes[0].active_lane.lane_instance.i_fpnew_fma_multi/register_write_behavioral[31].mem[31][31]_i_481_n_0
    SLICE_X108Y41                                                     r  vproc/fpu_ss_i/i_fpnew_bulk/gen_operation_groups[0].i_opgroup_block/gen_merged_slice.i_multifmt_slice/gen_num_lanes[0].active_lane.lane_instance.i_fpnew_fma_multi/register_write_behavioral[31].mem[31][31]_i_360/I2
    SLICE_X108Y41        LUT3 (Prop_lut3_I2_O)        0.043    14.402 r  vproc/fpu_ss_i/i_fpnew_bulk/gen_operation_groups[0].i_opgroup_block/gen_merged_slice.i_multifmt_slice/gen_num_lanes[0].active_lane.lane_instance.i_fpnew_fma_multi/register_write_behavioral[31].mem[31][31]_i_360/O
                         net (fo=1, routed)           0.316    14.718    vproc/fpu_ss_i/i_fpnew_bulk/gen_operation_groups[0].i_opgroup_block/gen_merged_slice.i_multifmt_slice/gen_num_lanes[0].active_lane.lane_instance.i_fpnew_fma_multi/register_write_behavioral[31].mem[31][31]_i_360_n_0
    SLICE_X109Y41                                                     r  vproc/fpu_ss_i/i_fpnew_bulk/gen_operation_groups[0].i_opgroup_block/gen_merged_slice.i_multifmt_slice/gen_num_lanes[0].active_lane.lane_instance.i_fpnew_fma_multi/register_write_behavioral[31].mem[31][31]_i_236/I1
    SLICE_X109Y41        LUT6 (Prop_lut6_I1_O)        0.043    14.761 f  vproc/fpu_ss_i/i_fpnew_bulk/gen_operation_groups[0].i_opgroup_block/gen_merged_slice.i_multifmt_slice/gen_num_lanes[0].active_lane.lane_instance.i_fpnew_fma_multi/register_write_behavioral[31].mem[31][31]_i_236/O
                         net (fo=2, routed)           0.497    15.258    vproc/fpu_ss_i/i_fpnew_bulk/gen_operation_groups[0].i_opgroup_block/gen_merged_slice.i_multifmt_slice/gen_num_lanes[0].active_lane.lane_instance.i_fpnew_fma_multi/register_write_behavioral[31].mem[31][31]_i_236_n_0
    SLICE_X109Y32                                                     f  vproc/fpu_ss_i/i_fpnew_bulk/gen_operation_groups[0].i_opgroup_block/gen_merged_slice.i_multifmt_slice/gen_num_lanes[0].active_lane.lane_instance.i_fpnew_fma_multi/register_write_behavioral[31].mem[31][23]_i_396/I1
    SLICE_X109Y32        LUT2 (Prop_lut2_I1_O)        0.043    15.301 r  vproc/fpu_ss_i/i_fpnew_bulk/gen_operation_groups[0].i_opgroup_block/gen_merged_slice.i_multifmt_slice/gen_num_lanes[0].active_lane.lane_instance.i_fpnew_fma_multi/register_write_behavioral[31].mem[31][23]_i_396/O
                         net (fo=2, routed)           0.311    15.612    vproc/fpu_ss_i/i_fpnew_bulk/gen_operation_groups[0].i_opgroup_block/gen_merged_slice.i_multifmt_slice/gen_num_lanes[0].active_lane.lane_instance.i_fpnew_fma_multi/inject_carry_in
    SLICE_X111Y31                                                     r  vproc/fpu_ss_i/i_fpnew_bulk/gen_operation_groups[0].i_opgroup_block/gen_merged_slice.i_multifmt_slice/gen_num_lanes[0].active_lane.lane_instance.i_fpnew_fma_multi/register_write_behavioral[31].mem_reg[31][23]_i_214/DI[0]
    SLICE_X111Y31        CARRY4 (Prop_carry4_DI[0]_CO[3])
                                                      0.269    15.881 r  vproc/fpu_ss_i/i_fpnew_bulk/gen_operation_groups[0].i_opgroup_block/gen_merged_slice.i_multifmt_slice/gen_num_lanes[0].active_lane.lane_instance.i_fpnew_fma_multi/register_write_behavioral[31].mem_reg[31][23]_i_214/CO[3]
                         net (fo=1, routed)           0.000    15.881    vproc/fpu_ss_i/i_fpnew_bulk/gen_operation_groups[0].i_opgroup_block/gen_merged_slice.i_multifmt_slice/gen_num_lanes[0].active_lane.lane_instance.i_fpnew_fma_multi/register_write_behavioral[31].mem_reg[31][23]_i_214_n_0
    SLICE_X111Y32                                                     r  vproc/fpu_ss_i/i_fpnew_bulk/gen_operation_groups[0].i_opgroup_block/gen_merged_slice.i_multifmt_slice/gen_num_lanes[0].active_lane.lane_instance.i_fpnew_fma_multi/register_write_behavioral[31].mem_reg[31][23]_i_393/CI
    SLICE_X111Y32        CARRY4 (Prop_carry4_CI_CO[3])
                                                      0.053    15.934 r  vproc/fpu_ss_i/i_fpnew_bulk/gen_operation_groups[0].i_opgroup_block/gen_merged_slice.i_multifmt_slice/gen_num_lanes[0].active_lane.lane_instance.i_fpnew_fma_multi/register_write_behavioral[31].mem_reg[31][23]_i_393/CO[3]
                         net (fo=1, routed)           0.000    15.934    vproc/fpu_ss_i/i_fpnew_bulk/gen_operation_groups[0].i_opgroup_block/gen_merged_slice.i_multifmt_slice/gen_num_lanes[0].active_lane.lane_instance.i_fpnew_fma_multi/register_write_behavioral[31].mem_reg[31][23]_i_393_n_0
    SLICE_X111Y33                                                     r  vproc/fpu_ss_i/i_fpnew_bulk/gen_operation_groups[0].i_opgroup_block/gen_merged_slice.i_multifmt_slice/gen_num_lanes[0].active_lane.lane_instance.i_fpnew_fma_multi/register_write_behavioral[31].mem_reg[31][23]_i_391/CI
    SLICE_X111Y33        CARRY4 (Prop_carry4_CI_CO[3])
                                                      0.053    15.987 r  vproc/fpu_ss_i/i_fpnew_bulk/gen_operation_groups[0].i_opgroup_block/gen_merged_slice.i_multifmt_slice/gen_num_lanes[0].active_lane.lane_instance.i_fpnew_fma_multi/register_write_behavioral[31].mem_reg[31][23]_i_391/CO[3]
                         net (fo=1, routed)           0.000    15.987    vproc/fpu_ss_i/i_fpnew_bulk/gen_operation_groups[0].i_opgroup_block/gen_merged_slice.i_multifmt_slice/gen_num_lanes[0].active_lane.lane_instance.i_fpnew_fma_multi/register_write_behavioral[31].mem_reg[31][23]_i_391_n_0
    SLICE_X111Y34                                                     r  vproc/fpu_ss_i/i_fpnew_bulk/gen_operation_groups[0].i_opgroup_block/gen_merged_slice.i_multifmt_slice/gen_num_lanes[0].active_lane.lane_instance.i_fpnew_fma_multi/register_write_behavioral[31].mem_reg[31][23]_i_432/CI
    SLICE_X111Y34        CARRY4 (Prop_carry4_CI_CO[3])
                                                      0.053    16.040 r  vproc/fpu_ss_i/i_fpnew_bulk/gen_operation_groups[0].i_opgroup_block/gen_merged_slice.i_multifmt_slice/gen_num_lanes[0].active_lane.lane_instance.i_fpnew_fma_multi/register_write_behavioral[31].mem_reg[31][23]_i_432/CO[3]
                         net (fo=1, routed)           0.000    16.040    vproc/fpu_ss_i/i_fpnew_bulk/gen_operation_groups[0].i_opgroup_block/gen_merged_slice.i_multifmt_slice/gen_num_lanes[0].active_lane.lane_instance.i_fpnew_fma_multi/register_write_behavioral[31].mem_reg[31][23]_i_432_n_0
    SLICE_X111Y35                                                     r  vproc/fpu_ss_i/i_fpnew_bulk/gen_operation_groups[0].i_opgroup_block/gen_merged_slice.i_multifmt_slice/gen_num_lanes[0].active_lane.lane_instance.i_fpnew_fma_multi/register_write_behavioral[31].mem_reg[31][23]_i_427/CI
    SLICE_X111Y35        CARRY4 (Prop_carry4_CI_CO[3])
                                                      0.053    16.093 r  vproc/fpu_ss_i/i_fpnew_bulk/gen_operation_groups[0].i_opgroup_block/gen_merged_slice.i_multifmt_slice/gen_num_lanes[0].active_lane.lane_instance.i_fpnew_fma_multi/register_write_behavioral[31].mem_reg[31][23]_i_427/CO[3]
                         net (fo=1, routed)           0.000    16.093    vproc/fpu_ss_i/i_fpnew_bulk/gen_operation_groups[0].i_opgroup_block/gen_merged_slice.i_multifmt_slice/gen_num_lanes[0].active_lane.lane_instance.i_fpnew_fma_multi/register_write_behavioral[31].mem_reg[31][23]_i_427_n_0
    SLICE_X111Y36                                                     r  vproc/fpu_ss_i/i_fpnew_bulk/gen_operation_groups[0].i_opgroup_block/gen_merged_slice.i_multifmt_slice/gen_num_lanes[0].active_lane.lane_instance.i_fpnew_fma_multi/register_write_behavioral[31].mem_reg[31][23]_i_434/CI
    SLICE_X111Y36        CARRY4 (Prop_carry4_CI_CO[3])
                                                      0.053    16.146 r  vproc/fpu_ss_i/i_fpnew_bulk/gen_operation_groups[0].i_opgroup_block/gen_merged_slice.i_multifmt_slice/gen_num_lanes[0].active_lane.lane_instance.i_fpnew_fma_multi/register_write_behavioral[31].mem_reg[31][23]_i_434/CO[3]
                         net (fo=1, routed)           0.000    16.146    vproc/fpu_ss_i/i_fpnew_bulk/gen_operation_groups[0].i_opgroup_block/gen_merged_slice.i_multifmt_slice/gen_num_lanes[0].active_lane.lane_instance.i_fpnew_fma_multi/register_write_behavioral[31].mem_reg[31][23]_i_434_n_0
    SLICE_X111Y37                                                     r  vproc/fpu_ss_i/i_fpnew_bulk/gen_operation_groups[0].i_opgroup_block/gen_merged_slice.i_multifmt_slice/gen_num_lanes[0].active_lane.lane_instance.i_fpnew_fma_multi/register_write_behavioral[31].mem_reg[31][23]_i_414/CI
    SLICE_X111Y37        CARRY4 (Prop_carry4_CI_CO[3])
                                                      0.053    16.199 r  vproc/fpu_ss_i/i_fpnew_bulk/gen_operation_groups[0].i_opgroup_block/gen_merged_slice.i_multifmt_slice/gen_num_lanes[0].active_lane.lane_instance.i_fpnew_fma_multi/register_write_behavioral[31].mem_reg[31][23]_i_414/CO[3]
                         net (fo=1, routed)           0.000    16.199    vproc/fpu_ss_i/i_fpnew_bulk/gen_operation_groups[0].i_opgroup_block/gen_merged_slice.i_multifmt_slice/gen_num_lanes[0].active_lane.lane_instance.i_fpnew_fma_multi/register_write_behavioral[31].mem_reg[31][23]_i_414_n_0
    SLICE_X111Y38                                                     r  vproc/fpu_ss_i/i_fpnew_bulk/gen_operation_groups[0].i_opgroup_block/gen_merged_slice.i_multifmt_slice/gen_num_lanes[0].active_lane.lane_instance.i_fpnew_fma_multi/register_write_behavioral[31].mem_reg[31][23]_i_429/CI
    SLICE_X111Y38        CARRY4 (Prop_carry4_CI_CO[3])
                                                      0.053    16.252 r  vproc/fpu_ss_i/i_fpnew_bulk/gen_operation_groups[0].i_opgroup_block/gen_merged_slice.i_multifmt_slice/gen_num_lanes[0].active_lane.lane_instance.i_fpnew_fma_multi/register_write_behavioral[31].mem_reg[31][23]_i_429/CO[3]
                         net (fo=1, routed)           0.000    16.252    vproc/fpu_ss_i/i_fpnew_bulk/gen_operation_groups[0].i_opgroup_block/gen_merged_slice.i_multifmt_slice/gen_num_lanes[0].active_lane.lane_instance.i_fpnew_fma_multi/register_write_behavioral[31].mem_reg[31][23]_i_429_n_0
    SLICE_X111Y39                                                     r  vproc/fpu_ss_i/i_fpnew_bulk/gen_operation_groups[0].i_opgroup_block/gen_merged_slice.i_multifmt_slice/gen_num_lanes[0].active_lane.lane_instance.i_fpnew_fma_multi/register_write_behavioral[31].mem_reg[31][23]_i_422/CI
    SLICE_X111Y39        CARRY4 (Prop_carry4_CI_CO[3])
                                                      0.053    16.305 r  vproc/fpu_ss_i/i_fpnew_bulk/gen_operation_groups[0].i_opgroup_block/gen_merged_slice.i_multifmt_slice/gen_num_lanes[0].active_lane.lane_instance.i_fpnew_fma_multi/register_write_behavioral[31].mem_reg[31][23]_i_422/CO[3]
                         net (fo=1, routed)           0.000    16.305    vproc/fpu_ss_i/i_fpnew_bulk/gen_operation_groups[0].i_opgroup_block/gen_merged_slice.i_multifmt_slice/gen_num_lanes[0].active_lane.lane_instance.i_fpnew_fma_multi/register_write_behavioral[31].mem_reg[31][23]_i_422_n_0
    SLICE_X111Y40                                                     r  vproc/fpu_ss_i/i_fpnew_bulk/gen_operation_groups[0].i_opgroup_block/gen_merged_slice.i_multifmt_slice/gen_num_lanes[0].active_lane.lane_instance.i_fpnew_fma_multi/register_write_behavioral[31].mem_reg[31][23]_i_421/CI
    SLICE_X111Y40        CARRY4 (Prop_carry4_CI_CO[3])
                                                      0.053    16.358 r  vproc/fpu_ss_i/i_fpnew_bulk/gen_operation_groups[0].i_opgroup_block/gen_merged_slice.i_multifmt_slice/gen_num_lanes[0].active_lane.lane_instance.i_fpnew_fma_multi/register_write_behavioral[31].mem_reg[31][23]_i_421/CO[3]
                         net (fo=1, routed)           0.000    16.358    vproc/fpu_ss_i/i_fpnew_bulk/gen_operation_groups[0].i_opgroup_block/gen_merged_slice.i_multifmt_slice/gen_num_lanes[0].active_lane.lane_instance.i_fpnew_fma_multi/register_write_behavioral[31].mem_reg[31][23]_i_421_n_0
    SLICE_X111Y41                                                     r  vproc/fpu_ss_i/i_fpnew_bulk/gen_operation_groups[0].i_opgroup_block/gen_merged_slice.i_multifmt_slice/gen_num_lanes[0].active_lane.lane_instance.i_fpnew_fma_multi/register_write_behavioral[31].mem_reg[31][23]_i_418/CI
    SLICE_X111Y41        CARRY4 (Prop_carry4_CI_CO[3])
                                                      0.053    16.411 r  vproc/fpu_ss_i/i_fpnew_bulk/gen_operation_groups[0].i_opgroup_block/gen_merged_slice.i_multifmt_slice/gen_num_lanes[0].active_lane.lane_instance.i_fpnew_fma_multi/register_write_behavioral[31].mem_reg[31][23]_i_418/CO[3]
                         net (fo=1, routed)           0.000    16.411    vproc/fpu_ss_i/i_fpnew_bulk/gen_operation_groups[0].i_opgroup_block/gen_merged_slice.i_multifmt_slice/gen_num_lanes[0].active_lane.lane_instance.i_fpnew_fma_multi/register_write_behavioral[31].mem_reg[31][23]_i_418_n_0
    SLICE_X111Y42                                                     r  vproc/fpu_ss_i/i_fpnew_bulk/gen_operation_groups[0].i_opgroup_block/gen_merged_slice.i_multifmt_slice/gen_num_lanes[0].active_lane.lane_instance.i_fpnew_fma_multi/register_write_behavioral[31].mem_reg[31][23]_i_437/CI
    SLICE_X111Y42        CARRY4 (Prop_carry4_CI_CO[3])
                                                      0.053    16.464 r  vproc/fpu_ss_i/i_fpnew_bulk/gen_operation_groups[0].i_opgroup_block/gen_merged_slice.i_multifmt_slice/gen_num_lanes[0].active_lane.lane_instance.i_fpnew_fma_multi/register_write_behavioral[31].mem_reg[31][23]_i_437/CO[3]
                         net (fo=1, routed)           0.000    16.464    vproc/fpu_ss_i/i_fpnew_bulk/gen_operation_groups[0].i_opgroup_block/gen_merged_slice.i_multifmt_slice/gen_num_lanes[0].active_lane.lane_instance.i_fpnew_fma_multi/register_write_behavioral[31].mem_reg[31][23]_i_437_n_0
    SLICE_X111Y43                                                     r  vproc/fpu_ss_i/i_fpnew_bulk/gen_operation_groups[0].i_opgroup_block/gen_merged_slice.i_multifmt_slice/gen_num_lanes[0].active_lane.lane_instance.i_fpnew_fma_multi/register_write_behavioral[31].mem_reg[31][23]_i_439/CI
    SLICE_X111Y43        CARRY4 (Prop_carry4_CI_CO[3])
                                                      0.053    16.517 r  vproc/fpu_ss_i/i_fpnew_bulk/gen_operation_groups[0].i_opgroup_block/gen_merged_slice.i_multifmt_slice/gen_num_lanes[0].active_lane.lane_instance.i_fpnew_fma_multi/register_write_behavioral[31].mem_reg[31][23]_i_439/CO[3]
                         net (fo=1, routed)           0.000    16.517    vproc/fpu_ss_i/i_fpnew_bulk/gen_operation_groups[0].i_opgroup_block/gen_merged_slice.i_multifmt_slice/gen_num_lanes[0].active_lane.lane_instance.i_fpnew_fma_multi/register_write_behavioral[31].mem_reg[31][23]_i_439_n_0
    SLICE_X111Y44                                                     r  vproc/fpu_ss_i/i_fpnew_bulk/gen_operation_groups[0].i_opgroup_block/gen_merged_slice.i_multifmt_slice/gen_num_lanes[0].active_lane.lane_instance.i_fpnew_fma_multi/register_write_behavioral[31].mem_reg[31][23]_i_441/CI
    SLICE_X111Y44        CARRY4 (Prop_carry4_CI_CO[3])
                                                      0.053    16.570 r  vproc/fpu_ss_i/i_fpnew_bulk/gen_operation_groups[0].i_opgroup_block/gen_merged_slice.i_multifmt_slice/gen_num_lanes[0].active_lane.lane_instance.i_fpnew_fma_multi/register_write_behavioral[31].mem_reg[31][23]_i_441/CO[3]
                         net (fo=1, routed)           0.000    16.570    vproc/fpu_ss_i/i_fpnew_bulk/gen_operation_groups[0].i_opgroup_block/gen_merged_slice.i_multifmt_slice/gen_num_lanes[0].active_lane.lane_instance.i_fpnew_fma_multi/register_write_behavioral[31].mem_reg[31][23]_i_441_n_0
    SLICE_X111Y45                                                     r  vproc/fpu_ss_i/i_fpnew_bulk/gen_operation_groups[0].i_opgroup_block/gen_merged_slice.i_multifmt_slice/gen_num_lanes[0].active_lane.lane_instance.i_fpnew_fma_multi/register_write_behavioral[31].mem_reg[31][23]_i_443/CI
    SLICE_X111Y45        CARRY4 (Prop_carry4_CI_CO[3])
                                                      0.053    16.623 r  vproc/fpu_ss_i/i_fpnew_bulk/gen_operation_groups[0].i_opgroup_block/gen_merged_slice.i_multifmt_slice/gen_num_lanes[0].active_lane.lane_instance.i_fpnew_fma_multi/register_write_behavioral[31].mem_reg[31][23]_i_443/CO[3]
                         net (fo=1, routed)           0.000    16.623    vproc/fpu_ss_i/i_fpnew_bulk/gen_operation_groups[0].i_opgroup_block/gen_merged_slice.i_multifmt_slice/gen_num_lanes[0].active_lane.lane_instance.i_fpnew_fma_multi/register_write_behavioral[31].mem_reg[31][23]_i_443_n_0
    SLICE_X111Y46                                                     r  vproc/fpu_ss_i/i_fpnew_bulk/gen_operation_groups[0].i_opgroup_block/gen_merged_slice.i_multifmt_slice/gen_num_lanes[0].active_lane.lane_instance.i_fpnew_fma_multi/register_write_behavioral[31].mem_reg[31][31]_i_391/CI
    SLICE_X111Y46        CARRY4 (Prop_carry4_CI_CO[3])
                                                      0.053    16.676 r  vproc/fpu_ss_i/i_fpnew_bulk/gen_operation_groups[0].i_opgroup_block/gen_merged_slice.i_multifmt_slice/gen_num_lanes[0].active_lane.lane_instance.i_fpnew_fma_multi/register_write_behavioral[31].mem_reg[31][31]_i_391/CO[3]
                         net (fo=1, routed)           0.000    16.676    vproc/fpu_ss_i/i_fpnew_bulk/gen_operation_groups[0].i_opgroup_block/gen_merged_slice.i_multifmt_slice/gen_num_lanes[0].active_lane.lane_instance.i_fpnew_fma_multi/register_write_behavioral[31].mem_reg[31][31]_i_391_n_0
    SLICE_X111Y47                                                     r  vproc/fpu_ss_i/i_fpnew_bulk/gen_operation_groups[0].i_opgroup_block/gen_merged_slice.i_multifmt_slice/gen_num_lanes[0].active_lane.lane_instance.i_fpnew_fma_multi/register_write_behavioral[31].mem_reg[31][31]_i_260/CI
    SLICE_X111Y47        CARRY4 (Prop_carry4_CI_CO[3])
                                                      0.053    16.729 r  vproc/fpu_ss_i/i_fpnew_bulk/gen_operation_groups[0].i_opgroup_block/gen_merged_slice.i_multifmt_slice/gen_num_lanes[0].active_lane.lane_instance.i_fpnew_fma_multi/register_write_behavioral[31].mem_reg[31][31]_i_260/CO[3]
                         net (fo=1, routed)           0.000    16.729    vproc/fpu_ss_i/i_fpnew_bulk/gen_operation_groups[0].i_opgroup_block/gen_merged_slice.i_multifmt_slice/gen_num_lanes[0].active_lane.lane_instance.i_fpnew_fma_multi/register_write_behavioral[31].mem_reg[31][31]_i_260_n_0
    SLICE_X111Y48                                                     r  vproc/fpu_ss_i/i_fpnew_bulk/gen_operation_groups[0].i_opgroup_block/gen_merged_slice.i_multifmt_slice/gen_num_lanes[0].active_lane.lane_instance.i_fpnew_fma_multi/register_write_behavioral[31].mem_reg[31][31]_i_188/CI
    SLICE_X111Y48        CARRY4 (Prop_carry4_CI_CO[3])
                                                      0.053    16.782 r  vproc/fpu_ss_i/i_fpnew_bulk/gen_operation_groups[0].i_opgroup_block/gen_merged_slice.i_multifmt_slice/gen_num_lanes[0].active_lane.lane_instance.i_fpnew_fma_multi/register_write_behavioral[31].mem_reg[31][31]_i_188/CO[3]
                         net (fo=1, routed)           0.000    16.782    vproc/fpu_ss_i/i_fpnew_bulk/gen_operation_groups[0].i_opgroup_block/gen_merged_slice.i_multifmt_slice/gen_num_lanes[0].active_lane.lane_instance.i_fpnew_fma_multi/register_write_behavioral[31].mem_reg[31][31]_i_188_n_0
    SLICE_X111Y49                                                     r  vproc/fpu_ss_i/i_fpnew_bulk/gen_operation_groups[0].i_opgroup_block/gen_merged_slice.i_multifmt_slice/gen_num_lanes[0].active_lane.lane_instance.i_fpnew_fma_multi/register_write_behavioral[31].mem_reg[31][31]_i_142/CI
    SLICE_X111Y49        CARRY4 (Prop_carry4_CI_CO[3])
                                                      0.053    16.835 r  vproc/fpu_ss_i/i_fpnew_bulk/gen_operation_groups[0].i_opgroup_block/gen_merged_slice.i_multifmt_slice/gen_num_lanes[0].active_lane.lane_instance.i_fpnew_fma_multi/register_write_behavioral[31].mem_reg[31][31]_i_142/CO[3]
                         net (fo=1, routed)           0.001    16.836    vproc/fpu_ss_i/i_fpnew_bulk/gen_operation_groups[0].i_opgroup_block/gen_merged_slice.i_multifmt_slice/gen_num_lanes[0].active_lane.lane_instance.i_fpnew_fma_multi/register_write_behavioral[31].mem_reg[31][31]_i_142_n_0
    SLICE_X111Y50                                                     r  vproc/fpu_ss_i/i_fpnew_bulk/gen_operation_groups[0].i_opgroup_block/gen_merged_slice.i_multifmt_slice/gen_num_lanes[0].active_lane.lane_instance.i_fpnew_fma_multi/register_write_behavioral[31].mem_reg[31][31]_i_93/CI
    SLICE_X111Y50        CARRY4 (Prop_carry4_CI_CO[0])
                                                      0.139    16.975 r  vproc/fpu_ss_i/i_fpnew_bulk/gen_operation_groups[0].i_opgroup_block/gen_merged_slice.i_multifmt_slice/gen_num_lanes[0].active_lane.lane_instance.i_fpnew_fma_multi/register_write_behavioral[31].mem_reg[31][31]_i_93/CO[0]
                         net (fo=2, routed)           0.456    17.431    vproc/fpu_ss_i/i_fpnew_bulk/gen_operation_groups[0].i_opgroup_block/gen_merged_slice.i_multifmt_slice/gen_num_lanes[0].active_lane.lane_instance.i_fpnew_fma_multi/sum_carry
    SLICE_X112Y43                                                     r  vproc/fpu_ss_i/i_fpnew_bulk/gen_operation_groups[0].i_opgroup_block/gen_merged_slice.i_multifmt_slice/gen_num_lanes[0].active_lane.lane_instance.i_fpnew_fma_multi/register_write_behavioral[31].mem[31][23]_i_216/I0
    SLICE_X112Y43        LUT3 (Prop_lut3_I0_O)        0.131    17.562 r  vproc/fpu_ss_i/i_fpnew_bulk/gen_operation_groups[0].i_opgroup_block/gen_merged_slice.i_multifmt_slice/gen_num_lanes[0].active_lane.lane_instance.i_fpnew_fma_multi/register_write_behavioral[31].mem[31][23]_i_216/O
                         net (fo=121, routed)         0.635    18.198    vproc/fpu_ss_i/i_fpnew_bulk/gen_operation_groups[0].i_opgroup_block/gen_merged_slice.i_multifmt_slice/gen_num_lanes[0].active_lane.lane_instance.i_fpnew_fma_multi/register_write_behavioral[31].mem[31][23]_i_216_n_0
    SLICE_X113Y35                                                     r  vproc/fpu_ss_i/i_fpnew_bulk/gen_operation_groups[0].i_opgroup_block/gen_merged_slice.i_multifmt_slice/gen_num_lanes[0].active_lane.lane_instance.i_fpnew_fma_multi/register_write_behavioral[31].mem[31][23]_i_378/I3
    SLICE_X113Y35        LUT5 (Prop_lut5_I3_O)        0.043    18.241 f  vproc/fpu_ss_i/i_fpnew_bulk/gen_operation_groups[0].i_opgroup_block/gen_merged_slice.i_multifmt_slice/gen_num_lanes[0].active_lane.lane_instance.i_fpnew_fma_multi/register_write_behavioral[31].mem[31][23]_i_378/O
                         net (fo=2, routed)           0.451    18.692    vproc/fpu_ss_i/i_fpnew_bulk/gen_operation_groups[0].i_opgroup_block/gen_merged_slice.i_multifmt_slice/gen_num_lanes[0].active_lane.lane_instance.i_fpnew_fma_multi/register_write_behavioral[31].mem[31][23]_i_378_n_0
    SLICE_X114Y35                                                     f  vproc/fpu_ss_i/i_fpnew_bulk/gen_operation_groups[0].i_opgroup_block/gen_merged_slice.i_multifmt_slice/gen_num_lanes[0].active_lane.lane_instance.i_fpnew_fma_multi/register_write_behavioral[31].mem[31][31]_i_464/I0
    SLICE_X114Y35        LUT6 (Prop_lut6_I0_O)        0.043    18.735 f  vproc/fpu_ss_i/i_fpnew_bulk/gen_operation_groups[0].i_opgroup_block/gen_merged_slice.i_multifmt_slice/gen_num_lanes[0].active_lane.lane_instance.i_fpnew_fma_multi/register_write_behavioral[31].mem[31][31]_i_464/O
                         net (fo=4, routed)           0.268    19.003    vproc/fpu_ss_i/i_fpnew_bulk/gen_operation_groups[0].i_opgroup_block/gen_merged_slice.i_multifmt_slice/gen_num_lanes[0].active_lane.lane_instance.i_fpnew_fma_multi/i_lzc/p_23_in
    SLICE_X114Y35                                                     f  vproc/fpu_ss_i/i_fpnew_bulk/gen_operation_groups[0].i_opgroup_block/gen_merged_slice.i_multifmt_slice/gen_num_lanes[0].active_lane.lane_instance.i_fpnew_fma_multi/register_write_behavioral[31].mem[31][23]_i_209/I1
    SLICE_X114Y35        LUT6 (Prop_lut6_I1_O)        0.043    19.046 f  vproc/fpu_ss_i/i_fpnew_bulk/gen_operation_groups[0].i_opgroup_block/gen_merged_slice.i_multifmt_slice/gen_num_lanes[0].active_lane.lane_instance.i_fpnew_fma_multi/register_write_behavioral[31].mem[31][23]_i_209/O
                         net (fo=5, routed)           0.386    19.432    vproc/fpu_ss_i/i_fpnew_bulk/gen_operation_groups[0].i_opgroup_block/gen_merged_slice.i_multifmt_slice/gen_num_lanes[0].active_lane.lane_instance.i_fpnew_fma_multi/i_lzc/p_28_in
    SLICE_X115Y37                                                     f  vproc/fpu_ss_i/i_fpnew_bulk/gen_operation_groups[0].i_opgroup_block/gen_merged_slice.i_multifmt_slice/gen_num_lanes[0].active_lane.lane_instance.i_fpnew_fma_multi/register_write_behavioral[31].mem[31][23]_i_103/I0
    SLICE_X115Y37        LUT5 (Prop_lut5_I0_O)        0.043    19.475 f  vproc/fpu_ss_i/i_fpnew_bulk/gen_operation_groups[0].i_opgroup_block/gen_merged_slice.i_multifmt_slice/gen_num_lanes[0].active_lane.lane_instance.i_fpnew_fma_multi/register_write_behavioral[31].mem[31][23]_i_103/O
                         net (fo=10, routed)          0.484    19.960    vproc/fpu_ss_i/i_fpnew_bulk/gen_operation_groups[0].i_opgroup_block/gen_merged_slice.i_multifmt_slice/gen_num_lanes[0].active_lane.lane_instance.i_fpnew_fma_multi/i_lzc/gen_lzc.sel_nodes_5
    SLICE_X115Y38                                                     f  vproc/fpu_ss_i/i_fpnew_bulk/gen_operation_groups[0].i_opgroup_block/gen_merged_slice.i_multifmt_slice/gen_num_lanes[0].active_lane.lane_instance.i_fpnew_fma_multi/register_write_behavioral[31].mem[31][31]_i_347/I3
    SLICE_X115Y38        LUT4 (Prop_lut4_I3_O)        0.043    20.003 r  vproc/fpu_ss_i/i_fpnew_bulk/gen_operation_groups[0].i_opgroup_block/gen_merged_slice.i_multifmt_slice/gen_num_lanes[0].active_lane.lane_instance.i_fpnew_fma_multi/register_write_behavioral[31].mem[31][31]_i_347/O
                         net (fo=10, routed)          0.378    20.380    vproc/fpu_ss_i/i_fpnew_bulk/gen_operation_groups[0].i_opgroup_block/gen_merged_slice.i_multifmt_slice/gen_num_lanes[0].active_lane.lane_instance.i_fpnew_fma_multi/leading_zero_count[4]
    SLICE_X114Y38                                                     r  vproc/fpu_ss_i/i_fpnew_bulk/gen_operation_groups[0].i_opgroup_block/gen_merged_slice.i_multifmt_slice/gen_num_lanes[0].active_lane.lane_instance.i_fpnew_fma_multi/register_write_behavioral[31].mem[31][23]_i_390/I3
    SLICE_X114Y38        LUT4 (Prop_lut4_I3_O)        0.043    20.423 r  vproc/fpu_ss_i/i_fpnew_bulk/gen_operation_groups[0].i_opgroup_block/gen_merged_slice.i_multifmt_slice/gen_num_lanes[0].active_lane.lane_instance.i_fpnew_fma_multi/register_write_behavioral[31].mem[31][23]_i_390/O
                         net (fo=1, routed)           0.000    20.423    vproc/fpu_ss_i/i_fpnew_bulk/gen_operation_groups[0].i_opgroup_block/gen_merged_slice.i_multifmt_slice/gen_num_lanes[0].active_lane.lane_instance.i_fpnew_fma_multi/register_write_behavioral[31].mem[31][23]_i_390_n_0
    SLICE_X114Y38                                                     r  vproc/fpu_ss_i/i_fpnew_bulk/gen_operation_groups[0].i_opgroup_block/gen_merged_slice.i_multifmt_slice/gen_num_lanes[0].active_lane.lane_instance.i_fpnew_fma_multi/register_write_behavioral[31].mem_reg[31][23]_i_204/S[0]
    SLICE_X114Y38        CARRY4 (Prop_carry4_S[0]_CO[3])
                                                      0.246    20.669 r  vproc/fpu_ss_i/i_fpnew_bulk/gen_operation_groups[0].i_opgroup_block/gen_merged_slice.i_multifmt_slice/gen_num_lanes[0].active_lane.lane_instance.i_fpnew_fma_multi/register_write_behavioral[31].mem_reg[31][23]_i_204/CO[3]
                         net (fo=1, routed)           0.000    20.669    vproc/fpu_ss_i/i_fpnew_bulk/gen_operation_groups[0].i_opgroup_block/gen_merged_slice.i_multifmt_slice/gen_num_lanes[0].active_lane.lane_instance.i_fpnew_fma_multi/register_write_behavioral[31].mem_reg[31][23]_i_204_n_0
    SLICE_X114Y39                                                     r  vproc/fpu_ss_i/i_fpnew_bulk/gen_operation_groups[0].i_opgroup_block/gen_merged_slice.i_multifmt_slice/gen_num_lanes[0].active_lane.lane_instance.i_fpnew_fma_multi/register_write_behavioral[31].mem_reg[31][23]_i_102/CI
    SLICE_X114Y39        CARRY4 (Prop_carry4_CI_CO[1])
                                                      0.076    20.745 r  vproc/fpu_ss_i/i_fpnew_bulk/gen_operation_groups[0].i_opgroup_block/gen_merged_slice.i_multifmt_slice/gen_num_lanes[0].active_lane.lane_instance.i_fpnew_fma_multi/register_write_behavioral[31].mem_reg[31][23]_i_102/CO[1]
                         net (fo=2, routed)           0.196    20.942    vproc/fpu_ss_i/i_fpnew_bulk/gen_operation_groups[0].i_opgroup_block/gen_merged_slice.i_multifmt_slice/gen_num_lanes[0].active_lane.lane_instance.i_fpnew_fma_multi/register_write_behavioral[31].mem_reg[31][23]_i_102_n_2
    SLICE_X117Y39                                                     r  vproc/fpu_ss_i/i_fpnew_bulk/gen_operation_groups[0].i_opgroup_block/gen_merged_slice.i_multifmt_slice/gen_num_lanes[0].active_lane.lane_instance.i_fpnew_fma_multi/register_write_behavioral[31].mem[31][30]_i_411/I2
    SLICE_X117Y39        LUT6 (Prop_lut6_I2_O)        0.124    21.066 r  vproc/fpu_ss_i/i_fpnew_bulk/gen_operation_groups[0].i_opgroup_block/gen_merged_slice.i_multifmt_slice/gen_num_lanes[0].active_lane.lane_instance.i_fpnew_fma_multi/register_write_behavioral[31].mem[31][30]_i_411/O
                         net (fo=67, routed)          0.724    21.790    vproc/fpu_ss_i/i_fpnew_bulk/gen_operation_groups[0].i_opgroup_block/gen_merged_slice.i_multifmt_slice/gen_num_lanes[0].active_lane.lane_instance.i_fpnew_fma_multi/register_write_behavioral[31].mem[31][30]_i_411_n_0
    SLICE_X122Y38                                                     r  vproc/fpu_ss_i/i_fpnew_bulk/gen_operation_groups[0].i_opgroup_block/gen_merged_slice.i_multifmt_slice/gen_num_lanes[0].active_lane.lane_instance.i_fpnew_fma_multi/register_write_behavioral[31].mem[31][30]_i_338/I3
    SLICE_X122Y38        LUT5 (Prop_lut5_I3_O)        0.043    21.833 r  vproc/fpu_ss_i/i_fpnew_bulk/gen_operation_groups[0].i_opgroup_block/gen_merged_slice.i_multifmt_slice/gen_num_lanes[0].active_lane.lane_instance.i_fpnew_fma_multi/register_write_behavioral[31].mem[31][30]_i_338/O
                         net (fo=4, routed)           0.581    22.414    vproc/fpu_ss_i/i_fpnew_bulk/gen_operation_groups[0].i_opgroup_block/gen_merged_slice.i_multifmt_slice/gen_num_lanes[0].active_lane.lane_instance.i_fpnew_fma_multi/register_write_behavioral[31].mem[31][30]_i_338_n_0
    SLICE_X119Y38                                                     r  vproc/fpu_ss_i/i_fpnew_bulk/gen_operation_groups[0].i_opgroup_block/gen_merged_slice.i_multifmt_slice/gen_num_lanes[0].active_lane.lane_instance.i_fpnew_fma_multi/register_write_behavioral[31].mem[31][30]_i_202/I1
    SLICE_X119Y38        LUT6 (Prop_lut6_I1_O)        0.043    22.457 r  vproc/fpu_ss_i/i_fpnew_bulk/gen_operation_groups[0].i_opgroup_block/gen_merged_slice.i_multifmt_slice/gen_num_lanes[0].active_lane.lane_instance.i_fpnew_fma_multi/register_write_behavioral[31].mem[31][30]_i_202/O
                         net (fo=4, routed)           0.352    22.809    vproc/fpu_ss_i/i_fpnew_bulk/gen_operation_groups[0].i_opgroup_block/gen_merged_slice.i_multifmt_slice/gen_num_lanes[0].active_lane.lane_instance.i_fpnew_fma_multi/register_write_behavioral[31].mem[31][30]_i_202_n_0
    SLICE_X116Y37                                                     r  vproc/fpu_ss_i/i_fpnew_bulk/gen_operation_groups[0].i_opgroup_block/gen_merged_slice.i_multifmt_slice/gen_num_lanes[0].active_lane.lane_instance.i_fpnew_fma_multi/register_write_behavioral[31].mem[31][30]_i_129/I3
    SLICE_X116Y37        LUT6 (Prop_lut6_I3_O)        0.043    22.852 r  vproc/fpu_ss_i/i_fpnew_bulk/gen_operation_groups[0].i_opgroup_block/gen_merged_slice.i_multifmt_slice/gen_num_lanes[0].active_lane.lane_instance.i_fpnew_fma_multi/register_write_behavioral[31].mem[31][30]_i_129/O
                         net (fo=1, routed)           0.528    23.380    vproc/fpu_ss_i/i_fpnew_bulk/gen_operation_groups[0].i_opgroup_block/gen_merged_slice.i_multifmt_slice/gen_num_lanes[0].active_lane.lane_instance.i_fpnew_fma_multi/register_write_behavioral[31].mem[31][30]_i_129_n_0
    SLICE_X115Y35                                                     r  vproc/fpu_ss_i/i_fpnew_bulk/gen_operation_groups[0].i_opgroup_block/gen_merged_slice.i_multifmt_slice/gen_num_lanes[0].active_lane.lane_instance.i_fpnew_fma_multi/register_write_behavioral[31].mem[31][30]_i_81/I0
    SLICE_X115Y35        LUT6 (Prop_lut6_I0_O)        0.043    23.423 f  vproc/fpu_ss_i/i_fpnew_bulk/gen_operation_groups[0].i_opgroup_block/gen_merged_slice.i_multifmt_slice/gen_num_lanes[0].active_lane.lane_instance.i_fpnew_fma_multi/register_write_behavioral[31].mem[31][30]_i_81/O
                         net (fo=38, routed)          0.408    23.831    vproc/fpu_ss_i/i_fpnew_bulk/gen_operation_groups[0].i_opgroup_block/gen_merged_slice.i_multifmt_slice/gen_num_lanes[0].active_lane.lane_instance.i_fpnew_fma_multi/register_write_behavioral[31].mem[31][30]_i_81_n_0
    SLICE_X112Y34                                                     f  vproc/fpu_ss_i/i_fpnew_bulk/gen_operation_groups[0].i_opgroup_block/gen_merged_slice.i_multifmt_slice/gen_num_lanes[0].active_lane.lane_instance.i_fpnew_fma_multi/register_write_behavioral[31].mem[31][30]_i_413/I0
    SLICE_X112Y34        LUT4 (Prop_lut4_I0_O)        0.043    23.874 r  vproc/fpu_ss_i/i_fpnew_bulk/gen_operation_groups[0].i_opgroup_block/gen_merged_slice.i_multifmt_slice/gen_num_lanes[0].active_lane.lane_instance.i_fpnew_fma_multi/register_write_behavioral[31].mem[31][30]_i_413/O
                         net (fo=1, routed)           0.242    24.116    vproc/fpu_ss_i/i_fpnew_bulk/gen_operation_groups[0].i_opgroup_block/gen_merged_slice.i_multifmt_slice/gen_num_lanes[0].active_lane.lane_instance.i_fpnew_fma_multi/register_write_behavioral[31].mem[31][30]_i_413_n_0
    SLICE_X109Y34                                                     r  vproc/fpu_ss_i/i_fpnew_bulk/gen_operation_groups[0].i_opgroup_block/gen_merged_slice.i_multifmt_slice/gen_num_lanes[0].active_lane.lane_instance.i_fpnew_fma_multi/register_write_behavioral[31].mem[31][30]_i_368/I3
    SLICE_X109Y34        LUT5 (Prop_lut5_I3_O)        0.043    24.159 r  vproc/fpu_ss_i/i_fpnew_bulk/gen_operation_groups[0].i_opgroup_block/gen_merged_slice.i_multifmt_slice/gen_num_lanes[0].active_lane.lane_instance.i_fpnew_fma_multi/register_write_behavioral[31].mem[31][30]_i_368/O
                         net (fo=2, routed)           0.350    24.509    vproc/fpu_ss_i/i_fpnew_bulk/gen_operation_groups[0].i_opgroup_block/gen_merged_slice.i_multifmt_slice/gen_num_lanes[0].active_lane.lane_instance.i_fpnew_fma_multi/register_write_behavioral[31].mem[31][30]_i_368_n_0
    SLICE_X108Y33                                                     r  vproc/fpu_ss_i/i_fpnew_bulk/gen_operation_groups[0].i_opgroup_block/gen_merged_slice.i_multifmt_slice/gen_num_lanes[0].active_lane.lane_instance.i_fpnew_fma_multi/register_write_behavioral[31].mem[31][30]_i_239/I2
    SLICE_X108Y33        LUT4 (Prop_lut4_I2_O)        0.043    24.552 r  vproc/fpu_ss_i/i_fpnew_bulk/gen_operation_groups[0].i_opgroup_block/gen_merged_slice.i_multifmt_slice/gen_num_lanes[0].active_lane.lane_instance.i_fpnew_fma_multi/register_write_behavioral[31].mem[31][30]_i_239/O
                         net (fo=1, routed)           0.000    24.552    vproc/fpu_ss_i/i_fpnew_bulk/gen_operation_groups[0].i_opgroup_block/gen_merged_slice.i_multifmt_slice/gen_num_lanes[0].active_lane.lane_instance.i_fpnew_fma_multi/register_write_behavioral[31].mem[31][30]_i_239_n_0
    SLICE_X108Y33                                                     r  vproc/fpu_ss_i/i_fpnew_bulk/gen_operation_groups[0].i_opgroup_block/gen_merged_slice.i_multifmt_slice/gen_num_lanes[0].active_lane.lane_instance.i_fpnew_fma_multi/register_write_behavioral[31].mem_reg[31][30]_i_138/S[0]
    SLICE_X108Y33        CARRY4 (Prop_carry4_S[0]_CO[3])
                                                      0.246    24.798 r  vproc/fpu_ss_i/i_fpnew_bulk/gen_operation_groups[0].i_opgroup_block/gen_merged_slice.i_multifmt_slice/gen_num_lanes[0].active_lane.lane_instance.i_fpnew_fma_multi/register_write_behavioral[31].mem_reg[31][30]_i_138/CO[3]
                         net (fo=1, routed)           0.000    24.798    vproc/fpu_ss_i/i_fpnew_bulk/gen_operation_groups[0].i_opgroup_block/gen_merged_slice.i_multifmt_slice/gen_num_lanes[0].active_lane.lane_instance.i_fpnew_fma_multi/register_write_behavioral[31].mem_reg[31][30]_i_138_n_0
    SLICE_X108Y34                                                     r  vproc/fpu_ss_i/i_fpnew_bulk/gen_operation_groups[0].i_opgroup_block/gen_merged_slice.i_multifmt_slice/gen_num_lanes[0].active_lane.lane_instance.i_fpnew_fma_multi/register_write_behavioral[31].mem_reg[31][30]_i_85/CI
    SLICE_X108Y34        CARRY4 (Prop_carry4_CI_CO[3])
                                                      0.054    24.852 r  vproc/fpu_ss_i/i_fpnew_bulk/gen_operation_groups[0].i_opgroup_block/gen_merged_slice.i_multifmt_slice/gen_num_lanes[0].active_lane.lane_instance.i_fpnew_fma_multi/register_write_behavioral[31].mem_reg[31][30]_i_85/CO[3]
                         net (fo=1, routed)           0.000    24.852    vproc/fpu_ss_i/i_fpnew_bulk/gen_operation_groups[0].i_opgroup_block/gen_merged_slice.i_multifmt_slice/gen_num_lanes[0].active_lane.lane_instance.i_fpnew_fma_multi/register_write_behavioral[31].mem_reg[31][30]_i_85_n_0
    SLICE_X108Y35                                                     r  vproc/fpu_ss_i/i_fpnew_bulk/gen_operation_groups[0].i_opgroup_block/gen_merged_slice.i_multifmt_slice/gen_num_lanes[0].active_lane.lane_instance.i_fpnew_fma_multi/register_write_behavioral[31].mem_reg[31][30]_i_55/CI
    SLICE_X108Y35        CARRY4 (Prop_carry4_CI_CO[3])
                                                      0.054    24.906 r  vproc/fpu_ss_i/i_fpnew_bulk/gen_operation_groups[0].i_opgroup_block/gen_merged_slice.i_multifmt_slice/gen_num_lanes[0].active_lane.lane_instance.i_fpnew_fma_multi/register_write_behavioral[31].mem_reg[31][30]_i_55/CO[3]
                         net (fo=43, routed)          0.622    25.528    vproc/fpu_ss_i/i_fpnew_bulk/gen_operation_groups[0].i_opgroup_block/gen_merged_slice.i_multifmt_slice/gen_num_lanes[0].active_lane.lane_instance.i_fpnew_fma_multi/of_before_round
    SLICE_X112Y34                                                     r  vproc/fpu_ss_i/i_fpnew_bulk/gen_operation_groups[0].i_opgroup_block/gen_merged_slice.i_multifmt_slice/gen_num_lanes[0].active_lane.lane_instance.i_fpnew_fma_multi/register_write_behavioral[31].mem[31][31]_i_203/I0
    SLICE_X112Y34        LUT5 (Prop_lut5_I0_O)        0.043    25.571 r  vproc/fpu_ss_i/i_fpnew_bulk/gen_operation_groups[0].i_opgroup_block/gen_merged_slice.i_multifmt_slice/gen_num_lanes[0].active_lane.lane_instance.i_fpnew_fma_multi/register_write_behavioral[31].mem[31][31]_i_203/O
                         net (fo=1, routed)           0.239    25.810    vproc/fpu_ss_i/i_fpnew_bulk/gen_operation_groups[0].i_opgroup_block/gen_merged_slice.i_multifmt_slice/gen_num_lanes[0].active_lane.lane_instance.i_fpnew_fma_multi/register_write_behavioral[31].mem[31][31]_i_203_n_0
    SLICE_X112Y34                                                     r  vproc/fpu_ss_i/i_fpnew_bulk/gen_operation_groups[0].i_opgroup_block/gen_merged_slice.i_multifmt_slice/gen_num_lanes[0].active_lane.lane_instance.i_fpnew_fma_multi/register_write_behavioral[31].mem[31][31]_i_148/I0
    SLICE_X112Y34        LUT6 (Prop_lut6_I0_O)        0.043    25.853 r  vproc/fpu_ss_i/i_fpnew_bulk/gen_operation_groups[0].i_opgroup_block/gen_merged_slice.i_multifmt_slice/gen_num_lanes[0].active_lane.lane_instance.i_fpnew_fma_multi/register_write_behavioral[31].mem[31][31]_i_148/O
                         net (fo=2, routed)           0.431    26.284    vproc/fpu_ss_i/i_fpnew_bulk/gen_operation_groups[0].i_opgroup_block/gen_merged_slice.i_multifmt_slice/gen_num_lanes[0].active_lane.lane_instance.i_fpnew_fma_multi/register_write_behavioral[31].mem[31][31]_i_148_n_0
    SLICE_X107Y35                                                     r  vproc/fpu_ss_i/i_fpnew_bulk/gen_operation_groups[0].i_opgroup_block/gen_merged_slice.i_multifmt_slice/gen_num_lanes[0].active_lane.lane_instance.i_fpnew_fma_multi/register_write_behavioral[31].mem[31][31]_i_102/I2
    SLICE_X107Y35        LUT3 (Prop_lut3_I2_O)        0.049    26.333 f  vproc/fpu_ss_i/i_fpnew_bulk/gen_operation_groups[0].i_opgroup_block/gen_merged_slice.i_multifmt_slice/gen_num_lanes[0].active_lane.lane_instance.i_fpnew_fma_multi/register_write_behavioral[31].mem[31][31]_i_102/O
                         net (fo=3, routed)           0.476    26.809    vproc/fpu_ss_i/i_fpnew_bulk/gen_operation_groups[0].i_opgroup_block/gen_merged_slice.i_multifmt_slice/gen_num_lanes[0].active_lane.lane_instance.i_fpnew_fma_multi/register_write_behavioral[31].mem[31][31]_i_102_n_0
    SLICE_X106Y32                                                     f  vproc/fpu_ss_i/i_fpnew_bulk/gen_operation_groups[0].i_opgroup_block/gen_merged_slice.i_multifmt_slice/gen_num_lanes[0].active_lane.lane_instance.i_fpnew_fma_multi/register_write_behavioral[31].mem[31][3]_i_39/I3
    SLICE_X106Y32        LUT6 (Prop_lut6_I3_O)        0.136    26.945 r  vproc/fpu_ss_i/i_fpnew_bulk/gen_operation_groups[0].i_opgroup_block/gen_merged_slice.i_multifmt_slice/gen_num_lanes[0].active_lane.lane_instance.i_fpnew_fma_multi/register_write_behavioral[31].mem[31][3]_i_39/O
                         net (fo=1, routed)           0.348    27.293    vproc/fpu_ss_i/i_fpnew_bulk/gen_operation_groups[0].i_opgroup_block/gen_merged_slice.i_multifmt_slice/gen_num_lanes[0].active_lane.lane_instance.i_fpnew_fma_multi/register_write_behavioral[31].mem[31][3]_i_39_n_0
    SLICE_X107Y32                                                     r  vproc/fpu_ss_i/i_fpnew_bulk/gen_operation_groups[0].i_opgroup_block/gen_merged_slice.i_multifmt_slice/gen_num_lanes[0].active_lane.lane_instance.i_fpnew_fma_multi/register_write_behavioral[31].mem[31][3]_i_27/I4
    SLICE_X107Y32        LUT5 (Prop_lut5_I4_O)        0.043    27.336 r  vproc/fpu_ss_i/i_fpnew_bulk/gen_operation_groups[0].i_opgroup_block/gen_merged_slice.i_multifmt_slice/gen_num_lanes[0].active_lane.lane_instance.i_fpnew_fma_multi/register_write_behavioral[31].mem[31][3]_i_27/O
                         net (fo=1, routed)           0.000    27.336    vproc/fpu_ss_i/i_fpnew_bulk/gen_operation_groups[0].i_opgroup_block/gen_merged_slice.i_multifmt_slice/gen_num_lanes[0].active_lane.lane_instance.i_fpnew_fma_multi/register_write_behavioral[31].mem[31][3]_i_27_n_0
    SLICE_X107Y32                                                     r  vproc/fpu_ss_i/i_fpnew_bulk/gen_operation_groups[0].i_opgroup_block/gen_merged_slice.i_multifmt_slice/gen_num_lanes[0].active_lane.lane_instance.i_fpnew_fma_multi/register_write_behavioral[31].mem_reg[31][3]_i_12/S[0]
    SLICE_X107Y32        CARRY4 (Prop_carry4_S[0]_O[2])
                                                      0.266    27.602 f  vproc/fpu_ss_i/i_fpnew_bulk/gen_operation_groups[0].i_opgroup_block/gen_merged_slice.i_multifmt_slice/gen_num_lanes[0].active_lane.lane_instance.i_fpnew_fma_multi/register_write_behavioral[31].mem_reg[31][3]_i_12/O[2]
                         net (fo=1, routed)           0.607    28.209    vproc/fpu_ss_i/i_fpnew_bulk/gen_operation_groups[0].i_opgroup_block/gen_merged_slice.i_multifmt_slice/gen_num_lanes[0].active_lane.lane_instance.i_fpnew_fma_multi/rounded_abs[2]
    SLICE_X101Y41                                                     f  vproc/fpu_ss_i/i_fpnew_bulk/gen_operation_groups[0].i_opgroup_block/gen_merged_slice.i_multifmt_slice/gen_num_lanes[0].active_lane.lane_instance.i_fpnew_fma_multi/register_write_behavioral[31].mem[31][2]_i_5/I4
    SLICE_X101Y41        LUT6 (Prop_lut6_I4_O)        0.122    28.331 f  vproc/fpu_ss_i/i_fpnew_bulk/gen_operation_groups[0].i_opgroup_block/gen_merged_slice.i_multifmt_slice/gen_num_lanes[0].active_lane.lane_instance.i_fpnew_fma_multi/register_write_behavioral[31].mem[31][2]_i_5/O
                         net (fo=1, routed)           0.000    28.331    vproc/fpu_ss_i/i_fpnew_bulk/gen_operation_groups[2].i_opgroup_block/gen_parallel_slices[2].active_format.i_fmt_slice/gen_num_lanes[0].active_lane.lane_instance.i_noncomp/gen_arbiter.data_nodes[1][result][2]
    SLICE_X101Y41                                                     f  vproc/fpu_ss_i/i_fpnew_bulk/gen_operation_groups[2].i_opgroup_block/gen_parallel_slices[2].active_format.i_fmt_slice/gen_num_lanes[0].active_lane.lane_instance.i_noncomp/register_write_behavioral[31].mem_reg[31][2]_i_4/I0
    SLICE_X101Y41        MUXF7 (Prop_muxf7_I0_O)      0.107    28.438 f  vproc/fpu_ss_i/i_fpnew_bulk/gen_operation_groups[2].i_opgroup_block/gen_parallel_slices[2].active_format.i_fmt_slice/gen_num_lanes[0].active_lane.lane_instance.i_noncomp/register_write_behavioral[31].mem_reg[31][2]_i_4/O
                         net (fo=2, routed)           0.194    28.632    vproc/fpu_ss_i/fpu_ss_csr_i/gen_rf[1].mem[1][4]_i_2[2]
    SLICE_X99Y41                                                      f  vproc/fpu_ss_i/fpu_ss_csr_i/gen_rf[1].mem[1][2]_i_3/I2
    SLICE_X99Y41         LUT3 (Prop_lut3_I2_O)        0.124    28.756 f  vproc/fpu_ss_i/fpu_ss_csr_i/gen_rf[1].mem[1][2]_i_3/O
                         net (fo=1, routed)           0.405    29.161    vproc/core/ex_stage_i/fpu_ss_xif\\.result[data][2]
    SLICE_X80Y41                                                      f  vproc/core/ex_stage_i/gen_rf[1].mem[1][2]_i_2/I1
    SLICE_X80Y41         LUT6 (Prop_lut6_I1_O)        0.043    29.204 f  vproc/core/ex_stage_i/gen_rf[1].mem[1][2]_i_2/O
                         net (fo=1, routed)           0.103    29.307    vproc/core/load_store_unit_i/gen_rf[31].mem_reg[31][2]
    SLICE_X80Y41                                                      f  vproc/core/load_store_unit_i/gen_rf[1].mem[1][2]_i_1/I0
    SLICE_X80Y41         LUT6 (Prop_lut6_I0_O)        0.043    29.350 f  vproc/core/load_store_unit_i/gen_rf[1].mem[1][2]_i_1/O
                         net (fo=36, routed)          0.373    29.723    vproc/core/id_stage_i/rf_wdata_wb[1]
    SLICE_X79Y44                                                      f  vproc/core/id_stage_i/dec_data_q[rs2][r][xval][2]_i_2/I3
    SLICE_X79Y44         LUT6 (Prop_lut6_I3_O)        0.043    29.766 f  vproc/core/id_stage_i/dec_data_q[rs2][r][xval][2]_i_2/O
                         net (fo=2, routed)           0.298    30.064    vproc/core/if_stage_i/vcore_xif\\.issue_req[rs][1]_37[2]
    SLICE_X79Y44                                                      f  vproc/core/if_stage_i/dec_data_q[mode][6]_i_3/I3
    SLICE_X79Y44         LUT6 (Prop_lut6_I3_O)        0.043    30.107 f  vproc/core/if_stage_i/dec_data_q[mode][6]_i_3/O
                         net (fo=1, routed)           0.265    30.371    vproc/core/if_stage_i/dec_data_q[mode][6]_i_3_n_0
    SLICE_X77Y45                                                      f  vproc/core/if_stage_i/dec_data_q[mode][6]_i_1/I3
    SLICE_X77Y45         LUT6 (Prop_lut6_I3_O)        0.043    30.414 f  vproc/core/if_stage_i/dec_data_q[mode][6]_i_1/O
                         net (fo=4, routed)           0.326    30.740    vproc/core/if_stage_i/D[6]
    SLICE_X77Y47                                                      f  vproc/core/if_stage_i/stage_state_q[1][op_load][4]_i_16/I1
    SLICE_X77Y47         LUT6 (Prop_lut6_I1_O)        0.043    30.783 f  vproc/core/if_stage_i/stage_state_q[1][op_load][4]_i_16/O
                         net (fo=2, routed)           0.480    31.264    vproc/v_core/result_if/stage_state_q[1][op_load][4]_i_6_0
    SLICE_X78Y48                                                      f  vproc/v_core/result_if/stage_state_q[1][op_load][4]_i_11/I4
    SLICE_X78Y48         LUT6 (Prop_lut6_I4_O)        0.043    31.307 r  vproc/v_core/result_if/stage_state_q[1][op_load][4]_i_11/O
                         net (fo=1, routed)           0.362    31.669    vproc/v_core/result_if/stage_state_q[1][op_load][4]_i_11_n_0
    SLICE_X78Y48                                                      r  vproc/v_core/result_if/stage_state_q[1][op_load][4]_i_6/I2
    SLICE_X78Y48         LUT6 (Prop_lut6_I2_O)        0.043    31.712 f  vproc/v_core/result_if/stage_state_q[1][op_load][4]_i_6/O
                         net (fo=41, routed)          0.674    32.386    vproc/v_core/result_if/result_source_q_reg[1]_0
    SLICE_X77Y50                                                      f  vproc/v_core/result_if/register_write_behavioral[31].mem[31][31]_i_29/I2
    SLICE_X77Y50         LUT4 (Prop_lut4_I2_O)        0.043    32.429 r  vproc/v_core/result_if/register_write_behavioral[31].mem[31][31]_i_29/O
                         net (fo=34, routed)          0.665    33.094    vproc/core/load_store_unit_i/mpu_i/vcore_xif\\.result[rd][4]
    SLICE_X77Y50                                                      r  vproc/core/load_store_unit_i/mpu_i/register_write_behavioral[31].mem[31][31]_i_8/I2
    SLICE_X77Y50         LUT5 (Prop_lut5_I2_O)        0.043    33.137 r  vproc/core/load_store_unit_i/mpu_i/register_write_behavioral[31].mem[31][31]_i_8/O
                         net (fo=65, routed)          0.677    33.815    vproc/core/if_stage_i/fpr_wb_addr[3]
    SLICE_X77Y50                                                      r  vproc/core/if_stage_i/x_ext_regs.xif_res_q_i_12/I1
    SLICE_X77Y50         LUT6 (Prop_lut6_I1_O)        0.043    33.858 r  vproc/core/if_stage_i/x_ext_regs.xif_res_q_i_12/O
                         net (fo=2, routed)           0.460    34.318    vproc/core/if_stage_i/if_id_pipe_o_reg[instr][bus_resp][rdata][11]_17
    SLICE_X77Y50                                                      r  vproc/core/if_stage_i/x_ext_regs.xif_res_q_i_5/I3
    SLICE_X77Y50         LUT6 (Prop_lut6_I3_O)        0.043    34.361 f  vproc/core/if_stage_i/x_ext_regs.xif_res_q_i_5/O
                         net (fo=3, routed)           0.639    35.000    vproc/fpu_ss_i/fpu_ss_controller_i/x_ext_regs.xif_res_q_reg_1
    SLICE_X76Y50                                                      f  vproc/fpu_ss_i/fpu_ss_controller_i/x_ext_regs.xif_res_q_i_2/I2
    SLICE_X76Y50         LUT6 (Prop_lut6_I2_O)        0.043    35.043 r  vproc/fpu_ss_i/fpu_ss_controller_i/x_ext_regs.xif_res_q_i_2/O
                         net (fo=273, routed)         0.871    35.914    vproc/v_core/instr_queue/host_xif\\.mem_valid
    SLICE_X60Y47                                                      r  vproc/v_core/instr_queue/mem_rvalid_i_2/I4
    SLICE_X60Y47         LUT6 (Prop_lut6_I4_O)        0.043    35.957 f  vproc/v_core/instr_queue/mem_rvalid_i_2/O
                         net (fo=3, routed)           0.276    36.233    vproc/core/load_store_unit_i/response_filter_i/sdata_hold
    SLICE_X59Y45                                                      f  vproc/core/load_store_unit_i/response_filter_i/mem_rvalid_i_1/I0
    SLICE_X59Y45         LUT6 (Prop_lut6_I0_O)        0.043    36.276 r  vproc/core/load_store_unit_i/response_filter_i/mem_rvalid_i_1/O
                         net (fo=2, routed)           0.439    36.715    vproc/v_core/genblk9[0].pipe/pipeline/unit_mux/genblk1[0].unit/lsu/lsu_queue/mem_req
    SLICE_X59Y46                                                      r  vproc/v_core/genblk9[0].pipe/pipeline/unit_mux/genblk1[0].unit/lsu/lsu_queue/mem_reg_0_0_0_i_20/I3
    SLICE_X59Y46         LUT6 (Prop_lut6_I3_O)        0.043    36.758 f  vproc/v_core/genblk9[0].pipe/pipeline/unit_mux/genblk1[0].unit/lsu/lsu_queue/mem_reg_0_0_0_i_20/O
                         net (fo=6, routed)           0.284    37.042    vproc/v_core/genblk9[0].pipe/pipeline/unit_mux/genblk1[0].unit/lsu/lsu_queue/mem_reg_0_0_0_i_20_n_0
    SLICE_X59Y48                                                      f  vproc/v_core/genblk9[0].pipe/pipeline/unit_mux/genblk1[0].unit/lsu/lsu_queue/mem_reg_0_0_7_i_1/I0
    SLICE_X59Y48         LUT6 (Prop_lut6_I0_O)        0.043    37.085 r  vproc/v_core/genblk9[0].pipe/pipeline/unit_mux/genblk1[0].unit/lsu/lsu_queue/mem_reg_0_0_7_i_1/O
                         net (fo=18, routed)          1.152    38.237    u_ram/mem_reg_1_0_7_0
    SLICE_X33Y83                                                      r  u_ram/mem_reg_1_0_2_ENARDEN_cooolgate_en_gate_21/I2
    SLICE_X33Y83         LUT3 (Prop_lut3_I2_O)        0.043    38.280 r  u_ram/mem_reg_1_0_2_ENARDEN_cooolgate_en_gate_21/O
                         net (fo=1, routed)           0.868    39.148    u_ram/mem_reg_1_0_2_ENARDEN_cooolgate_en_sig_11
    RAMB36_X1Y20         RAMB36E1                                     r  u_ram/mem_reg_1_0_2/ENARDEN
  -------------------------------------------------------------------    -------------------

                         (clock clk_raw rise edge)   34.375    34.375 r  
                         clock source latency         1.909    36.284    
                         propagated clock network latency
                                                      3.119    39.403    
                         clock pessimism              0.352    39.755    
                         clock uncertainty           -0.068    39.687    
    RAMB36_X1Y20         RAMB36E1 (Setup_ramb36e1_CLKARDCLK_ENARDEN)
                                                     -0.328    39.359    u_ram/mem_reg_1_0_2
  -------------------------------------------------------------------
                         required time                         39.359    
                         arrival time                         -39.148    
  -------------------------------------------------------------------
                         slack                                  0.211    

Slack (MET) :             0.211ns  (required time - arrival time)
  Source:                 vproc/fpu_ss_i/i_fpnew_bulk/gen_operation_groups[0].i_opgroup_block/gen_merged_slice.i_multifmt_slice/gen_num_lanes[0].active_lane.lane_instance.i_fpnew_fma_multi/gen_input_pipeline[0].inp_pipe_operands_q_reg[1][1][14]/C
                            (rising edge-triggered cell FDCE clocked by clk_raw  {rise@0.000ns fall@17.188ns period=34.375ns})
  Destination:            u_ram/mem_reg_1_0_2/ENARDEN
                            (rising edge-triggered cell RAMB36E1 clocked by clk_raw  {rise@0.000ns fall@17.188ns period=34.375ns})
  Path Group:             clk_raw
  Path Type:              Setup (Max at Slow Process Corner)
  Requirement:            34.375ns  (clk_raw rise@34.375ns - clk_raw rise@0.000ns)
  Data Path Delay:        33.397ns  (logic 6.618ns (19.816%)  route 26.779ns (80.184%))
  Logic Levels:           92  (CARRY4=30 LUT2=3 LUT3=9 LUT4=7 LUT5=8 LUT6=34 MUXF7=1)
  Clock Path Skew:        -0.370ns (DCD - SCD + CPR)
    Destination Clock Delay (DCD):    5.028ns = ( 39.403 - 34.375 ) 
    Source Clock Delay      (SCD):    5.751ns
    Clock Pessimism Removal (CPR):    0.352ns
  Clock Uncertainty:      0.068ns  ((TSJ^2 + DJ^2)^1/2) / 2 + PE
    Total System Jitter     (TSJ):    0.071ns
    Discrete Jitter          (DJ):    0.116ns
    Phase Error              (PE):    0.000ns

    Location             Delay type                Incr(ns)  Path(ns)    Netlist Resource(s)
  -------------------------------------------------------------------    -------------------
                         (clock clk_raw rise edge)    0.000     0.000 r  
                         clock source latency         2.120     2.120    
                         propagated clock network latency
                                                      3.631     5.751    
    SLICE_X97Y37         FDCE                         0.000     5.751 r  vproc/fpu_ss_i/i_fpnew_bulk/gen_operation_groups[0].i_opgroup_block/gen_merged_slice.i_multifmt_slice/gen_num_lanes[0].active_lane.lane_instance.i_fpnew_fma_multi/gen_input_pipeline[0].inp_pipe_operands_q_reg[1][1][14]/C
    SLICE_X97Y37         FDCE (Prop_fdce_C_Q)         0.223     5.974 f  vproc/fpu_ss_i/i_fpnew_bulk/gen_operation_groups[0].i_opgroup_block/gen_merged_slice.i_multifmt_slice/gen_num_lanes[0].active_lane.lane_instance.i_fpnew_fma_multi/gen_input_pipeline[0].inp_pipe_operands_q_reg[1][1][14]/Q
                         net (fo=9, routed)           0.382     6.356    vproc/fpu_ss_i/i_fpnew_bulk/gen_operation_groups[0].i_opgroup_block/gen_merged_slice.i_multifmt_slice/gen_num_lanes[0].active_lane.lane_instance.i_fpnew_fma_multi/gen_input_pipeline[0].inp_pipe_operands_q_reg_n_0_[1][1][14]
    SLICE_X96Y37                                                      f  vproc/fpu_ss_i/i_fpnew_bulk/gen_operation_groups[0].i_opgroup_block/gen_merged_slice.i_multifmt_slice/gen_num_lanes[0].active_lane.lane_instance.i_fpnew_fma_multi/register_write_behavioral[31].mem[31][31]_i_385/I1
    SLICE_X96Y37         LUT4 (Prop_lut4_I1_O)        0.043     6.399 f  vproc/fpu_ss_i/i_fpnew_bulk/gen_operation_groups[0].i_opgroup_block/gen_merged_slice.i_multifmt_slice/gen_num_lanes[0].active_lane.lane_instance.i_fpnew_fma_multi/register_write_behavioral[31].mem[31][31]_i_385/O
                         net (fo=1, routed)           0.358     6.757    vproc/fpu_ss_i/i_fpnew_bulk/gen_operation_groups[0].i_opgroup_block/gen_merged_slice.i_multifmt_slice/gen_num_lanes[0].active_lane.lane_instance.i_fpnew_fma_multi/register_write_behavioral[31].mem[31][31]_i_385_n_0
    SLICE_X97Y37                                                      f  vproc/fpu_ss_i/i_fpnew_bulk/gen_operation_groups[0].i_opgroup_block/gen_merged_slice.i_multifmt_slice/gen_num_lanes[0].active_lane.lane_instance.i_fpnew_fma_multi/register_write_behavioral[31].mem[31][31]_i_257/I0
    SLICE_X97Y37         LUT6 (Prop_lut6_I0_O)        0.043     6.800 f  vproc/fpu_ss_i/i_fpnew_bulk/gen_operation_groups[0].i_opgroup_block/gen_merged_slice.i_multifmt_slice/gen_num_lanes[0].active_lane.lane_instance.i_fpnew_fma_multi/register_write_behavioral[31].mem[31][31]_i_257/O
                         net (fo=1, routed)           0.426     7.226    vproc/fpu_ss_i/i_fpnew_bulk/gen_operation_groups[0].i_opgroup_block/gen_merged_slice.i_multifmt_slice/gen_num_lanes[0].active_lane.lane_instance.i_fpnew_fma_multi/register_write_behavioral[31].mem[31][31]_i_257_n_0
    SLICE_X97Y37                                                      f  vproc/fpu_ss_i/i_fpnew_bulk/gen_operation_groups[0].i_opgroup_block/gen_merged_slice.i_multifmt_slice/gen_num_lanes[0].active_lane.lane_instance.i_fpnew_fma_multi/register_write_behavioral[31].mem[31][31]_i_184/I5
    SLICE_X97Y37         LUT6 (Prop_lut6_I5_O)        0.043     7.269 r  vproc/fpu_ss_i/i_fpnew_bulk/gen_operation_groups[0].i_opgroup_block/gen_merged_slice.i_multifmt_slice/gen_num_lanes[0].active_lane.lane_instance.i_fpnew_fma_multi/register_write_behavioral[31].mem[31][31]_i_184/O
                         net (fo=2, routed)           0.197     7.466    vproc/fpu_ss_i/i_fpnew_bulk/gen_operation_groups[0].i_opgroup_block/gen_merged_slice.i_multifmt_slice/gen_num_lanes[0].active_lane.lane_instance.i_fpnew_fma_multi/register_write_behavioral[31].mem[31][31]_i_184_n_0
    SLICE_X95Y37                                                      r  vproc/fpu_ss_i/i_fpnew_bulk/gen_operation_groups[0].i_opgroup_block/gen_merged_slice.i_multifmt_slice/gen_num_lanes[0].active_lane.lane_instance.i_fpnew_fma_multi/register_write_behavioral[31].mem[31][23]_i_490/I1
    SLICE_X95Y37         LUT2 (Prop_lut2_I1_O)        0.043     7.509 f  vproc/fpu_ss_i/i_fpnew_bulk/gen_operation_groups[0].i_opgroup_block/gen_merged_slice.i_multifmt_slice/gen_num_lanes[0].active_lane.lane_instance.i_fpnew_fma_multi/register_write_behavioral[31].mem[31][23]_i_490/O
                         net (fo=1, routed)           0.293     7.802    vproc/fpu_ss_i/i_fpnew_bulk/gen_operation_groups[0].i_opgroup_block/gen_merged_slice.i_multifmt_slice/gen_num_lanes[0].active_lane.lane_instance.i_fpnew_fma_multi/register_write_behavioral[31].mem[31][23]_i_490_n_0
    SLICE_X100Y36                                                     f  vproc/fpu_ss_i/i_fpnew_bulk/gen_operation_groups[0].i_opgroup_block/gen_merged_slice.i_multifmt_slice/gen_num_lanes[0].active_lane.lane_instance.i_fpnew_fma_multi/register_write_behavioral[31].mem[31][23]_i_373/I1
    SLICE_X100Y36        LUT6 (Prop_lut6_I1_O)        0.043     7.845 r  vproc/fpu_ss_i/i_fpnew_bulk/gen_operation_groups[0].i_opgroup_block/gen_merged_slice.i_multifmt_slice/gen_num_lanes[0].active_lane.lane_instance.i_fpnew_fma_multi/register_write_behavioral[31].mem[31][23]_i_373/O
                         net (fo=2, routed)           0.352     8.197    vproc/fpu_ss_i/i_fpnew_bulk/gen_operation_groups[0].i_opgroup_block/gen_merged_slice.i_multifmt_slice/gen_num_lanes[0].active_lane.lane_instance.i_fpnew_fma_multi/register_write_behavioral[31].mem[31][23]_i_373_n_0
    SLICE_X101Y36                                                     r  vproc/fpu_ss_i/i_fpnew_bulk/gen_operation_groups[0].i_opgroup_block/gen_merged_slice.i_multifmt_slice/gen_num_lanes[0].active_lane.lane_instance.i_fpnew_fma_multi/register_write_behavioral[31].mem[31][23]_i_370/I4
    SLICE_X101Y36        LUT5 (Prop_lut5_I4_O)        0.043     8.240 f  vproc/fpu_ss_i/i_fpnew_bulk/gen_operation_groups[0].i_opgroup_block/gen_merged_slice.i_multifmt_slice/gen_num_lanes[0].active_lane.lane_instance.i_fpnew_fma_multi/register_write_behavioral[31].mem[31][23]_i_370/O
                         net (fo=2, routed)           0.348     8.589    vproc/fpu_ss_i/i_fpnew_bulk/gen_operation_groups[0].i_opgroup_block/gen_merged_slice.i_multifmt_slice/gen_num_lanes[0].active_lane.lane_instance.i_fpnew_fma_multi/register_write_behavioral[31].mem[31][23]_i_370_n_0
    SLICE_X102Y36                                                     f  vproc/fpu_ss_i/i_fpnew_bulk/gen_operation_groups[0].i_opgroup_block/gen_merged_slice.i_multifmt_slice/gen_num_lanes[0].active_lane.lane_instance.i_fpnew_fma_multi/register_write_behavioral[31].mem[31][23]_i_193/I5
    SLICE_X102Y36        LUT6 (Prop_lut6_I5_O)        0.043     8.632 f  vproc/fpu_ss_i/i_fpnew_bulk/gen_operation_groups[0].i_opgroup_block/gen_merged_slice.i_multifmt_slice/gen_num_lanes[0].active_lane.lane_instance.i_fpnew_fma_multi/register_write_behavioral[31].mem[31][23]_i_193/O
                         net (fo=2, routed)           0.334     8.966    vproc/fpu_ss_i/i_fpnew_bulk/gen_operation_groups[0].i_opgroup_block/gen_merged_slice.i_multifmt_slice/gen_num_lanes[0].active_lane.lane_instance.i_fpnew_fma_multi/register_write_behavioral[31].mem[31][23]_i_193_n_0
    SLICE_X102Y37                                                     f  vproc/fpu_ss_i/i_fpnew_bulk/gen_operation_groups[0].i_opgroup_block/gen_merged_slice.i_multifmt_slice/gen_num_lanes[0].active_lane.lane_instance.i_fpnew_fma_multi/register_write_behavioral[31].mem[31][23]_i_197/I0
    SLICE_X102Y37        LUT6 (Prop_lut6_I0_O)        0.043     9.009 r  vproc/fpu_ss_i/i_fpnew_bulk/gen_operation_groups[0].i_opgroup_block/gen_merged_slice.i_multifmt_slice/gen_num_lanes[0].active_lane.lane_instance.i_fpnew_fma_multi/register_write_behavioral[31].mem[31][23]_i_197/O
                         net (fo=1, routed)           0.000     9.009    vproc/fpu_ss_i/i_fpnew_bulk/gen_operation_groups[0].i_opgroup_block/gen_merged_slice.i_multifmt_slice/gen_num_lanes[0].active_lane.lane_instance.i_fpnew_fma_multi/register_write_behavioral[31].mem[31][23]_i_197_n_0
    SLICE_X102Y37                                                     r  vproc/fpu_ss_i/i_fpnew_bulk/gen_operation_groups[0].i_opgroup_block/gen_merged_slice.i_multifmt_slice/gen_num_lanes[0].active_lane.lane_instance.i_fpnew_fma_multi/register_write_behavioral[31].mem_reg[31][23]_i_91/S[2]
    SLICE_X102Y37        CARRY4 (Prop_carry4_S[2]_CO[3])
                                                      0.183     9.192 r  vproc/fpu_ss_i/i_fpnew_bulk/gen_operation_groups[0].i_opgroup_block/gen_merged_slice.i_multifmt_slice/gen_num_lanes[0].active_lane.lane_instance.i_fpnew_fma_multi/register_write_behavioral[31].mem_reg[31][23]_i_91/CO[3]
                         net (fo=1, routed)           0.000     9.192    vproc/fpu_ss_i/i_fpnew_bulk/gen_operation_groups[0].i_opgroup_block/gen_merged_slice.i_multifmt_slice/gen_num_lanes[0].active_lane.lane_instance.i_fpnew_fma_multi/register_write_behavioral[31].mem_reg[31][23]_i_91_n_0
    SLICE_X102Y38                                                     r  vproc/fpu_ss_i/i_fpnew_bulk/gen_operation_groups[0].i_opgroup_block/gen_merged_slice.i_multifmt_slice/gen_num_lanes[0].active_lane.lane_instance.i_fpnew_fma_multi/register_write_behavioral[31].mem_reg[31][31]_i_348/CI
    SLICE_X102Y38        CARRY4 (Prop_carry4_CI_O[1])
                                                      0.165     9.357 r  vproc/fpu_ss_i/i_fpnew_bulk/gen_operation_groups[0].i_opgroup_block/gen_merged_slice.i_multifmt_slice/gen_num_lanes[0].active_lane.lane_instance.i_fpnew_fma_multi/register_write_behavioral[31].mem_reg[31][31]_i_348/O[1]
                         net (fo=4, routed)           0.429     9.786    vproc/fpu_ss_i/i_fpnew_bulk/gen_operation_groups[0].i_opgroup_block/gen_merged_slice.i_multifmt_slice/gen_num_lanes[0].active_lane.lane_instance.i_fpnew_fma_multi/register_write_behavioral[31].mem_reg[31][31]_i_348_n_6
    SLICE_X103Y41                                                     r  vproc/fpu_ss_i/i_fpnew_bulk/gen_operation_groups[0].i_opgroup_block/gen_merged_slice.i_multifmt_slice/gen_num_lanes[0].active_lane.lane_instance.i_fpnew_fma_multi/register_write_behavioral[31].mem[31][23]_i_273/I2
    SLICE_X103Y41        LUT3 (Prop_lut3_I2_O)        0.125     9.911 f  vproc/fpu_ss_i/i_fpnew_bulk/gen_operation_groups[0].i_opgroup_block/gen_merged_slice.i_multifmt_slice/gen_num_lanes[0].active_lane.lane_instance.i_fpnew_fma_multi/register_write_behavioral[31].mem[31][23]_i_273/O
                         net (fo=5, routed)           0.477    10.388    vproc/fpu_ss_i/i_fpnew_bulk/gen_operation_groups[0].i_opgroup_block/gen_merged_slice.i_multifmt_slice/gen_num_lanes[0].active_lane.lane_instance.i_fpnew_fma_multi/register_write_behavioral[31].mem[31][23]_i_273_n_0
    SLICE_X104Y40                                                     f  vproc/fpu_ss_i/i_fpnew_bulk/gen_operation_groups[0].i_opgroup_block/gen_merged_slice.i_multifmt_slice/gen_num_lanes[0].active_lane.lane_instance.i_fpnew_fma_multi/register_write_behavioral[31].mem[31][23]_i_179/I1
    SLICE_X104Y40        LUT2 (Prop_lut2_I1_O)        0.043    10.431 r  vproc/fpu_ss_i/i_fpnew_bulk/gen_operation_groups[0].i_opgroup_block/gen_merged_slice.i_multifmt_slice/gen_num_lanes[0].active_lane.lane_instance.i_fpnew_fma_multi/register_write_behavioral[31].mem[31][23]_i_179/O
                         net (fo=1, routed)           0.000    10.431    vproc/fpu_ss_i/i_fpnew_bulk/gen_operation_groups[0].i_opgroup_block/gen_merged_slice.i_multifmt_slice/gen_num_lanes[0].active_lane.lane_instance.i_fpnew_fma_multi/register_write_behavioral[31].mem[31][23]_i_179_n_0
    SLICE_X104Y40                                                     r  vproc/fpu_ss_i/i_fpnew_bulk/gen_operation_groups[0].i_opgroup_block/gen_merged_slice.i_multifmt_slice/gen_num_lanes[0].active_lane.lane_instance.i_fpnew_fma_multi/register_write_behavioral[31].mem_reg[31][23]_i_88/S[1]
    SLICE_X104Y40        CARRY4 (Prop_carry4_S[1]_CO[3])
                                                      0.256    10.687 r  vproc/fpu_ss_i/i_fpnew_bulk/gen_operation_groups[0].i_opgroup_block/gen_merged_slice.i_multifmt_slice/gen_num_lanes[0].active_lane.lane_instance.i_fpnew_fma_multi/register_write_behavioral[31].mem_reg[31][23]_i_88/CO[3]
                         net (fo=1, routed)           0.000    10.687    vproc/fpu_ss_i/i_fpnew_bulk/gen_operation_groups[0].i_opgroup_block/gen_merged_slice.i_multifmt_slice/gen_num_lanes[0].active_lane.lane_instance.i_fpnew_fma_multi/register_write_behavioral[31].mem_reg[31][23]_i_88_n_0
    SLICE_X104Y41                                                     r  vproc/fpu_ss_i/i_fpnew_bulk/gen_operation_groups[0].i_opgroup_block/gen_merged_slice.i_multifmt_slice/gen_num_lanes[0].active_lane.lane_instance.i_fpnew_fma_multi/register_write_behavioral[31].mem_reg[31][23]_i_90/CI
    SLICE_X104Y41        CARRY4 (Prop_carry4_CI_O[1])
                                                      0.165    10.852 f  vproc/fpu_ss_i/i_fpnew_bulk/gen_operation_groups[0].i_opgroup_block/gen_merged_slice.i_multifmt_slice/gen_num_lanes[0].active_lane.lane_instance.i_fpnew_fma_multi/register_write_behavioral[31].mem_reg[31][23]_i_90/O[1]
                         net (fo=6, routed)           0.386    11.238    vproc/fpu_ss_i/gen_fp_register_file.fpu_ss_regfile_i/register_write_behavioral[31].mem[31][31]_i_362[1]
    SLICE_X105Y41                                                     f  vproc/fpu_ss_i/gen_fp_register_file.fpu_ss_regfile_i/register_write_behavioral[31].mem[31][31]_i_407/I0
    SLICE_X105Y41        LUT6 (Prop_lut6_I0_O)        0.125    11.363 f  vproc/fpu_ss_i/gen_fp_register_file.fpu_ss_regfile_i/register_write_behavioral[31].mem[31][31]_i_407/O
                         net (fo=7, routed)           0.382    11.745    vproc/fpu_ss_i/gen_fp_register_file.fpu_ss_regfile_i/register_write_behavioral[31].mem_reg[31][23]_i_88
    SLICE_X105Y41                                                     f  vproc/fpu_ss_i/gen_fp_register_file.fpu_ss_regfile_i/register_write_behavioral[31].mem[31][31]_i_403/I4
    SLICE_X105Y41        LUT6 (Prop_lut6_I4_O)        0.043    11.788 r  vproc/fpu_ss_i/gen_fp_register_file.fpu_ss_regfile_i/register_write_behavioral[31].mem[31][31]_i_403/O
                         net (fo=46, routed)          0.499    12.287    vproc/fpu_ss_i/i_fpnew_bulk/gen_operation_groups[0].i_opgroup_block/gen_merged_slice.i_multifmt_slice/gen_num_lanes[0].active_lane.lane_instance.i_fpnew_fma_multi/register_write_behavioral[31].mem[31][31]_i_520_0[0]
    SLICE_X104Y45                                                     r  vproc/fpu_ss_i/i_fpnew_bulk/gen_operation_groups[0].i_opgroup_block/gen_merged_slice.i_multifmt_slice/gen_num_lanes[0].active_lane.lane_instance.i_fpnew_fma_multi/register_write_behavioral[31].mem[31][31]_i_632/I1
    SLICE_X104Y45        LUT6 (Prop_lut6_I1_O)        0.043    12.330 r  vproc/fpu_ss_i/i_fpnew_bulk/gen_operation_groups[0].i_opgroup_block/gen_merged_slice.i_multifmt_slice/gen_num_lanes[0].active_lane.lane_instance.i_fpnew_fma_multi/register_write_behavioral[31].mem[31][31]_i_632/O
                         net (fo=1, routed)           0.304    12.635    vproc/fpu_ss_i/i_fpnew_bulk/gen_operation_groups[0].i_opgroup_block/gen_merged_slice.i_multifmt_slice/gen_num_lanes[0].active_lane.lane_instance.i_fpnew_fma_multi/register_write_behavioral[31].mem[31][31]_i_632_n_0
    SLICE_X104Y46                                                     r  vproc/fpu_ss_i/i_fpnew_bulk/gen_operation_groups[0].i_opgroup_block/gen_merged_slice.i_multifmt_slice/gen_num_lanes[0].active_lane.lane_instance.i_fpnew_fma_multi/register_write_behavioral[31].mem[31][31]_i_622/I5
    SLICE_X104Y46        LUT6 (Prop_lut6_I5_O)        0.043    12.678 r  vproc/fpu_ss_i/i_fpnew_bulk/gen_operation_groups[0].i_opgroup_block/gen_merged_slice.i_multifmt_slice/gen_num_lanes[0].active_lane.lane_instance.i_fpnew_fma_multi/register_write_behavioral[31].mem[31][31]_i_622/O
                         net (fo=2, routed)           0.273    12.950    vproc/fpu_ss_i/i_fpnew_bulk/gen_operation_groups[0].i_opgroup_block/gen_merged_slice.i_multifmt_slice/gen_num_lanes[0].active_lane.lane_instance.i_fpnew_fma_multi/register_write_behavioral[31].mem[31][31]_i_622_n_0
    SLICE_X105Y46                                                     r  vproc/fpu_ss_i/i_fpnew_bulk/gen_operation_groups[0].i_opgroup_block/gen_merged_slice.i_multifmt_slice/gen_num_lanes[0].active_lane.lane_instance.i_fpnew_fma_multi/register_write_behavioral[31].mem[31][31]_i_605/I0
    SLICE_X105Y46        LUT3 (Prop_lut3_I0_O)        0.043    12.993 r  vproc/fpu_ss_i/i_fpnew_bulk/gen_operation_groups[0].i_opgroup_block/gen_merged_slice.i_multifmt_slice/gen_num_lanes[0].active_lane.lane_instance.i_fpnew_fma_multi/register_write_behavioral[31].mem[31][31]_i_605/O
                         net (fo=3, routed)           0.313    13.306    vproc/fpu_ss_i/i_fpnew_bulk/gen_operation_groups[0].i_opgroup_block/gen_merged_slice.i_multifmt_slice/gen_num_lanes[0].active_lane.lane_instance.i_fpnew_fma_multi/register_write_behavioral[31].mem[31][31]_i_605_n_0
    SLICE_X107Y46                                                     r  vproc/fpu_ss_i/i_fpnew_bulk/gen_operation_groups[0].i_opgroup_block/gen_merged_slice.i_multifmt_slice/gen_num_lanes[0].active_lane.lane_instance.i_fpnew_fma_multi/register_write_behavioral[31].mem[31][31]_i_595/I2
    SLICE_X107Y46        LUT3 (Prop_lut3_I2_O)        0.043    13.349 r  vproc/fpu_ss_i/i_fpnew_bulk/gen_operation_groups[0].i_opgroup_block/gen_merged_slice.i_multifmt_slice/gen_num_lanes[0].active_lane.lane_instance.i_fpnew_fma_multi/register_write_behavioral[31].mem[31][31]_i_595/O
                         net (fo=7, routed)           0.323    13.672    vproc/fpu_ss_i/i_fpnew_bulk/gen_operation_groups[0].i_opgroup_block/gen_merged_slice.i_multifmt_slice/gen_num_lanes[0].active_lane.lane_instance.i_fpnew_fma_multi/register_write_behavioral[31].mem[31][31]_i_595_n_0
    SLICE_X108Y46                                                     r  vproc/fpu_ss_i/i_fpnew_bulk/gen_operation_groups[0].i_opgroup_block/gen_merged_slice.i_multifmt_slice/gen_num_lanes[0].active_lane.lane_instance.i_fpnew_fma_multi/register_write_behavioral[31].mem[31][31]_i_547/I2
    SLICE_X108Y46        LUT4 (Prop_lut4_I2_O)        0.043    13.715 r  vproc/fpu_ss_i/i_fpnew_bulk/gen_operation_groups[0].i_opgroup_block/gen_merged_slice.i_multifmt_slice/gen_num_lanes[0].active_lane.lane_instance.i_fpnew_fma_multi/register_write_behavioral[31].mem[31][31]_i_547/O
                         net (fo=4, routed)           0.117    13.831    vproc/fpu_ss_i/i_fpnew_bulk/gen_operation_groups[0].i_opgroup_block/gen_merged_slice.i_multifmt_slice/gen_num_lanes[0].active_lane.lane_instance.i_fpnew_fma_multi/register_write_behavioral[31].mem[31][31]_i_547_n_0
    SLICE_X108Y46                                                     r  vproc/fpu_ss_i/i_fpnew_bulk/gen_operation_groups[0].i_opgroup_block/gen_merged_slice.i_multifmt_slice/gen_num_lanes[0].active_lane.lane_instance.i_fpnew_fma_multi/register_write_behavioral[31].mem[31][31]_i_481/I1
    SLICE_X108Y46        LUT3 (Prop_lut3_I1_O)        0.043    13.874 r  vproc/fpu_ss_i/i_fpnew_bulk/gen_operation_groups[0].i_opgroup_block/gen_merged_slice.i_multifmt_slice/gen_num_lanes[0].active_lane.lane_instance.i_fpnew_fma_multi/register_write_behavioral[31].mem[31][31]_i_481/O
                         net (fo=5, routed)           0.484    14.359    vproc/fpu_ss_i/i_fpnew_bulk/gen_operation_groups[0].i_opgroup_block/gen_merged_slice.i_multifmt_slice/gen_num_lanes[0].active_lane.lane_instance.i_fpnew_fma_multi/register_write_behavioral[31].mem[31][31]_i_481_n_0
    SLICE_X108Y41                                                     r  vproc/fpu_ss_i/i_fpnew_bulk/gen_operation_groups[0].i_opgroup_block/gen_merged_slice.i_multifmt_slice/gen_num_lanes[0].active_lane.lane_instance.i_fpnew_fma_multi/register_write_behavioral[31].mem[31][31]_i_360/I2
    SLICE_X108Y41        LUT3 (Prop_lut3_I2_O)        0.043    14.402 r  vproc/fpu_ss_i/i_fpnew_bulk/gen_operation_groups[0].i_opgroup_block/gen_merged_slice.i_multifmt_slice/gen_num_lanes[0].active_lane.lane_instance.i_fpnew_fma_multi/register_write_behavioral[31].mem[31][31]_i_360/O
                         net (fo=1, routed)           0.316    14.718    vproc/fpu_ss_i/i_fpnew_bulk/gen_operation_groups[0].i_opgroup_block/gen_merged_slice.i_multifmt_slice/gen_num_lanes[0].active_lane.lane_instance.i_fpnew_fma_multi/register_write_behavioral[31].mem[31][31]_i_360_n_0
    SLICE_X109Y41                                                     r  vproc/fpu_ss_i/i_fpnew_bulk/gen_operation_groups[0].i_opgroup_block/gen_merged_slice.i_multifmt_slice/gen_num_lanes[0].active_lane.lane_instance.i_fpnew_fma_multi/register_write_behavioral[31].mem[31][31]_i_236/I1
    SLICE_X109Y41        LUT6 (Prop_lut6_I1_O)        0.043    14.761 f  vproc/fpu_ss_i/i_fpnew_bulk/gen_operation_groups[0].i_opgroup_block/gen_merged_slice.i_multifmt_slice/gen_num_lanes[0].active_lane.lane_instance.i_fpnew_fma_multi/register_write_behavioral[31].mem[31][31]_i_236/O
                         net (fo=2, routed)           0.497    15.258    vproc/fpu_ss_i/i_fpnew_bulk/gen_operation_groups[0].i_opgroup_block/gen_merged_slice.i_multifmt_slice/gen_num_lanes[0].active_lane.lane_instance.i_fpnew_fma_multi/register_write_behavioral[31].mem[31][31]_i_236_n_0
    SLICE_X109Y32                                                     f  vproc/fpu_ss_i/i_fpnew_bulk/gen_operation_groups[0].i_opgroup_block/gen_merged_slice.i_multifmt_slice/gen_num_lanes[0].active_lane.lane_instance.i_fpnew_fma_multi/register_write_behavioral[31].mem[31][23]_i_396/I1
    SLICE_X109Y32        LUT2 (Prop_lut2_I1_O)        0.043    15.301 r  vproc/fpu_ss_i/i_fpnew_bulk/gen_operation_groups[0].i_opgroup_block/gen_merged_slice.i_multifmt_slice/gen_num_lanes[0].active_lane.lane_instance.i_fpnew_fma_multi/register_write_behavioral[31].mem[31][23]_i_396/O
                         net (fo=2, routed)           0.311    15.612    vproc/fpu_ss_i/i_fpnew_bulk/gen_operation_groups[0].i_opgroup_block/gen_merged_slice.i_multifmt_slice/gen_num_lanes[0].active_lane.lane_instance.i_fpnew_fma_multi/inject_carry_in
    SLICE_X111Y31                                                     r  vproc/fpu_ss_i/i_fpnew_bulk/gen_operation_groups[0].i_opgroup_block/gen_merged_slice.i_multifmt_slice/gen_num_lanes[0].active_lane.lane_instance.i_fpnew_fma_multi/register_write_behavioral[31].mem_reg[31][23]_i_214/DI[0]
    SLICE_X111Y31        CARRY4 (Prop_carry4_DI[0]_CO[3])
                                                      0.269    15.881 r  vproc/fpu_ss_i/i_fpnew_bulk/gen_operation_groups[0].i_opgroup_block/gen_merged_slice.i_multifmt_slice/gen_num_lanes[0].active_lane.lane_instance.i_fpnew_fma_multi/register_write_behavioral[31].mem_reg[31][23]_i_214/CO[3]
                         net (fo=1, routed)           0.000    15.881    vproc/fpu_ss_i/i_fpnew_bulk/gen_operation_groups[0].i_opgroup_block/gen_merged_slice.i_multifmt_slice/gen_num_lanes[0].active_lane.lane_instance.i_fpnew_fma_multi/register_write_behavioral[31].mem_reg[31][23]_i_214_n_0
    SLICE_X111Y32                                                     r  vproc/fpu_ss_i/i_fpnew_bulk/gen_operation_groups[0].i_opgroup_block/gen_merged_slice.i_multifmt_slice/gen_num_lanes[0].active_lane.lane_instance.i_fpnew_fma_multi/register_write_behavioral[31].mem_reg[31][23]_i_393/CI
    SLICE_X111Y32        CARRY4 (Prop_carry4_CI_CO[3])
                                                      0.053    15.934 r  vproc/fpu_ss_i/i_fpnew_bulk/gen_operation_groups[0].i_opgroup_block/gen_merged_slice.i_multifmt_slice/gen_num_lanes[0].active_lane.lane_instance.i_fpnew_fma_multi/register_write_behavioral[31].mem_reg[31][23]_i_393/CO[3]
                         net (fo=1, routed)           0.000    15.934    vproc/fpu_ss_i/i_fpnew_bulk/gen_operation_groups[0].i_opgroup_block/gen_merged_slice.i_multifmt_slice/gen_num_lanes[0].active_lane.lane_instance.i_fpnew_fma_multi/register_write_behavioral[31].mem_reg[31][23]_i_393_n_0
    SLICE_X111Y33                                                     r  vproc/fpu_ss_i/i_fpnew_bulk/gen_operation_groups[0].i_opgroup_block/gen_merged_slice.i_multifmt_slice/gen_num_lanes[0].active_lane.lane_instance.i_fpnew_fma_multi/register_write_behavioral[31].mem_reg[31][23]_i_391/CI
    SLICE_X111Y33        CARRY4 (Prop_carry4_CI_CO[3])
                                                      0.053    15.987 r  vproc/fpu_ss_i/i_fpnew_bulk/gen_operation_groups[0].i_opgroup_block/gen_merged_slice.i_multifmt_slice/gen_num_lanes[0].active_lane.lane_instance.i_fpnew_fma_multi/register_write_behavioral[31].mem_reg[31][23]_i_391/CO[3]
                         net (fo=1, routed)           0.000    15.987    vproc/fpu_ss_i/i_fpnew_bulk/gen_operation_groups[0].i_opgroup_block/gen_merged_slice.i_multifmt_slice/gen_num_lanes[0].active_lane.lane_instance.i_fpnew_fma_multi/register_write_behavioral[31].mem_reg[31][23]_i_391_n_0
    SLICE_X111Y34                                                     r  vproc/fpu_ss_i/i_fpnew_bulk/gen_operation_groups[0].i_opgroup_block/gen_merged_slice.i_multifmt_slice/gen_num_lanes[0].active_lane.lane_instance.i_fpnew_fma_multi/register_write_behavioral[31].mem_reg[31][23]_i_432/CI
    SLICE_X111Y34        CARRY4 (Prop_carry4_CI_CO[3])
                                                      0.053    16.040 r  vproc/fpu_ss_i/i_fpnew_bulk/gen_operation_groups[0].i_opgroup_block/gen_merged_slice.i_multifmt_slice/gen_num_lanes[0].active_lane.lane_instance.i_fpnew_fma_multi/register_write_behavioral[31].mem_reg[31][23]_i_432/CO[3]
                         net (fo=1, routed)           0.000    16.040    vproc/fpu_ss_i/i_fpnew_bulk/gen_operation_groups[0].i_opgroup_block/gen_merged_slice.i_multifmt_slice/gen_num_lanes[0].active_lane.lane_instance.i_fpnew_fma_multi/register_write_behavioral[31].mem_reg[31][23]_i_432_n_0
    SLICE_X111Y35                                                     r  vproc/fpu_ss_i/i_fpnew_bulk/gen_operation_groups[0].i_opgroup_block/gen_merged_slice.i_multifmt_slice/gen_num_lanes[0].active_lane.lane_instance.i_fpnew_fma_multi/register_write_behavioral[31].mem_reg[31][23]_i_427/CI
    SLICE_X111Y35        CARRY4 (Prop_carry4_CI_CO[3])
                                                      0.053    16.093 r  vproc/fpu_ss_i/i_fpnew_bulk/gen_operation_groups[0].i_opgroup_block/gen_merged_slice.i_multifmt_slice/gen_num_lanes[0].active_lane.lane_instance.i_fpnew_fma_multi/register_write_behavioral[31].mem_reg[31][23]_i_427/CO[3]
                         net (fo=1, routed)           0.000    16.093    vproc/fpu_ss_i/i_fpnew_bulk/gen_operation_groups[0].i_opgroup_block/gen_merged_slice.i_multifmt_slice/gen_num_lanes[0].active_lane.lane_instance.i_fpnew_fma_multi/register_write_behavioral[31].mem_reg[31][23]_i_427_n_0
    SLICE_X111Y36                                                     r  vproc/fpu_ss_i/i_fpnew_bulk/gen_operation_groups[0].i_opgroup_block/gen_merged_slice.i_multifmt_slice/gen_num_lanes[0].active_lane.lane_instance.i_fpnew_fma_multi/register_write_behavioral[31].mem_reg[31][23]_i_434/CI
    SLICE_X111Y36        CARRY4 (Prop_carry4_CI_CO[3])
                                                      0.053    16.146 r  vproc/fpu_ss_i/i_fpnew_bulk/gen_operation_groups[0].i_opgroup_block/gen_merged_slice.i_multifmt_slice/gen_num_lanes[0].active_lane.lane_instance.i_fpnew_fma_multi/register_write_behavioral[31].mem_reg[31][23]_i_434/CO[3]
                         net (fo=1, routed)           0.000    16.146    vproc/fpu_ss_i/i_fpnew_bulk/gen_operation_groups[0].i_opgroup_block/gen_merged_slice.i_multifmt_slice/gen_num_lanes[0].active_lane.lane_instance.i_fpnew_fma_multi/register_write_behavioral[31].mem_reg[31][23]_i_434_n_0
    SLICE_X111Y37                                                     r  vproc/fpu_ss_i/i_fpnew_bulk/gen_operation_groups[0].i_opgroup_block/gen_merged_slice.i_multifmt_slice/gen_num_lanes[0].active_lane.lane_instance.i_fpnew_fma_multi/register_write_behavioral[31].mem_reg[31][23]_i_414/CI
    SLICE_X111Y37        CARRY4 (Prop_carry4_CI_CO[3])
                                                      0.053    16.199 r  vproc/fpu_ss_i/i_fpnew_bulk/gen_operation_groups[0].i_opgroup_block/gen_merged_slice.i_multifmt_slice/gen_num_lanes[0].active_lane.lane_instance.i_fpnew_fma_multi/register_write_behavioral[31].mem_reg[31][23]_i_414/CO[3]
                         net (fo=1, routed)           0.000    16.199    vproc/fpu_ss_i/i_fpnew_bulk/gen_operation_groups[0].i_opgroup_block/gen_merged_slice.i_multifmt_slice/gen_num_lanes[0].active_lane.lane_instance.i_fpnew_fma_multi/register_write_behavioral[31].mem_reg[31][23]_i_414_n_0
    SLICE_X111Y38                                                     r  vproc/fpu_ss_i/i_fpnew_bulk/gen_operation_groups[0].i_opgroup_block/gen_merged_slice.i_multifmt_slice/gen_num_lanes[0].active_lane.lane_instance.i_fpnew_fma_multi/register_write_behavioral[31].mem_reg[31][23]_i_429/CI
    SLICE_X111Y38        CARRY4 (Prop_carry4_CI_CO[3])
                                                      0.053    16.252 r  vproc/fpu_ss_i/i_fpnew_bulk/gen_operation_groups[0].i_opgroup_block/gen_merged_slice.i_multifmt_slice/gen_num_lanes[0].active_lane.lane_instance.i_fpnew_fma_multi/register_write_behavioral[31].mem_reg[31][23]_i_429/CO[3]
                         net (fo=1, routed)           0.000    16.252    vproc/fpu_ss_i/i_fpnew_bulk/gen_operation_groups[0].i_opgroup_block/gen_merged_slice.i_multifmt_slice/gen_num_lanes[0].active_lane.lane_instance.i_fpnew_fma_multi/register_write_behavioral[31].mem_reg[31][23]_i_429_n_0
    SLICE_X111Y39                                                     r  vproc/fpu_ss_i/i_fpnew_bulk/gen_operation_groups[0].i_opgroup_block/gen_merged_slice.i_multifmt_slice/gen_num_lanes[0].active_lane.lane_instance.i_fpnew_fma_multi/register_write_behavioral[31].mem_reg[31][23]_i_422/CI
    SLICE_X111Y39        CARRY4 (Prop_carry4_CI_CO[3])
                                                      0.053    16.305 r  vproc/fpu_ss_i/i_fpnew_bulk/gen_operation_groups[0].i_opgroup_block/gen_merged_slice.i_multifmt_slice/gen_num_lanes[0].active_lane.lane_instance.i_fpnew_fma_multi/register_write_behavioral[31].mem_reg[31][23]_i_422/CO[3]
                         net (fo=1, routed)           0.000    16.305    vproc/fpu_ss_i/i_fpnew_bulk/gen_operation_groups[0].i_opgroup_block/gen_merged_slice.i_multifmt_slice/gen_num_lanes[0].active_lane.lane_instance.i_fpnew_fma_multi/register_write_behavioral[31].mem_reg[31][23]_i_422_n_0
    SLICE_X111Y40                                                     r  vproc/fpu_ss_i/i_fpnew_bulk/gen_operation_groups[0].i_opgroup_block/gen_merged_slice.i_multifmt_slice/gen_num_lanes[0].active_lane.lane_instance.i_fpnew_fma_multi/register_write_behavioral[31].mem_reg[31][23]_i_421/CI
    SLICE_X111Y40        CARRY4 (Prop_carry4_CI_CO[3])
                                                      0.053    16.358 r  vproc/fpu_ss_i/i_fpnew_bulk/gen_operation_groups[0].i_opgroup_block/gen_merged_slice.i_multifmt_slice/gen_num_lanes[0].active_lane.lane_instance.i_fpnew_fma_multi/register_write_behavioral[31].mem_reg[31][23]_i_421/CO[3]
                         net (fo=1, routed)           0.000    16.358    vproc/fpu_ss_i/i_fpnew_bulk/gen_operation_groups[0].i_opgroup_block/gen_merged_slice.i_multifmt_slice/gen_num_lanes[0].active_lane.lane_instance.i_fpnew_fma_multi/register_write_behavioral[31].mem_reg[31][23]_i_421_n_0
    SLICE_X111Y41                                                     r  vproc/fpu_ss_i/i_fpnew_bulk/gen_operation_groups[0].i_opgroup_block/gen_merged_slice.i_multifmt_slice/gen_num_lanes[0].active_lane.lane_instance.i_fpnew_fma_multi/register_write_behavioral[31].mem_reg[31][23]_i_418/CI
    SLICE_X111Y41        CARRY4 (Prop_carry4_CI_CO[3])
                                                      0.053    16.411 r  vproc/fpu_ss_i/i_fpnew_bulk/gen_operation_groups[0].i_opgroup_block/gen_merged_slice.i_multifmt_slice/gen_num_lanes[0].active_lane.lane_instance.i_fpnew_fma_multi/register_write_behavioral[31].mem_reg[31][23]_i_418/CO[3]
                         net (fo=1, routed)           0.000    16.411    vproc/fpu_ss_i/i_fpnew_bulk/gen_operation_groups[0].i_opgroup_block/gen_merged_slice.i_multifmt_slice/gen_num_lanes[0].active_lane.lane_instance.i_fpnew_fma_multi/register_write_behavioral[31].mem_reg[31][23]_i_418_n_0
    SLICE_X111Y42                                                     r  vproc/fpu_ss_i/i_fpnew_bulk/gen_operation_groups[0].i_opgroup_block/gen_merged_slice.i_multifmt_slice/gen_num_lanes[0].active_lane.lane_instance.i_fpnew_fma_multi/register_write_behavioral[31].mem_reg[31][23]_i_437/CI
    SLICE_X111Y42        CARRY4 (Prop_carry4_CI_CO[3])
                                                      0.053    16.464 r  vproc/fpu_ss_i/i_fpnew_bulk/gen_operation_groups[0].i_opgroup_block/gen_merged_slice.i_multifmt_slice/gen_num_lanes[0].active_lane.lane_instance.i_fpnew_fma_multi/register_write_behavioral[31].mem_reg[31][23]_i_437/CO[3]
                         net (fo=1, routed)           0.000    16.464    vproc/fpu_ss_i/i_fpnew_bulk/gen_operation_groups[0].i_opgroup_block/gen_merged_slice.i_multifmt_slice/gen_num_lanes[0].active_lane.lane_instance.i_fpnew_fma_multi/register_write_behavioral[31].mem_reg[31][23]_i_437_n_0
    SLICE_X111Y43                                                     r  vproc/fpu_ss_i/i_fpnew_bulk/gen_operation_groups[0].i_opgroup_block/gen_merged_slice.i_multifmt_slice/gen_num_lanes[0].active_lane.lane_instance.i_fpnew_fma_multi/register_write_behavioral[31].mem_reg[31][23]_i_439/CI
    SLICE_X111Y43        CARRY4 (Prop_carry4_CI_CO[3])
                                                      0.053    16.517 r  vproc/fpu_ss_i/i_fpnew_bulk/gen_operation_groups[0].i_opgroup_block/gen_merged_slice.i_multifmt_slice/gen_num_lanes[0].active_lane.lane_instance.i_fpnew_fma_multi/register_write_behavioral[31].mem_reg[31][23]_i_439/CO[3]
                         net (fo=1, routed)           0.000    16.517    vproc/fpu_ss_i/i_fpnew_bulk/gen_operation_groups[0].i_opgroup_block/gen_merged_slice.i_multifmt_slice/gen_num_lanes[0].active_lane.lane_instance.i_fpnew_fma_multi/register_write_behavioral[31].mem_reg[31][23]_i_439_n_0
    SLICE_X111Y44                                                     r  vproc/fpu_ss_i/i_fpnew_bulk/gen_operation_groups[0].i_opgroup_block/gen_merged_slice.i_multifmt_slice/gen_num_lanes[0].active_lane.lane_instance.i_fpnew_fma_multi/register_write_behavioral[31].mem_reg[31][23]_i_441/CI
    SLICE_X111Y44        CARRY4 (Prop_carry4_CI_CO[3])
                                                      0.053    16.570 r  vproc/fpu_ss_i/i_fpnew_bulk/gen_operation_groups[0].i_opgroup_block/gen_merged_slice.i_multifmt_slice/gen_num_lanes[0].active_lane.lane_instance.i_fpnew_fma_multi/register_write_behavioral[31].mem_reg[31][23]_i_441/CO[3]
                         net (fo=1, routed)           0.000    16.570    vproc/fpu_ss_i/i_fpnew_bulk/gen_operation_groups[0].i_opgroup_block/gen_merged_slice.i_multifmt_slice/gen_num_lanes[0].active_lane.lane_instance.i_fpnew_fma_multi/register_write_behavioral[31].mem_reg[31][23]_i_441_n_0
    SLICE_X111Y45                                                     r  vproc/fpu_ss_i/i_fpnew_bulk/gen_operation_groups[0].i_opgroup_block/gen_merged_slice.i_multifmt_slice/gen_num_lanes[0].active_lane.lane_instance.i_fpnew_fma_multi/register_write_behavioral[31].mem_reg[31][23]_i_443/CI
    SLICE_X111Y45        CARRY4 (Prop_carry4_CI_CO[3])
                                                      0.053    16.623 r  vproc/fpu_ss_i/i_fpnew_bulk/gen_operation_groups[0].i_opgroup_block/gen_merged_slice.i_multifmt_slice/gen_num_lanes[0].active_lane.lane_instance.i_fpnew_fma_multi/register_write_behavioral[31].mem_reg[31][23]_i_443/CO[3]
                         net (fo=1, routed)           0.000    16.623    vproc/fpu_ss_i/i_fpnew_bulk/gen_operation_groups[0].i_opgroup_block/gen_merged_slice.i_multifmt_slice/gen_num_lanes[0].active_lane.lane_instance.i_fpnew_fma_multi/register_write_behavioral[31].mem_reg[31][23]_i_443_n_0
    SLICE_X111Y46                                                     r  vproc/fpu_ss_i/i_fpnew_bulk/gen_operation_groups[0].i_opgroup_block/gen_merged_slice.i_multifmt_slice/gen_num_lanes[0].active_lane.lane_instance.i_fpnew_fma_multi/register_write_behavioral[31].mem_reg[31][31]_i_391/CI
    SLICE_X111Y46        CARRY4 (Prop_carry4_CI_CO[3])
                                                      0.053    16.676 r  vproc/fpu_ss_i/i_fpnew_bulk/gen_operation_groups[0].i_opgroup_block/gen_merged_slice.i_multifmt_slice/gen_num_lanes[0].active_lane.lane_instance.i_fpnew_fma_multi/register_write_behavioral[31].mem_reg[31][31]_i_391/CO[3]
                         net (fo=1, routed)           0.000    16.676    vproc/fpu_ss_i/i_fpnew_bulk/gen_operation_groups[0].i_opgroup_block/gen_merged_slice.i_multifmt_slice/gen_num_lanes[0].active_lane.lane_instance.i_fpnew_fma_multi/register_write_behavioral[31].mem_reg[31][31]_i_391_n_0
    SLICE_X111Y47                                                     r  vproc/fpu_ss_i/i_fpnew_bulk/gen_operation_groups[0].i_opgroup_block/gen_merged_slice.i_multifmt_slice/gen_num_lanes[0].active_lane.lane_instance.i_fpnew_fma_multi/register_write_behavioral[31].mem_reg[31][31]_i_260/CI
    SLICE_X111Y47        CARRY4 (Prop_carry4_CI_CO[3])
                                                      0.053    16.729 r  vproc/fpu_ss_i/i_fpnew_bulk/gen_operation_groups[0].i_opgroup_block/gen_merged_slice.i_multifmt_slice/gen_num_lanes[0].active_lane.lane_instance.i_fpnew_fma_multi/register_write_behavioral[31].mem_reg[31][31]_i_260/CO[3]
                         net (fo=1, routed)           0.000    16.729    vproc/fpu_ss_i/i_fpnew_bulk/gen_operation_groups[0].i_opgroup_block/gen_merged_slice.i_multifmt_slice/gen_num_lanes[0].active_lane.lane_instance.i_fpnew_fma_multi/register_write_behavioral[31].mem_reg[31][31]_i_260_n_0
    SLICE_X111Y48                                                     r  vproc/fpu_ss_i/i_fpnew_bulk/gen_operation_groups[0].i_opgroup_block/gen_merged_slice.i_multifmt_slice/gen_num_lanes[0].active_lane.lane_instance.i_fpnew_fma_multi/register_write_behavioral[31].mem_reg[31][31]_i_188/CI
    SLICE_X111Y48        CARRY4 (Prop_carry4_CI_CO[3])
                                                      0.053    16.782 r  vproc/fpu_ss_i/i_fpnew_bulk/gen_operation_groups[0].i_opgroup_block/gen_merged_slice.i_multifmt_slice/gen_num_lanes[0].active_lane.lane_instance.i_fpnew_fma_multi/register_write_behavioral[31].mem_reg[31][31]_i_188/CO[3]
                         net (fo=1, routed)           0.000    16.782    vproc/fpu_ss_i/i_fpnew_bulk/gen_operation_groups[0].i_opgroup_block/gen_merged_slice.i_multifmt_slice/gen_num_lanes[0].active_lane.lane_instance.i_fpnew_fma_multi/register_write_behavioral[31].mem_reg[31][31]_i_188_n_0
    SLICE_X111Y49                                                     r  vproc/fpu_ss_i/i_fpnew_bulk/gen_operation_groups[0].i_opgroup_block/gen_merged_slice.i_multifmt_slice/gen_num_lanes[0].active_lane.lane_instance.i_fpnew_fma_multi/register_write_behavioral[31].mem_reg[31][31]_i_142/CI
    SLICE_X111Y49        CARRY4 (Prop_carry4_CI_CO[3])
                                                      0.053    16.835 r  vproc/fpu_ss_i/i_fpnew_bulk/gen_operation_groups[0].i_opgroup_block/gen_merged_slice.i_multifmt_slice/gen_num_lanes[0].active_lane.lane_instance.i_fpnew_fma_multi/register_write_behavioral[31].mem_reg[31][31]_i_142/CO[3]
                         net (fo=1, routed)           0.001    16.836    vproc/fpu_ss_i/i_fpnew_bulk/gen_operation_groups[0].i_opgroup_block/gen_merged_slice.i_multifmt_slice/gen_num_lanes[0].active_lane.lane_instance.i_fpnew_fma_multi/register_write_behavioral[31].mem_reg[31][31]_i_142_n_0
    SLICE_X111Y50                                                     r  vproc/fpu_ss_i/i_fpnew_bulk/gen_operation_groups[0].i_opgroup_block/gen_merged_slice.i_multifmt_slice/gen_num_lanes[0].active_lane.lane_instance.i_fpnew_fma_multi/register_write_behavioral[31].mem_reg[31][31]_i_93/CI
    SLICE_X111Y50        CARRY4 (Prop_carry4_CI_CO[0])
                                                      0.139    16.975 r  vproc/fpu_ss_i/i_fpnew_bulk/gen_operation_groups[0].i_opgroup_block/gen_merged_slice.i_multifmt_slice/gen_num_lanes[0].active_lane.lane_instance.i_fpnew_fma_multi/register_write_behavioral[31].mem_reg[31][31]_i_93/CO[0]
                         net (fo=2, routed)           0.456    17.431    vproc/fpu_ss_i/i_fpnew_bulk/gen_operation_groups[0].i_opgroup_block/gen_merged_slice.i_multifmt_slice/gen_num_lanes[0].active_lane.lane_instance.i_fpnew_fma_multi/sum_carry
    SLICE_X112Y43                                                     r  vproc/fpu_ss_i/i_fpnew_bulk/gen_operation_groups[0].i_opgroup_block/gen_merged_slice.i_multifmt_slice/gen_num_lanes[0].active_lane.lane_instance.i_fpnew_fma_multi/register_write_behavioral[31].mem[31][23]_i_216/I0
    SLICE_X112Y43        LUT3 (Prop_lut3_I0_O)        0.131    17.562 r  vproc/fpu_ss_i/i_fpnew_bulk/gen_operation_groups[0].i_opgroup_block/gen_merged_slice.i_multifmt_slice/gen_num_lanes[0].active_lane.lane_instance.i_fpnew_fma_multi/register_write_behavioral[31].mem[31][23]_i_216/O
                         net (fo=121, routed)         0.635    18.198    vproc/fpu_ss_i/i_fpnew_bulk/gen_operation_groups[0].i_opgroup_block/gen_merged_slice.i_multifmt_slice/gen_num_lanes[0].active_lane.lane_instance.i_fpnew_fma_multi/register_write_behavioral[31].mem[31][23]_i_216_n_0
    SLICE_X113Y35                                                     r  vproc/fpu_ss_i/i_fpnew_bulk/gen_operation_groups[0].i_opgroup_block/gen_merged_slice.i_multifmt_slice/gen_num_lanes[0].active_lane.lane_instance.i_fpnew_fma_multi/register_write_behavioral[31].mem[31][23]_i_378/I3
    SLICE_X113Y35        LUT5 (Prop_lut5_I3_O)        0.043    18.241 f  vproc/fpu_ss_i/i_fpnew_bulk/gen_operation_groups[0].i_opgroup_block/gen_merged_slice.i_multifmt_slice/gen_num_lanes[0].active_lane.lane_instance.i_fpnew_fma_multi/register_write_behavioral[31].mem[31][23]_i_378/O
                         net (fo=2, routed)           0.451    18.692    vproc/fpu_ss_i/i_fpnew_bulk/gen_operation_groups[0].i_opgroup_block/gen_merged_slice.i_multifmt_slice/gen_num_lanes[0].active_lane.lane_instance.i_fpnew_fma_multi/register_write_behavioral[31].mem[31][23]_i_378_n_0
    SLICE_X114Y35                                                     f  vproc/fpu_ss_i/i_fpnew_bulk/gen_operation_groups[0].i_opgroup_block/gen_merged_slice.i_multifmt_slice/gen_num_lanes[0].active_lane.lane_instance.i_fpnew_fma_multi/register_write_behavioral[31].mem[31][31]_i_464/I0
    SLICE_X114Y35        LUT6 (Prop_lut6_I0_O)        0.043    18.735 f  vproc/fpu_ss_i/i_fpnew_bulk/gen_operation_groups[0].i_opgroup_block/gen_merged_slice.i_multifmt_slice/gen_num_lanes[0].active_lane.lane_instance.i_fpnew_fma_multi/register_write_behavioral[31].mem[31][31]_i_464/O
                         net (fo=4, routed)           0.268    19.003    vproc/fpu_ss_i/i_fpnew_bulk/gen_operation_groups[0].i_opgroup_block/gen_merged_slice.i_multifmt_slice/gen_num_lanes[0].active_lane.lane_instance.i_fpnew_fma_multi/i_lzc/p_23_in
    SLICE_X114Y35                                                     f  vproc/fpu_ss_i/i_fpnew_bulk/gen_operation_groups[0].i_opgroup_block/gen_merged_slice.i_multifmt_slice/gen_num_lanes[0].active_lane.lane_instance.i_fpnew_fma_multi/register_write_behavioral[31].mem[31][23]_i_209/I1
    SLICE_X114Y35        LUT6 (Prop_lut6_I1_O)        0.043    19.046 f  vproc/fpu_ss_i/i_fpnew_bulk/gen_operation_groups[0].i_opgroup_block/gen_merged_slice.i_multifmt_slice/gen_num_lanes[0].active_lane.lane_instance.i_fpnew_fma_multi/register_write_behavioral[31].mem[31][23]_i_209/O
                         net (fo=5, routed)           0.386    19.432    vproc/fpu_ss_i/i_fpnew_bulk/gen_operation_groups[0].i_opgroup_block/gen_merged_slice.i_multifmt_slice/gen_num_lanes[0].active_lane.lane_instance.i_fpnew_fma_multi/i_lzc/p_28_in
    SLICE_X115Y37                                                     f  vproc/fpu_ss_i/i_fpnew_bulk/gen_operation_groups[0].i_opgroup_block/gen_merged_slice.i_multifmt_slice/gen_num_lanes[0].active_lane.lane_instance.i_fpnew_fma_multi/register_write_behavioral[31].mem[31][23]_i_103/I0
    SLICE_X115Y37        LUT5 (Prop_lut5_I0_O)        0.043    19.475 f  vproc/fpu_ss_i/i_fpnew_bulk/gen_operation_groups[0].i_opgroup_block/gen_merged_slice.i_multifmt_slice/gen_num_lanes[0].active_lane.lane_instance.i_fpnew_fma_multi/register_write_behavioral[31].mem[31][23]_i_103/O
                         net (fo=10, routed)          0.484    19.960    vproc/fpu_ss_i/i_fpnew_bulk/gen_operation_groups[0].i_opgroup_block/gen_merged_slice.i_multifmt_slice/gen_num_lanes[0].active_lane.lane_instance.i_fpnew_fma_multi/i_lzc/gen_lzc.sel_nodes_5
    SLICE_X115Y38                                                     f  vproc/fpu_ss_i/i_fpnew_bulk/gen_operation_groups[0].i_opgroup_block/gen_merged_slice.i_multifmt_slice/gen_num_lanes[0].active_lane.lane_instance.i_fpnew_fma_multi/register_write_behavioral[31].mem[31][31]_i_347/I3
    SLICE_X115Y38        LUT4 (Prop_lut4_I3_O)        0.043    20.003 r  vproc/fpu_ss_i/i_fpnew_bulk/gen_operation_groups[0].i_opgroup_block/gen_merged_slice.i_multifmt_slice/gen_num_lanes[0].active_lane.lane_instance.i_fpnew_fma_multi/register_write_behavioral[31].mem[31][31]_i_347/O
                         net (fo=10, routed)          0.378    20.380    vproc/fpu_ss_i/i_fpnew_bulk/gen_operation_groups[0].i_opgroup_block/gen_merged_slice.i_multifmt_slice/gen_num_lanes[0].active_lane.lane_instance.i_fpnew_fma_multi/leading_zero_count[4]
    SLICE_X114Y38                                                     r  vproc/fpu_ss_i/i_fpnew_bulk/gen_operation_groups[0].i_opgroup_block/gen_merged_slice.i_multifmt_slice/gen_num_lanes[0].active_lane.lane_instance.i_fpnew_fma_multi/register_write_behavioral[31].mem[31][23]_i_390/I3
    SLICE_X114Y38        LUT4 (Prop_lut4_I3_O)        0.043    20.423 r  vproc/fpu_ss_i/i_fpnew_bulk/gen_operation_groups[0].i_opgroup_block/gen_merged_slice.i_multifmt_slice/gen_num_lanes[0].active_lane.lane_instance.i_fpnew_fma_multi/register_write_behavioral[31].mem[31][23]_i_390/O
                         net (fo=1, routed)           0.000    20.423    vproc/fpu_ss_i/i_fpnew_bulk/gen_operation_groups[0].i_opgroup_block/gen_merged_slice.i_multifmt_slice/gen_num_lanes[0].active_lane.lane_instance.i_fpnew_fma_multi/register_write_behavioral[31].mem[31][23]_i_390_n_0
    SLICE_X114Y38                                                     r  vproc/fpu_ss_i/i_fpnew_bulk/gen_operation_groups[0].i_opgroup_block/gen_merged_slice.i_multifmt_slice/gen_num_lanes[0].active_lane.lane_instance.i_fpnew_fma_multi/register_write_behavioral[31].mem_reg[31][23]_i_204/S[0]
    SLICE_X114Y38        CARRY4 (Prop_carry4_S[0]_CO[3])
                                                      0.246    20.669 r  vproc/fpu_ss_i/i_fpnew_bulk/gen_operation_groups[0].i_opgroup_block/gen_merged_slice.i_multifmt_slice/gen_num_lanes[0].active_lane.lane_instance.i_fpnew_fma_multi/register_write_behavioral[31].mem_reg[31][23]_i_204/CO[3]
                         net (fo=1, routed)           0.000    20.669    vproc/fpu_ss_i/i_fpnew_bulk/gen_operation_groups[0].i_opgroup_block/gen_merged_slice.i_multifmt_slice/gen_num_lanes[0].active_lane.lane_instance.i_fpnew_fma_multi/register_write_behavioral[31].mem_reg[31][23]_i_204_n_0
    SLICE_X114Y39                                                     r  vproc/fpu_ss_i/i_fpnew_bulk/gen_operation_groups[0].i_opgroup_block/gen_merged_slice.i_multifmt_slice/gen_num_lanes[0].active_lane.lane_instance.i_fpnew_fma_multi/register_write_behavioral[31].mem_reg[31][23]_i_102/CI
    SLICE_X114Y39        CARRY4 (Prop_carry4_CI_CO[1])
                                                      0.076    20.745 r  vproc/fpu_ss_i/i_fpnew_bulk/gen_operation_groups[0].i_opgroup_block/gen_merged_slice.i_multifmt_slice/gen_num_lanes[0].active_lane.lane_instance.i_fpnew_fma_multi/register_write_behavioral[31].mem_reg[31][23]_i_102/CO[1]
                         net (fo=2, routed)           0.196    20.942    vproc/fpu_ss_i/i_fpnew_bulk/gen_operation_groups[0].i_opgroup_block/gen_merged_slice.i_multifmt_slice/gen_num_lanes[0].active_lane.lane_instance.i_fpnew_fma_multi/register_write_behavioral[31].mem_reg[31][23]_i_102_n_2
    SLICE_X117Y39                                                     r  vproc/fpu_ss_i/i_fpnew_bulk/gen_operation_groups[0].i_opgroup_block/gen_merged_slice.i_multifmt_slice/gen_num_lanes[0].active_lane.lane_instance.i_fpnew_fma_multi/register_write_behavioral[31].mem[31][30]_i_411/I2
    SLICE_X117Y39        LUT6 (Prop_lut6_I2_O)        0.124    21.066 r  vproc/fpu_ss_i/i_fpnew_bulk/gen_operation_groups[0].i_opgroup_block/gen_merged_slice.i_multifmt_slice/gen_num_lanes[0].active_lane.lane_instance.i_fpnew_fma_multi/register_write_behavioral[31].mem[31][30]_i_411/O
                         net (fo=67, routed)          0.724    21.790    vproc/fpu_ss_i/i_fpnew_bulk/gen_operation_groups[0].i_opgroup_block/gen_merged_slice.i_multifmt_slice/gen_num_lanes[0].active_lane.lane_instance.i_fpnew_fma_multi/register_write_behavioral[31].mem[31][30]_i_411_n_0
    SLICE_X122Y38                                                     r  vproc/fpu_ss_i/i_fpnew_bulk/gen_operation_groups[0].i_opgroup_block/gen_merged_slice.i_multifmt_slice/gen_num_lanes[0].active_lane.lane_instance.i_fpnew_fma_multi/register_write_behavioral[31].mem[31][30]_i_338/I3
    SLICE_X122Y38        LUT5 (Prop_lut5_I3_O)        0.043    21.833 r  vproc/fpu_ss_i/i_fpnew_bulk/gen_operation_groups[0].i_opgroup_block/gen_merged_slice.i_multifmt_slice/gen_num_lanes[0].active_lane.lane_instance.i_fpnew_fma_multi/register_write_behavioral[31].mem[31][30]_i_338/O
                         net (fo=4, routed)           0.581    22.414    vproc/fpu_ss_i/i_fpnew_bulk/gen_operation_groups[0].i_opgroup_block/gen_merged_slice.i_multifmt_slice/gen_num_lanes[0].active_lane.lane_instance.i_fpnew_fma_multi/register_write_behavioral[31].mem[31][30]_i_338_n_0
    SLICE_X119Y38                                                     r  vproc/fpu_ss_i/i_fpnew_bulk/gen_operation_groups[0].i_opgroup_block/gen_merged_slice.i_multifmt_slice/gen_num_lanes[0].active_lane.lane_instance.i_fpnew_fma_multi/register_write_behavioral[31].mem[31][30]_i_202/I1
    SLICE_X119Y38        LUT6 (Prop_lut6_I1_O)        0.043    22.457 r  vproc/fpu_ss_i/i_fpnew_bulk/gen_operation_groups[0].i_opgroup_block/gen_merged_slice.i_multifmt_slice/gen_num_lanes[0].active_lane.lane_instance.i_fpnew_fma_multi/register_write_behavioral[31].mem[31][30]_i_202/O
                         net (fo=4, routed)           0.352    22.809    vproc/fpu_ss_i/i_fpnew_bulk/gen_operation_groups[0].i_opgroup_block/gen_merged_slice.i_multifmt_slice/gen_num_lanes[0].active_lane.lane_instance.i_fpnew_fma_multi/register_write_behavioral[31].mem[31][30]_i_202_n_0
    SLICE_X116Y37                                                     r  vproc/fpu_ss_i/i_fpnew_bulk/gen_operation_groups[0].i_opgroup_block/gen_merged_slice.i_multifmt_slice/gen_num_lanes[0].active_lane.lane_instance.i_fpnew_fma_multi/register_write_behavioral[31].mem[31][30]_i_129/I3
    SLICE_X116Y37        LUT6 (Prop_lut6_I3_O)        0.043    22.852 r  vproc/fpu_ss_i/i_fpnew_bulk/gen_operation_groups[0].i_opgroup_block/gen_merged_slice.i_multifmt_slice/gen_num_lanes[0].active_lane.lane_instance.i_fpnew_fma_multi/register_write_behavioral[31].mem[31][30]_i_129/O
                         net (fo=1, routed)           0.528    23.380    vproc/fpu_ss_i/i_fpnew_bulk/gen_operation_groups[0].i_opgroup_block/gen_merged_slice.i_multifmt_slice/gen_num_lanes[0].active_lane.lane_instance.i_fpnew_fma_multi/register_write_behavioral[31].mem[31][30]_i_129_n_0
    SLICE_X115Y35                                                     r  vproc/fpu_ss_i/i_fpnew_bulk/gen_operation_groups[0].i_opgroup_block/gen_merged_slice.i_multifmt_slice/gen_num_lanes[0].active_lane.lane_instance.i_fpnew_fma_multi/register_write_behavioral[31].mem[31][30]_i_81/I0
    SLICE_X115Y35        LUT6 (Prop_lut6_I0_O)        0.043    23.423 f  vproc/fpu_ss_i/i_fpnew_bulk/gen_operation_groups[0].i_opgroup_block/gen_merged_slice.i_multifmt_slice/gen_num_lanes[0].active_lane.lane_instance.i_fpnew_fma_multi/register_write_behavioral[31].mem[31][30]_i_81/O
                         net (fo=38, routed)          0.408    23.831    vproc/fpu_ss_i/i_fpnew_bulk/gen_operation_groups[0].i_opgroup_block/gen_merged_slice.i_multifmt_slice/gen_num_lanes[0].active_lane.lane_instance.i_fpnew_fma_multi/register_write_behavioral[31].mem[31][30]_i_81_n_0
    SLICE_X112Y34                                                     f  vproc/fpu_ss_i/i_fpnew_bulk/gen_operation_groups[0].i_opgroup_block/gen_merged_slice.i_multifmt_slice/gen_num_lanes[0].active_lane.lane_instance.i_fpnew_fma_multi/register_write_behavioral[31].mem[31][30]_i_413/I0
    SLICE_X112Y34        LUT4 (Prop_lut4_I0_O)        0.043    23.874 r  vproc/fpu_ss_i/i_fpnew_bulk/gen_operation_groups[0].i_opgroup_block/gen_merged_slice.i_multifmt_slice/gen_num_lanes[0].active_lane.lane_instance.i_fpnew_fma_multi/register_write_behavioral[31].mem[31][30]_i_413/O
                         net (fo=1, routed)           0.242    24.116    vproc/fpu_ss_i/i_fpnew_bulk/gen_operation_groups[0].i_opgroup_block/gen_merged_slice.i_multifmt_slice/gen_num_lanes[0].active_lane.lane_instance.i_fpnew_fma_multi/register_write_behavioral[31].mem[31][30]_i_413_n_0
    SLICE_X109Y34                                                     r  vproc/fpu_ss_i/i_fpnew_bulk/gen_operation_groups[0].i_opgroup_block/gen_merged_slice.i_multifmt_slice/gen_num_lanes[0].active_lane.lane_instance.i_fpnew_fma_multi/register_write_behavioral[31].mem[31][30]_i_368/I3
    SLICE_X109Y34        LUT5 (Prop_lut5_I3_O)        0.043    24.159 r  vproc/fpu_ss_i/i_fpnew_bulk/gen_operation_groups[0].i_opgroup_block/gen_merged_slice.i_multifmt_slice/gen_num_lanes[0].active_lane.lane_instance.i_fpnew_fma_multi/register_write_behavioral[31].mem[31][30]_i_368/O
                         net (fo=2, routed)           0.350    24.509    vproc/fpu_ss_i/i_fpnew_bulk/gen_operation_groups[0].i_opgroup_block/gen_merged_slice.i_multifmt_slice/gen_num_lanes[0].active_lane.lane_instance.i_fpnew_fma_multi/register_write_behavioral[31].mem[31][30]_i_368_n_0
    SLICE_X108Y33                                                     r  vproc/fpu_ss_i/i_fpnew_bulk/gen_operation_groups[0].i_opgroup_block/gen_merged_slice.i_multifmt_slice/gen_num_lanes[0].active_lane.lane_instance.i_fpnew_fma_multi/register_write_behavioral[31].mem[31][30]_i_239/I2
    SLICE_X108Y33        LUT4 (Prop_lut4_I2_O)        0.043    24.552 r  vproc/fpu_ss_i/i_fpnew_bulk/gen_operation_groups[0].i_opgroup_block/gen_merged_slice.i_multifmt_slice/gen_num_lanes[0].active_lane.lane_instance.i_fpnew_fma_multi/register_write_behavioral[31].mem[31][30]_i_239/O
                         net (fo=1, routed)           0.000    24.552    vproc/fpu_ss_i/i_fpnew_bulk/gen_operation_groups[0].i_opgroup_block/gen_merged_slice.i_multifmt_slice/gen_num_lanes[0].active_lane.lane_instance.i_fpnew_fma_multi/register_write_behavioral[31].mem[31][30]_i_239_n_0
    SLICE_X108Y33                                                     r  vproc/fpu_ss_i/i_fpnew_bulk/gen_operation_groups[0].i_opgroup_block/gen_merged_slice.i_multifmt_slice/gen_num_lanes[0].active_lane.lane_instance.i_fpnew_fma_multi/register_write_behavioral[31].mem_reg[31][30]_i_138/S[0]
    SLICE_X108Y33        CARRY4 (Prop_carry4_S[0]_CO[3])
                                                      0.246    24.798 r  vproc/fpu_ss_i/i_fpnew_bulk/gen_operation_groups[0].i_opgroup_block/gen_merged_slice.i_multifmt_slice/gen_num_lanes[0].active_lane.lane_instance.i_fpnew_fma_multi/register_write_behavioral[31].mem_reg[31][30]_i_138/CO[3]
                         net (fo=1, routed)           0.000    24.798    vproc/fpu_ss_i/i_fpnew_bulk/gen_operation_groups[0].i_opgroup_block/gen_merged_slice.i_multifmt_slice/gen_num_lanes[0].active_lane.lane_instance.i_fpnew_fma_multi/register_write_behavioral[31].mem_reg[31][30]_i_138_n_0
    SLICE_X108Y34                                                     r  vproc/fpu_ss_i/i_fpnew_bulk/gen_operation_groups[0].i_opgroup_block/gen_merged_slice.i_multifmt_slice/gen_num_lanes[0].active_lane.lane_instance.i_fpnew_fma_multi/register_write_behavioral[31].mem_reg[31][30]_i_85/CI
    SLICE_X108Y34        CARRY4 (Prop_carry4_CI_CO[3])
                                                      0.054    24.852 r  vproc/fpu_ss_i/i_fpnew_bulk/gen_operation_groups[0].i_opgroup_block/gen_merged_slice.i_multifmt_slice/gen_num_lanes[0].active_lane.lane_instance.i_fpnew_fma_multi/register_write_behavioral[31].mem_reg[31][30]_i_85/CO[3]
                         net (fo=1, routed)           0.000    24.852    vproc/fpu_ss_i/i_fpnew_bulk/gen_operation_groups[0].i_opgroup_block/gen_merged_slice.i_multifmt_slice/gen_num_lanes[0].active_lane.lane_instance.i_fpnew_fma_multi/register_write_behavioral[31].mem_reg[31][30]_i_85_n_0
    SLICE_X108Y35                                                     r  vproc/fpu_ss_i/i_fpnew_bulk/gen_operation_groups[0].i_opgroup_block/gen_merged_slice.i_multifmt_slice/gen_num_lanes[0].active_lane.lane_instance.i_fpnew_fma_multi/register_write_behavioral[31].mem_reg[31][30]_i_55/CI
    SLICE_X108Y35        CARRY4 (Prop_carry4_CI_CO[3])
                                                      0.054    24.906 r  vproc/fpu_ss_i/i_fpnew_bulk/gen_operation_groups[0].i_opgroup_block/gen_merged_slice.i_multifmt_slice/gen_num_lanes[0].active_lane.lane_instance.i_fpnew_fma_multi/register_write_behavioral[31].mem_reg[31][30]_i_55/CO[3]
                         net (fo=43, routed)          0.622    25.528    vproc/fpu_ss_i/i_fpnew_bulk/gen_operation_groups[0].i_opgroup_block/gen_merged_slice.i_multifmt_slice/gen_num_lanes[0].active_lane.lane_instance.i_fpnew_fma_multi/of_before_round
    SLICE_X112Y34                                                     r  vproc/fpu_ss_i/i_fpnew_bulk/gen_operation_groups[0].i_opgroup_block/gen_merged_slice.i_multifmt_slice/gen_num_lanes[0].active_lane.lane_instance.i_fpnew_fma_multi/register_write_behavioral[31].mem[31][31]_i_203/I0
    SLICE_X112Y34        LUT5 (Prop_lut5_I0_O)        0.043    25.571 r  vproc/fpu_ss_i/i_fpnew_bulk/gen_operation_groups[0].i_opgroup_block/gen_merged_slice.i_multifmt_slice/gen_num_lanes[0].active_lane.lane_instance.i_fpnew_fma_multi/register_write_behavioral[31].mem[31][31]_i_203/O
                         net (fo=1, routed)           0.239    25.810    vproc/fpu_ss_i/i_fpnew_bulk/gen_operation_groups[0].i_opgroup_block/gen_merged_slice.i_multifmt_slice/gen_num_lanes[0].active_lane.lane_instance.i_fpnew_fma_multi/register_write_behavioral[31].mem[31][31]_i_203_n_0
    SLICE_X112Y34                                                     r  vproc/fpu_ss_i/i_fpnew_bulk/gen_operation_groups[0].i_opgroup_block/gen_merged_slice.i_multifmt_slice/gen_num_lanes[0].active_lane.lane_instance.i_fpnew_fma_multi/register_write_behavioral[31].mem[31][31]_i_148/I0
    SLICE_X112Y34        LUT6 (Prop_lut6_I0_O)        0.043    25.853 r  vproc/fpu_ss_i/i_fpnew_bulk/gen_operation_groups[0].i_opgroup_block/gen_merged_slice.i_multifmt_slice/gen_num_lanes[0].active_lane.lane_instance.i_fpnew_fma_multi/register_write_behavioral[31].mem[31][31]_i_148/O
                         net (fo=2, routed)           0.431    26.284    vproc/fpu_ss_i/i_fpnew_bulk/gen_operation_groups[0].i_opgroup_block/gen_merged_slice.i_multifmt_slice/gen_num_lanes[0].active_lane.lane_instance.i_fpnew_fma_multi/register_write_behavioral[31].mem[31][31]_i_148_n_0
    SLICE_X107Y35                                                     r  vproc/fpu_ss_i/i_fpnew_bulk/gen_operation_groups[0].i_opgroup_block/gen_merged_slice.i_multifmt_slice/gen_num_lanes[0].active_lane.lane_instance.i_fpnew_fma_multi/register_write_behavioral[31].mem[31][31]_i_102/I2
    SLICE_X107Y35        LUT3 (Prop_lut3_I2_O)        0.049    26.333 f  vproc/fpu_ss_i/i_fpnew_bulk/gen_operation_groups[0].i_opgroup_block/gen_merged_slice.i_multifmt_slice/gen_num_lanes[0].active_lane.lane_instance.i_fpnew_fma_multi/register_write_behavioral[31].mem[31][31]_i_102/O
                         net (fo=3, routed)           0.476    26.809    vproc/fpu_ss_i/i_fpnew_bulk/gen_operation_groups[0].i_opgroup_block/gen_merged_slice.i_multifmt_slice/gen_num_lanes[0].active_lane.lane_instance.i_fpnew_fma_multi/register_write_behavioral[31].mem[31][31]_i_102_n_0
    SLICE_X106Y32                                                     f  vproc/fpu_ss_i/i_fpnew_bulk/gen_operation_groups[0].i_opgroup_block/gen_merged_slice.i_multifmt_slice/gen_num_lanes[0].active_lane.lane_instance.i_fpnew_fma_multi/register_write_behavioral[31].mem[31][3]_i_39/I3
    SLICE_X106Y32        LUT6 (Prop_lut6_I3_O)        0.136    26.945 r  vproc/fpu_ss_i/i_fpnew_bulk/gen_operation_groups[0].i_opgroup_block/gen_merged_slice.i_multifmt_slice/gen_num_lanes[0].active_lane.lane_instance.i_fpnew_fma_multi/register_write_behavioral[31].mem[31][3]_i_39/O
                         net (fo=1, routed)           0.348    27.293    vproc/fpu_ss_i/i_fpnew_bulk/gen_operation_groups[0].i_opgroup_block/gen_merged_slice.i_multifmt_slice/gen_num_lanes[0].active_lane.lane_instance.i_fpnew_fma_multi/register_write_behavioral[31].mem[31][3]_i_39_n_0
    SLICE_X107Y32                                                     r  vproc/fpu_ss_i/i_fpnew_bulk/gen_operation_groups[0].i_opgroup_block/gen_merged_slice.i_multifmt_slice/gen_num_lanes[0].active_lane.lane_instance.i_fpnew_fma_multi/register_write_behavioral[31].mem[31][3]_i_27/I4
    SLICE_X107Y32        LUT5 (Prop_lut5_I4_O)        0.043    27.336 r  vproc/fpu_ss_i/i_fpnew_bulk/gen_operation_groups[0].i_opgroup_block/gen_merged_slice.i_multifmt_slice/gen_num_lanes[0].active_lane.lane_instance.i_fpnew_fma_multi/register_write_behavioral[31].mem[31][3]_i_27/O
                         net (fo=1, routed)           0.000    27.336    vproc/fpu_ss_i/i_fpnew_bulk/gen_operation_groups[0].i_opgroup_block/gen_merged_slice.i_multifmt_slice/gen_num_lanes[0].active_lane.lane_instance.i_fpnew_fma_multi/register_write_behavioral[31].mem[31][3]_i_27_n_0
    SLICE_X107Y32                                                     r  vproc/fpu_ss_i/i_fpnew_bulk/gen_operation_groups[0].i_opgroup_block/gen_merged_slice.i_multifmt_slice/gen_num_lanes[0].active_lane.lane_instance.i_fpnew_fma_multi/register_write_behavioral[31].mem_reg[31][3]_i_12/S[0]
    SLICE_X107Y32        CARRY4 (Prop_carry4_S[0]_O[2])
                                                      0.266    27.602 f  vproc/fpu_ss_i/i_fpnew_bulk/gen_operation_groups[0].i_opgroup_block/gen_merged_slice.i_multifmt_slice/gen_num_lanes[0].active_lane.lane_instance.i_fpnew_fma_multi/register_write_behavioral[31].mem_reg[31][3]_i_12/O[2]
                         net (fo=1, routed)           0.607    28.209    vproc/fpu_ss_i/i_fpnew_bulk/gen_operation_groups[0].i_opgroup_block/gen_merged_slice.i_multifmt_slice/gen_num_lanes[0].active_lane.lane_instance.i_fpnew_fma_multi/rounded_abs[2]
    SLICE_X101Y41                                                     f  vproc/fpu_ss_i/i_fpnew_bulk/gen_operation_groups[0].i_opgroup_block/gen_merged_slice.i_multifmt_slice/gen_num_lanes[0].active_lane.lane_instance.i_fpnew_fma_multi/register_write_behavioral[31].mem[31][2]_i_5/I4
    SLICE_X101Y41        LUT6 (Prop_lut6_I4_O)        0.122    28.331 f  vproc/fpu_ss_i/i_fpnew_bulk/gen_operation_groups[0].i_opgroup_block/gen_merged_slice.i_multifmt_slice/gen_num_lanes[0].active_lane.lane_instance.i_fpnew_fma_multi/register_write_behavioral[31].mem[31][2]_i_5/O
                         net (fo=1, routed)           0.000    28.331    vproc/fpu_ss_i/i_fpnew_bulk/gen_operation_groups[2].i_opgroup_block/gen_parallel_slices[2].active_format.i_fmt_slice/gen_num_lanes[0].active_lane.lane_instance.i_noncomp/gen_arbiter.data_nodes[1][result][2]
    SLICE_X101Y41                                                     f  vproc/fpu_ss_i/i_fpnew_bulk/gen_operation_groups[2].i_opgroup_block/gen_parallel_slices[2].active_format.i_fmt_slice/gen_num_lanes[0].active_lane.lane_instance.i_noncomp/register_write_behavioral[31].mem_reg[31][2]_i_4/I0
    SLICE_X101Y41        MUXF7 (Prop_muxf7_I0_O)      0.107    28.438 f  vproc/fpu_ss_i/i_fpnew_bulk/gen_operation_groups[2].i_opgroup_block/gen_parallel_slices[2].active_format.i_fmt_slice/gen_num_lanes[0].active_lane.lane_instance.i_noncomp/register_write_behavioral[31].mem_reg[31][2]_i_4/O
                         net (fo=2, routed)           0.194    28.632    vproc/fpu_ss_i/fpu_ss_csr_i/gen_rf[1].mem[1][4]_i_2[2]
    SLICE_X99Y41                                                      f  vproc/fpu_ss_i/fpu_ss_csr_i/gen_rf[1].mem[1][2]_i_3/I2
    SLICE_X99Y41         LUT3 (Prop_lut3_I2_O)        0.124    28.756 f  vproc/fpu_ss_i/fpu_ss_csr_i/gen_rf[1].mem[1][2]_i_3/O
                         net (fo=1, routed)           0.405    29.161    vproc/core/ex_stage_i/fpu_ss_xif\\.result[data][2]
    SLICE_X80Y41                                                      f  vproc/core/ex_stage_i/gen_rf[1].mem[1][2]_i_2/I1
    SLICE_X80Y41         LUT6 (Prop_lut6_I1_O)        0.043    29.204 f  vproc/core/ex_stage_i/gen_rf[1].mem[1][2]_i_2/O
                         net (fo=1, routed)           0.103    29.307    vproc/core/load_store_unit_i/gen_rf[31].mem_reg[31][2]
    SLICE_X80Y41                                                      f  vproc/core/load_store_unit_i/gen_rf[1].mem[1][2]_i_1/I0
    SLICE_X80Y41         LUT6 (Prop_lut6_I0_O)        0.043    29.350 f  vproc/core/load_store_unit_i/gen_rf[1].mem[1][2]_i_1/O
                         net (fo=36, routed)          0.373    29.723    vproc/core/id_stage_i/rf_wdata_wb[1]
    SLICE_X79Y44                                                      f  vproc/core/id_stage_i/dec_data_q[rs2][r][xval][2]_i_2/I3
    SLICE_X79Y44         LUT6 (Prop_lut6_I3_O)        0.043    29.766 f  vproc/core/id_stage_i/dec_data_q[rs2][r][xval][2]_i_2/O
                         net (fo=2, routed)           0.298    30.064    vproc/core/if_stage_i/vcore_xif\\.issue_req[rs][1]_37[2]
    SLICE_X79Y44                                                      f  vproc/core/if_stage_i/dec_data_q[mode][6]_i_3/I3
    SLICE_X79Y44         LUT6 (Prop_lut6_I3_O)        0.043    30.107 f  vproc/core/if_stage_i/dec_data_q[mode][6]_i_3/O
                         net (fo=1, routed)           0.265    30.371    vproc/core/if_stage_i/dec_data_q[mode][6]_i_3_n_0
    SLICE_X77Y45                                                      f  vproc/core/if_stage_i/dec_data_q[mode][6]_i_1/I3
    SLICE_X77Y45         LUT6 (Prop_lut6_I3_O)        0.043    30.414 f  vproc/core/if_stage_i/dec_data_q[mode][6]_i_1/O
                         net (fo=4, routed)           0.326    30.740    vproc/core/if_stage_i/D[6]
    SLICE_X77Y47                                                      f  vproc/core/if_stage_i/stage_state_q[1][op_load][4]_i_16/I1
    SLICE_X77Y47         LUT6 (Prop_lut6_I1_O)        0.043    30.783 f  vproc/core/if_stage_i/stage_state_q[1][op_load][4]_i_16/O
                         net (fo=2, routed)           0.480    31.264    vproc/v_core/result_if/stage_state_q[1][op_load][4]_i_6_0
    SLICE_X78Y48                                                      f  vproc/v_core/result_if/stage_state_q[1][op_load][4]_i_11/I4
    SLICE_X78Y48         LUT6 (Prop_lut6_I4_O)        0.043    31.307 r  vproc/v_core/result_if/stage_state_q[1][op_load][4]_i_11/O
                         net (fo=1, routed)           0.362    31.669    vproc/v_core/result_if/stage_state_q[1][op_load][4]_i_11_n_0
    SLICE_X78Y48                                                      r  vproc/v_core/result_if/stage_state_q[1][op_load][4]_i_6/I2
    SLICE_X78Y48         LUT6 (Prop_lut6_I2_O)        0.043    31.712 f  vproc/v_core/result_if/stage_state_q[1][op_load][4]_i_6/O
                         net (fo=41, routed)          0.674    32.386    vproc/v_core/result_if/result_source_q_reg[1]_0
    SLICE_X77Y50                                                      f  vproc/v_core/result_if/register_write_behavioral[31].mem[31][31]_i_29/I2
    SLICE_X77Y50         LUT4 (Prop_lut4_I2_O)        0.043    32.429 r  vproc/v_core/result_if/register_write_behavioral[31].mem[31][31]_i_29/O
                         net (fo=34, routed)          0.665    33.094    vproc/core/load_store_unit_i/mpu_i/vcore_xif\\.result[rd][4]
    SLICE_X77Y50                                                      r  vproc/core/load_store_unit_i/mpu_i/register_write_behavioral[31].mem[31][31]_i_8/I2
    SLICE_X77Y50         LUT5 (Prop_lut5_I2_O)        0.043    33.137 r  vproc/core/load_store_unit_i/mpu_i/register_write_behavioral[31].mem[31][31]_i_8/O
                         net (fo=65, routed)          0.677    33.815    vproc/core/if_stage_i/fpr_wb_addr[3]
    SLICE_X77Y50                                                      r  vproc/core/if_stage_i/x_ext_regs.xif_res_q_i_12/I1
    SLICE_X77Y50         LUT6 (Prop_lut6_I1_O)        0.043    33.858 r  vproc/core/if_stage_i/x_ext_regs.xif_res_q_i_12/O
                         net (fo=2, routed)           0.460    34.318    vproc/core/if_stage_i/if_id_pipe_o_reg[instr][bus_resp][rdata][11]_17
    SLICE_X77Y50                                                      r  vproc/core/if_stage_i/x_ext_regs.xif_res_q_i_5/I3
    SLICE_X77Y50         LUT6 (Prop_lut6_I3_O)        0.043    34.361 f  vproc/core/if_stage_i/x_ext_regs.xif_res_q_i_5/O
                         net (fo=3, routed)           0.639    35.000    vproc/fpu_ss_i/fpu_ss_controller_i/x_ext_regs.xif_res_q_reg_1
    SLICE_X76Y50                                                      f  vproc/fpu_ss_i/fpu_ss_controller_i/x_ext_regs.xif_res_q_i_2/I2
    SLICE_X76Y50         LUT6 (Prop_lut6_I2_O)        0.043    35.043 r  vproc/fpu_ss_i/fpu_ss_controller_i/x_ext_regs.xif_res_q_i_2/O
                         net (fo=273, routed)         0.871    35.914    vproc/v_core/instr_queue/host_xif\\.mem_valid
    SLICE_X60Y47                                                      r  vproc/v_core/instr_queue/mem_rvalid_i_2/I4
    SLICE_X60Y47         LUT6 (Prop_lut6_I4_O)        0.043    35.957 f  vproc/v_core/instr_queue/mem_rvalid_i_2/O
                         net (fo=3, routed)           0.276    36.233    vproc/core/load_store_unit_i/response_filter_i/sdata_hold
    SLICE_X59Y45                                                      f  vproc/core/load_store_unit_i/response_filter_i/mem_rvalid_i_1/I0
    SLICE_X59Y45         LUT6 (Prop_lut6_I0_O)        0.043    36.276 r  vproc/core/load_store_unit_i/response_filter_i/mem_rvalid_i_1/O
                         net (fo=2, routed)           0.439    36.715    vproc/v_core/genblk9[0].pipe/pipeline/unit_mux/genblk1[0].unit/lsu/lsu_queue/mem_req
    SLICE_X59Y46                                                      r  vproc/v_core/genblk9[0].pipe/pipeline/unit_mux/genblk1[0].unit/lsu/lsu_queue/mem_reg_0_0_0_i_20/I3
    SLICE_X59Y46         LUT6 (Prop_lut6_I3_O)        0.043    36.758 f  vproc/v_core/genblk9[0].pipe/pipeline/unit_mux/genblk1[0].unit/lsu/lsu_queue/mem_reg_0_0_0_i_20/O
                         net (fo=6, routed)           0.284    37.042    vproc/v_core/genblk9[0].pipe/pipeline/unit_mux/genblk1[0].unit/lsu/lsu_queue/mem_reg_0_0_0_i_20_n_0
    SLICE_X59Y48                                                      f  vproc/v_core/genblk9[0].pipe/pipeline/unit_mux/genblk1[0].unit/lsu/lsu_queue/mem_reg_0_0_7_i_1/I0
    SLICE_X59Y48         LUT6 (Prop_lut6_I0_O)        0.043    37.085 r  vproc/v_core/genblk9[0].pipe/pipeline/unit_mux/genblk1[0].unit/lsu/lsu_queue/mem_reg_0_0_7_i_1/O
                         net (fo=18, routed)          1.152    38.237    u_ram/mem_reg_1_0_7_0
    SLICE_X33Y83                                                      r  u_ram/mem_reg_1_0_2_ENARDEN_cooolgate_en_gate_21/I2
    SLICE_X33Y83         LUT3 (Prop_lut3_I2_O)        0.043    38.280 r  u_ram/mem_reg_1_0_2_ENARDEN_cooolgate_en_gate_21/O
                         net (fo=1, routed)           0.868    39.148    u_ram/mem_reg_1_0_2_ENARDEN_cooolgate_en_sig_11
    RAMB36_X1Y20         RAMB36E1                                     r  u_ram/mem_reg_1_0_2/ENARDEN
  -------------------------------------------------------------------    -------------------

                         (clock clk_raw rise edge)   34.375    34.375 r  
                         clock source latency         1.909    36.284    
                         propagated clock network latency
                                                      3.119    39.403    
                         clock pessimism              0.352    39.755    
                         clock uncertainty           -0.068    39.687    
    RAMB36_X1Y20         RAMB36E1 (Setup_ramb36e1_CLKARDCLK_ENARDEN)
                                                     -0.328    39.359    u_ram/mem_reg_1_0_2
  -------------------------------------------------------------------
                         required time                         39.359    
                         arrival time                         -39.148    
  -------------------------------------------------------------------
                         slack                                  0.211    

Slack (MET) :             0.211ns  (required time - arrival time)
  Source:                 vproc/fpu_ss_i/i_fpnew_bulk/gen_operation_groups[0].i_opgroup_block/gen_merged_slice.i_multifmt_slice/gen_num_lanes[0].active_lane.lane_instance.i_fpnew_fma_multi/gen_input_pipeline[0].inp_pipe_operands_q_reg[1][1][14]/C
                            (rising edge-triggered cell FDCE clocked by clk_raw  {rise@0.000ns fall@17.188ns period=34.375ns})
  Destination:            u_ram/mem_reg_1_0_2/ENARDEN
                            (rising edge-triggered cell RAMB36E1 clocked by clk_raw  {rise@0.000ns fall@17.188ns period=34.375ns})
  Path Group:             clk_raw
  Path Type:              Setup (Max at Slow Process Corner)
  Requirement:            34.375ns  (clk_raw rise@34.375ns - clk_raw rise@0.000ns)
  Data Path Delay:        33.397ns  (logic 6.618ns (19.816%)  route 26.779ns (80.184%))
  Logic Levels:           92  (CARRY4=30 LUT2=3 LUT3=9 LUT4=7 LUT5=8 LUT6=34 MUXF7=1)
  Clock Path Skew:        -0.370ns (DCD - SCD + CPR)
    Destination Clock Delay (DCD):    5.028ns = ( 39.403 - 34.375 ) 
    Source Clock Delay      (SCD):    5.751ns
    Clock Pessimism Removal (CPR):    0.352ns
  Clock Uncertainty:      0.068ns  ((TSJ^2 + DJ^2)^1/2) / 2 + PE
    Total System Jitter     (TSJ):    0.071ns
    Discrete Jitter          (DJ):    0.116ns
    Phase Error              (PE):    0.000ns

    Location             Delay type                Incr(ns)  Path(ns)    Netlist Resource(s)
  -------------------------------------------------------------------    -------------------
                         (clock clk_raw rise edge)    0.000     0.000 r  
                         clock source latency         2.120     2.120    
                         propagated clock network latency
                                                      3.631     5.751    
    SLICE_X97Y37         FDCE                         0.000     5.751 r  vproc/fpu_ss_i/i_fpnew_bulk/gen_operation_groups[0].i_opgroup_block/gen_merged_slice.i_multifmt_slice/gen_num_lanes[0].active_lane.lane_instance.i_fpnew_fma_multi/gen_input_pipeline[0].inp_pipe_operands_q_reg[1][1][14]/C
    SLICE_X97Y37         FDCE (Prop_fdce_C_Q)         0.223     5.974 r  vproc/fpu_ss_i/i_fpnew_bulk/gen_operation_groups[0].i_opgroup_block/gen_merged_slice.i_multifmt_slice/gen_num_lanes[0].active_lane.lane_instance.i_fpnew_fma_multi/gen_input_pipeline[0].inp_pipe_operands_q_reg[1][1][14]/Q
                         net (fo=9, routed)           0.382     6.356    vproc/fpu_ss_i/i_fpnew_bulk/gen_operation_groups[0].i_opgroup_block/gen_merged_slice.i_multifmt_slice/gen_num_lanes[0].active_lane.lane_instance.i_fpnew_fma_multi/gen_input_pipeline[0].inp_pipe_operands_q_reg_n_0_[1][1][14]
    SLICE_X96Y37                                                      r  vproc/fpu_ss_i/i_fpnew_bulk/gen_operation_groups[0].i_opgroup_block/gen_merged_slice.i_multifmt_slice/gen_num_lanes[0].active_lane.lane_instance.i_fpnew_fma_multi/register_write_behavioral[31].mem[31][31]_i_385/I1
    SLICE_X96Y37         LUT4 (Prop_lut4_I1_O)        0.043     6.399 r  vproc/fpu_ss_i/i_fpnew_bulk/gen_operation_groups[0].i_opgroup_block/gen_merged_slice.i_multifmt_slice/gen_num_lanes[0].active_lane.lane_instance.i_fpnew_fma_multi/register_write_behavioral[31].mem[31][31]_i_385/O
                         net (fo=1, routed)           0.358     6.757    vproc/fpu_ss_i/i_fpnew_bulk/gen_operation_groups[0].i_opgroup_block/gen_merged_slice.i_multifmt_slice/gen_num_lanes[0].active_lane.lane_instance.i_fpnew_fma_multi/register_write_behavioral[31].mem[31][31]_i_385_n_0
    SLICE_X97Y37                                                      r  vproc/fpu_ss_i/i_fpnew_bulk/gen_operation_groups[0].i_opgroup_block/gen_merged_slice.i_multifmt_slice/gen_num_lanes[0].active_lane.lane_instance.i_fpnew_fma_multi/register_write_behavioral[31].mem[31][31]_i_257/I0
    SLICE_X97Y37         LUT6 (Prop_lut6_I0_O)        0.043     6.800 r  vproc/fpu_ss_i/i_fpnew_bulk/gen_operation_groups[0].i_opgroup_block/gen_merged_slice.i_multifmt_slice/gen_num_lanes[0].active_lane.lane_instance.i_fpnew_fma_multi/register_write_behavioral[31].mem[31][31]_i_257/O
                         net (fo=1, routed)           0.426     7.226    vproc/fpu_ss_i/i_fpnew_bulk/gen_operation_groups[0].i_opgroup_block/gen_merged_slice.i_multifmt_slice/gen_num_lanes[0].active_lane.lane_instance.i_fpnew_fma_multi/register_write_behavioral[31].mem[31][31]_i_257_n_0
    SLICE_X97Y37                                                      r  vproc/fpu_ss_i/i_fpnew_bulk/gen_operation_groups[0].i_opgroup_block/gen_merged_slice.i_multifmt_slice/gen_num_lanes[0].active_lane.lane_instance.i_fpnew_fma_multi/register_write_behavioral[31].mem[31][31]_i_184/I5
    SLICE_X97Y37         LUT6 (Prop_lut6_I5_O)        0.043     7.269 f  vproc/fpu_ss_i/i_fpnew_bulk/gen_operation_groups[0].i_opgroup_block/gen_merged_slice.i_multifmt_slice/gen_num_lanes[0].active_lane.lane_instance.i_fpnew_fma_multi/register_write_behavioral[31].mem[31][31]_i_184/O
                         net (fo=2, routed)           0.197     7.466    vproc/fpu_ss_i/i_fpnew_bulk/gen_operation_groups[0].i_opgroup_block/gen_merged_slice.i_multifmt_slice/gen_num_lanes[0].active_lane.lane_instance.i_fpnew_fma_multi/register_write_behavioral[31].mem[31][31]_i_184_n_0
    SLICE_X95Y37                                                      f  vproc/fpu_ss_i/i_fpnew_bulk/gen_operation_groups[0].i_opgroup_block/gen_merged_slice.i_multifmt_slice/gen_num_lanes[0].active_lane.lane_instance.i_fpnew_fma_multi/register_write_behavioral[31].mem[31][23]_i_490/I1
    SLICE_X95Y37         LUT2 (Prop_lut2_I1_O)        0.043     7.509 r  vproc/fpu_ss_i/i_fpnew_bulk/gen_operation_groups[0].i_opgroup_block/gen_merged_slice.i_multifmt_slice/gen_num_lanes[0].active_lane.lane_instance.i_fpnew_fma_multi/register_write_behavioral[31].mem[31][23]_i_490/O
                         net (fo=1, routed)           0.293     7.802    vproc/fpu_ss_i/i_fpnew_bulk/gen_operation_groups[0].i_opgroup_block/gen_merged_slice.i_multifmt_slice/gen_num_lanes[0].active_lane.lane_instance.i_fpnew_fma_multi/register_write_behavioral[31].mem[31][23]_i_490_n_0
    SLICE_X100Y36                                                     r  vproc/fpu_ss_i/i_fpnew_bulk/gen_operation_groups[0].i_opgroup_block/gen_merged_slice.i_multifmt_slice/gen_num_lanes[0].active_lane.lane_instance.i_fpnew_fma_multi/register_write_behavioral[31].mem[31][23]_i_373/I1
    SLICE_X100Y36        LUT6 (Prop_lut6_I1_O)        0.043     7.845 f  vproc/fpu_ss_i/i_fpnew_bulk/gen_operation_groups[0].i_opgroup_block/gen_merged_slice.i_multifmt_slice/gen_num_lanes[0].active_lane.lane_instance.i_fpnew_fma_multi/register_write_behavioral[31].mem[31][23]_i_373/O
                         net (fo=2, routed)           0.352     8.197    vproc/fpu_ss_i/i_fpnew_bulk/gen_operation_groups[0].i_opgroup_block/gen_merged_slice.i_multifmt_slice/gen_num_lanes[0].active_lane.lane_instance.i_fpnew_fma_multi/register_write_behavioral[31].mem[31][23]_i_373_n_0
    SLICE_X101Y36                                                     f  vproc/fpu_ss_i/i_fpnew_bulk/gen_operation_groups[0].i_opgroup_block/gen_merged_slice.i_multifmt_slice/gen_num_lanes[0].active_lane.lane_instance.i_fpnew_fma_multi/register_write_behavioral[31].mem[31][23]_i_370/I4
    SLICE_X101Y36        LUT5 (Prop_lut5_I4_O)        0.043     8.240 r  vproc/fpu_ss_i/i_fpnew_bulk/gen_operation_groups[0].i_opgroup_block/gen_merged_slice.i_multifmt_slice/gen_num_lanes[0].active_lane.lane_instance.i_fpnew_fma_multi/register_write_behavioral[31].mem[31][23]_i_370/O
                         net (fo=2, routed)           0.348     8.589    vproc/fpu_ss_i/i_fpnew_bulk/gen_operation_groups[0].i_opgroup_block/gen_merged_slice.i_multifmt_slice/gen_num_lanes[0].active_lane.lane_instance.i_fpnew_fma_multi/register_write_behavioral[31].mem[31][23]_i_370_n_0
    SLICE_X102Y36                                                     r  vproc/fpu_ss_i/i_fpnew_bulk/gen_operation_groups[0].i_opgroup_block/gen_merged_slice.i_multifmt_slice/gen_num_lanes[0].active_lane.lane_instance.i_fpnew_fma_multi/register_write_behavioral[31].mem[31][23]_i_193/I5
    SLICE_X102Y36        LUT6 (Prop_lut6_I5_O)        0.043     8.632 r  vproc/fpu_ss_i/i_fpnew_bulk/gen_operation_groups[0].i_opgroup_block/gen_merged_slice.i_multifmt_slice/gen_num_lanes[0].active_lane.lane_instance.i_fpnew_fma_multi/register_write_behavioral[31].mem[31][23]_i_193/O
                         net (fo=2, routed)           0.334     8.966    vproc/fpu_ss_i/i_fpnew_bulk/gen_operation_groups[0].i_opgroup_block/gen_merged_slice.i_multifmt_slice/gen_num_lanes[0].active_lane.lane_instance.i_fpnew_fma_multi/register_write_behavioral[31].mem[31][23]_i_193_n_0
    SLICE_X102Y37                                                     r  vproc/fpu_ss_i/i_fpnew_bulk/gen_operation_groups[0].i_opgroup_block/gen_merged_slice.i_multifmt_slice/gen_num_lanes[0].active_lane.lane_instance.i_fpnew_fma_multi/register_write_behavioral[31].mem[31][23]_i_197/I0
    SLICE_X102Y37        LUT6 (Prop_lut6_I0_O)        0.043     9.009 r  vproc/fpu_ss_i/i_fpnew_bulk/gen_operation_groups[0].i_opgroup_block/gen_merged_slice.i_multifmt_slice/gen_num_lanes[0].active_lane.lane_instance.i_fpnew_fma_multi/register_write_behavioral[31].mem[31][23]_i_197/O
                         net (fo=1, routed)           0.000     9.009    vproc/fpu_ss_i/i_fpnew_bulk/gen_operation_groups[0].i_opgroup_block/gen_merged_slice.i_multifmt_slice/gen_num_lanes[0].active_lane.lane_instance.i_fpnew_fma_multi/register_write_behavioral[31].mem[31][23]_i_197_n_0
    SLICE_X102Y37                                                     r  vproc/fpu_ss_i/i_fpnew_bulk/gen_operation_groups[0].i_opgroup_block/gen_merged_slice.i_multifmt_slice/gen_num_lanes[0].active_lane.lane_instance.i_fpnew_fma_multi/register_write_behavioral[31].mem_reg[31][23]_i_91/S[2]
    SLICE_X102Y37        CARRY4 (Prop_carry4_S[2]_CO[3])
                                                      0.183     9.192 r  vproc/fpu_ss_i/i_fpnew_bulk/gen_operation_groups[0].i_opgroup_block/gen_merged_slice.i_multifmt_slice/gen_num_lanes[0].active_lane.lane_instance.i_fpnew_fma_multi/register_write_behavioral[31].mem_reg[31][23]_i_91/CO[3]
                         net (fo=1, routed)           0.000     9.192    vproc/fpu_ss_i/i_fpnew_bulk/gen_operation_groups[0].i_opgroup_block/gen_merged_slice.i_multifmt_slice/gen_num_lanes[0].active_lane.lane_instance.i_fpnew_fma_multi/register_write_behavioral[31].mem_reg[31][23]_i_91_n_0
    SLICE_X102Y38                                                     r  vproc/fpu_ss_i/i_fpnew_bulk/gen_operation_groups[0].i_opgroup_block/gen_merged_slice.i_multifmt_slice/gen_num_lanes[0].active_lane.lane_instance.i_fpnew_fma_multi/register_write_behavioral[31].mem_reg[31][31]_i_348/CI
    SLICE_X102Y38        CARRY4 (Prop_carry4_CI_O[1])
                                                      0.165     9.357 f  vproc/fpu_ss_i/i_fpnew_bulk/gen_operation_groups[0].i_opgroup_block/gen_merged_slice.i_multifmt_slice/gen_num_lanes[0].active_lane.lane_instance.i_fpnew_fma_multi/register_write_behavioral[31].mem_reg[31][31]_i_348/O[1]
                         net (fo=4, routed)           0.429     9.786    vproc/fpu_ss_i/i_fpnew_bulk/gen_operation_groups[0].i_opgroup_block/gen_merged_slice.i_multifmt_slice/gen_num_lanes[0].active_lane.lane_instance.i_fpnew_fma_multi/register_write_behavioral[31].mem_reg[31][31]_i_348_n_6
    SLICE_X103Y41                                                     f  vproc/fpu_ss_i/i_fpnew_bulk/gen_operation_groups[0].i_opgroup_block/gen_merged_slice.i_multifmt_slice/gen_num_lanes[0].active_lane.lane_instance.i_fpnew_fma_multi/register_write_behavioral[31].mem[31][23]_i_273/I2
    SLICE_X103Y41        LUT3 (Prop_lut3_I2_O)        0.125     9.911 r  vproc/fpu_ss_i/i_fpnew_bulk/gen_operation_groups[0].i_opgroup_block/gen_merged_slice.i_multifmt_slice/gen_num_lanes[0].active_lane.lane_instance.i_fpnew_fma_multi/register_write_behavioral[31].mem[31][23]_i_273/O
                         net (fo=5, routed)           0.477    10.388    vproc/fpu_ss_i/i_fpnew_bulk/gen_operation_groups[0].i_opgroup_block/gen_merged_slice.i_multifmt_slice/gen_num_lanes[0].active_lane.lane_instance.i_fpnew_fma_multi/register_write_behavioral[31].mem[31][23]_i_273_n_0
    SLICE_X104Y40                                                     r  vproc/fpu_ss_i/i_fpnew_bulk/gen_operation_groups[0].i_opgroup_block/gen_merged_slice.i_multifmt_slice/gen_num_lanes[0].active_lane.lane_instance.i_fpnew_fma_multi/register_write_behavioral[31].mem[31][23]_i_179/I1
    SLICE_X104Y40        LUT2 (Prop_lut2_I1_O)        0.043    10.431 r  vproc/fpu_ss_i/i_fpnew_bulk/gen_operation_groups[0].i_opgroup_block/gen_merged_slice.i_multifmt_slice/gen_num_lanes[0].active_lane.lane_instance.i_fpnew_fma_multi/register_write_behavioral[31].mem[31][23]_i_179/O
                         net (fo=1, routed)           0.000    10.431    vproc/fpu_ss_i/i_fpnew_bulk/gen_operation_groups[0].i_opgroup_block/gen_merged_slice.i_multifmt_slice/gen_num_lanes[0].active_lane.lane_instance.i_fpnew_fma_multi/register_write_behavioral[31].mem[31][23]_i_179_n_0
    SLICE_X104Y40                                                     r  vproc/fpu_ss_i/i_fpnew_bulk/gen_operation_groups[0].i_opgroup_block/gen_merged_slice.i_multifmt_slice/gen_num_lanes[0].active_lane.lane_instance.i_fpnew_fma_multi/register_write_behavioral[31].mem_reg[31][23]_i_88/S[1]
    SLICE_X104Y40        CARRY4 (Prop_carry4_S[1]_CO[3])
                                                      0.256    10.687 r  vproc/fpu_ss_i/i_fpnew_bulk/gen_operation_groups[0].i_opgroup_block/gen_merged_slice.i_multifmt_slice/gen_num_lanes[0].active_lane.lane_instance.i_fpnew_fma_multi/register_write_behavioral[31].mem_reg[31][23]_i_88/CO[3]
                         net (fo=1, routed)           0.000    10.687    vproc/fpu_ss_i/i_fpnew_bulk/gen_operation_groups[0].i_opgroup_block/gen_merged_slice.i_multifmt_slice/gen_num_lanes[0].active_lane.lane_instance.i_fpnew_fma_multi/register_write_behavioral[31].mem_reg[31][23]_i_88_n_0
    SLICE_X104Y41                                                     r  vproc/fpu_ss_i/i_fpnew_bulk/gen_operation_groups[0].i_opgroup_block/gen_merged_slice.i_multifmt_slice/gen_num_lanes[0].active_lane.lane_instance.i_fpnew_fma_multi/register_write_behavioral[31].mem_reg[31][23]_i_90/CI
    SLICE_X104Y41        CARRY4 (Prop_carry4_CI_O[1])
                                                      0.165    10.852 f  vproc/fpu_ss_i/i_fpnew_bulk/gen_operation_groups[0].i_opgroup_block/gen_merged_slice.i_multifmt_slice/gen_num_lanes[0].active_lane.lane_instance.i_fpnew_fma_multi/register_write_behavioral[31].mem_reg[31][23]_i_90/O[1]
                         net (fo=6, routed)           0.386    11.238    vproc/fpu_ss_i/gen_fp_register_file.fpu_ss_regfile_i/register_write_behavioral[31].mem[31][31]_i_362[1]
    SLICE_X105Y41                                                     f  vproc/fpu_ss_i/gen_fp_register_file.fpu_ss_regfile_i/register_write_behavioral[31].mem[31][31]_i_407/I0
    SLICE_X105Y41        LUT6 (Prop_lut6_I0_O)        0.125    11.363 f  vproc/fpu_ss_i/gen_fp_register_file.fpu_ss_regfile_i/register_write_behavioral[31].mem[31][31]_i_407/O
                         net (fo=7, routed)           0.382    11.745    vproc/fpu_ss_i/gen_fp_register_file.fpu_ss_regfile_i/register_write_behavioral[31].mem_reg[31][23]_i_88
    SLICE_X105Y41                                                     f  vproc/fpu_ss_i/gen_fp_register_file.fpu_ss_regfile_i/register_write_behavioral[31].mem[31][31]_i_403/I4
    SLICE_X105Y41        LUT6 (Prop_lut6_I4_O)        0.043    11.788 r  vproc/fpu_ss_i/gen_fp_register_file.fpu_ss_regfile_i/register_write_behavioral[31].mem[31][31]_i_403/O
                         net (fo=46, routed)          0.499    12.287    vproc/fpu_ss_i/i_fpnew_bulk/gen_operation_groups[0].i_opgroup_block/gen_merged_slice.i_multifmt_slice/gen_num_lanes[0].active_lane.lane_instance.i_fpnew_fma_multi/register_write_behavioral[31].mem[31][31]_i_520_0[0]
    SLICE_X104Y45                                                     r  vproc/fpu_ss_i/i_fpnew_bulk/gen_operation_groups[0].i_opgroup_block/gen_merged_slice.i_multifmt_slice/gen_num_lanes[0].active_lane.lane_instance.i_fpnew_fma_multi/register_write_behavioral[31].mem[31][31]_i_632/I1
    SLICE_X104Y45        LUT6 (Prop_lut6_I1_O)        0.043    12.330 r  vproc/fpu_ss_i/i_fpnew_bulk/gen_operation_groups[0].i_opgroup_block/gen_merged_slice.i_multifmt_slice/gen_num_lanes[0].active_lane.lane_instance.i_fpnew_fma_multi/register_write_behavioral[31].mem[31][31]_i_632/O
                         net (fo=1, routed)           0.304    12.635    vproc/fpu_ss_i/i_fpnew_bulk/gen_operation_groups[0].i_opgroup_block/gen_merged_slice.i_multifmt_slice/gen_num_lanes[0].active_lane.lane_instance.i_fpnew_fma_multi/register_write_behavioral[31].mem[31][31]_i_632_n_0
    SLICE_X104Y46                                                     r  vproc/fpu_ss_i/i_fpnew_bulk/gen_operation_groups[0].i_opgroup_block/gen_merged_slice.i_multifmt_slice/gen_num_lanes[0].active_lane.lane_instance.i_fpnew_fma_multi/register_write_behavioral[31].mem[31][31]_i_622/I5
    SLICE_X104Y46        LUT6 (Prop_lut6_I5_O)        0.043    12.678 r  vproc/fpu_ss_i/i_fpnew_bulk/gen_operation_groups[0].i_opgroup_block/gen_merged_slice.i_multifmt_slice/gen_num_lanes[0].active_lane.lane_instance.i_fpnew_fma_multi/register_write_behavioral[31].mem[31][31]_i_622/O
                         net (fo=2, routed)           0.273    12.950    vproc/fpu_ss_i/i_fpnew_bulk/gen_operation_groups[0].i_opgroup_block/gen_merged_slice.i_multifmt_slice/gen_num_lanes[0].active_lane.lane_instance.i_fpnew_fma_multi/register_write_behavioral[31].mem[31][31]_i_622_n_0
    SLICE_X105Y46                                                     r  vproc/fpu_ss_i/i_fpnew_bulk/gen_operation_groups[0].i_opgroup_block/gen_merged_slice.i_multifmt_slice/gen_num_lanes[0].active_lane.lane_instance.i_fpnew_fma_multi/register_write_behavioral[31].mem[31][31]_i_605/I0
    SLICE_X105Y46        LUT3 (Prop_lut3_I0_O)        0.043    12.993 r  vproc/fpu_ss_i/i_fpnew_bulk/gen_operation_groups[0].i_opgroup_block/gen_merged_slice.i_multifmt_slice/gen_num_lanes[0].active_lane.lane_instance.i_fpnew_fma_multi/register_write_behavioral[31].mem[31][31]_i_605/O
                         net (fo=3, routed)           0.313    13.306    vproc/fpu_ss_i/i_fpnew_bulk/gen_operation_groups[0].i_opgroup_block/gen_merged_slice.i_multifmt_slice/gen_num_lanes[0].active_lane.lane_instance.i_fpnew_fma_multi/register_write_behavioral[31].mem[31][31]_i_605_n_0
    SLICE_X107Y46                                                     r  vproc/fpu_ss_i/i_fpnew_bulk/gen_operation_groups[0].i_opgroup_block/gen_merged_slice.i_multifmt_slice/gen_num_lanes[0].active_lane.lane_instance.i_fpnew_fma_multi/register_write_behavioral[31].mem[31][31]_i_595/I2
    SLICE_X107Y46        LUT3 (Prop_lut3_I2_O)        0.043    13.349 r  vproc/fpu_ss_i/i_fpnew_bulk/gen_operation_groups[0].i_opgroup_block/gen_merged_slice.i_multifmt_slice/gen_num_lanes[0].active_lane.lane_instance.i_fpnew_fma_multi/register_write_behavioral[31].mem[31][31]_i_595/O
                         net (fo=7, routed)           0.323    13.672    vproc/fpu_ss_i/i_fpnew_bulk/gen_operation_groups[0].i_opgroup_block/gen_merged_slice.i_multifmt_slice/gen_num_lanes[0].active_lane.lane_instance.i_fpnew_fma_multi/register_write_behavioral[31].mem[31][31]_i_595_n_0
    SLICE_X108Y46                                                     r  vproc/fpu_ss_i/i_fpnew_bulk/gen_operation_groups[0].i_opgroup_block/gen_merged_slice.i_multifmt_slice/gen_num_lanes[0].active_lane.lane_instance.i_fpnew_fma_multi/register_write_behavioral[31].mem[31][31]_i_547/I2
    SLICE_X108Y46        LUT4 (Prop_lut4_I2_O)        0.043    13.715 r  vproc/fpu_ss_i/i_fpnew_bulk/gen_operation_groups[0].i_opgroup_block/gen_merged_slice.i_multifmt_slice/gen_num_lanes[0].active_lane.lane_instance.i_fpnew_fma_multi/register_write_behavioral[31].mem[31][31]_i_547/O
                         net (fo=4, routed)           0.117    13.831    vproc/fpu_ss_i/i_fpnew_bulk/gen_operation_groups[0].i_opgroup_block/gen_merged_slice.i_multifmt_slice/gen_num_lanes[0].active_lane.lane_instance.i_fpnew_fma_multi/register_write_behavioral[31].mem[31][31]_i_547_n_0
    SLICE_X108Y46                                                     r  vproc/fpu_ss_i/i_fpnew_bulk/gen_operation_groups[0].i_opgroup_block/gen_merged_slice.i_multifmt_slice/gen_num_lanes[0].active_lane.lane_instance.i_fpnew_fma_multi/register_write_behavioral[31].mem[31][31]_i_481/I1
    SLICE_X108Y46        LUT3 (Prop_lut3_I1_O)        0.043    13.874 r  vproc/fpu_ss_i/i_fpnew_bulk/gen_operation_groups[0].i_opgroup_block/gen_merged_slice.i_multifmt_slice/gen_num_lanes[0].active_lane.lane_instance.i_fpnew_fma_multi/register_write_behavioral[31].mem[31][31]_i_481/O
                         net (fo=5, routed)           0.484    14.359    vproc/fpu_ss_i/i_fpnew_bulk/gen_operation_groups[0].i_opgroup_block/gen_merged_slice.i_multifmt_slice/gen_num_lanes[0].active_lane.lane_instance.i_fpnew_fma_multi/register_write_behavioral[31].mem[31][31]_i_481_n_0
    SLICE_X108Y41                                                     r  vproc/fpu_ss_i/i_fpnew_bulk/gen_operation_groups[0].i_opgroup_block/gen_merged_slice.i_multifmt_slice/gen_num_lanes[0].active_lane.lane_instance.i_fpnew_fma_multi/register_write_behavioral[31].mem[31][31]_i_360/I2
    SLICE_X108Y41        LUT3 (Prop_lut3_I2_O)        0.043    14.402 r  vproc/fpu_ss_i/i_fpnew_bulk/gen_operation_groups[0].i_opgroup_block/gen_merged_slice.i_multifmt_slice/gen_num_lanes[0].active_lane.lane_instance.i_fpnew_fma_multi/register_write_behavioral[31].mem[31][31]_i_360/O
                         net (fo=1, routed)           0.316    14.718    vproc/fpu_ss_i/i_fpnew_bulk/gen_operation_groups[0].i_opgroup_block/gen_merged_slice.i_multifmt_slice/gen_num_lanes[0].active_lane.lane_instance.i_fpnew_fma_multi/register_write_behavioral[31].mem[31][31]_i_360_n_0
    SLICE_X109Y41                                                     r  vproc/fpu_ss_i/i_fpnew_bulk/gen_operation_groups[0].i_opgroup_block/gen_merged_slice.i_multifmt_slice/gen_num_lanes[0].active_lane.lane_instance.i_fpnew_fma_multi/register_write_behavioral[31].mem[31][31]_i_236/I1
    SLICE_X109Y41        LUT6 (Prop_lut6_I1_O)        0.043    14.761 f  vproc/fpu_ss_i/i_fpnew_bulk/gen_operation_groups[0].i_opgroup_block/gen_merged_slice.i_multifmt_slice/gen_num_lanes[0].active_lane.lane_instance.i_fpnew_fma_multi/register_write_behavioral[31].mem[31][31]_i_236/O
                         net (fo=2, routed)           0.497    15.258    vproc/fpu_ss_i/i_fpnew_bulk/gen_operation_groups[0].i_opgroup_block/gen_merged_slice.i_multifmt_slice/gen_num_lanes[0].active_lane.lane_instance.i_fpnew_fma_multi/register_write_behavioral[31].mem[31][31]_i_236_n_0
    SLICE_X109Y32                                                     f  vproc/fpu_ss_i/i_fpnew_bulk/gen_operation_groups[0].i_opgroup_block/gen_merged_slice.i_multifmt_slice/gen_num_lanes[0].active_lane.lane_instance.i_fpnew_fma_multi/register_write_behavioral[31].mem[31][23]_i_396/I1
    SLICE_X109Y32        LUT2 (Prop_lut2_I1_O)        0.043    15.301 r  vproc/fpu_ss_i/i_fpnew_bulk/gen_operation_groups[0].i_opgroup_block/gen_merged_slice.i_multifmt_slice/gen_num_lanes[0].active_lane.lane_instance.i_fpnew_fma_multi/register_write_behavioral[31].mem[31][23]_i_396/O
                         net (fo=2, routed)           0.311    15.612    vproc/fpu_ss_i/i_fpnew_bulk/gen_operation_groups[0].i_opgroup_block/gen_merged_slice.i_multifmt_slice/gen_num_lanes[0].active_lane.lane_instance.i_fpnew_fma_multi/inject_carry_in
    SLICE_X111Y31                                                     r  vproc/fpu_ss_i/i_fpnew_bulk/gen_operation_groups[0].i_opgroup_block/gen_merged_slice.i_multifmt_slice/gen_num_lanes[0].active_lane.lane_instance.i_fpnew_fma_multi/register_write_behavioral[31].mem_reg[31][23]_i_214/DI[0]
    SLICE_X111Y31        CARRY4 (Prop_carry4_DI[0]_CO[3])
                                                      0.269    15.881 r  vproc/fpu_ss_i/i_fpnew_bulk/gen_operation_groups[0].i_opgroup_block/gen_merged_slice.i_multifmt_slice/gen_num_lanes[0].active_lane.lane_instance.i_fpnew_fma_multi/register_write_behavioral[31].mem_reg[31][23]_i_214/CO[3]
                         net (fo=1, routed)           0.000    15.881    vproc/fpu_ss_i/i_fpnew_bulk/gen_operation_groups[0].i_opgroup_block/gen_merged_slice.i_multifmt_slice/gen_num_lanes[0].active_lane.lane_instance.i_fpnew_fma_multi/register_write_behavioral[31].mem_reg[31][23]_i_214_n_0
    SLICE_X111Y32                                                     r  vproc/fpu_ss_i/i_fpnew_bulk/gen_operation_groups[0].i_opgroup_block/gen_merged_slice.i_multifmt_slice/gen_num_lanes[0].active_lane.lane_instance.i_fpnew_fma_multi/register_write_behavioral[31].mem_reg[31][23]_i_393/CI
    SLICE_X111Y32        CARRY4 (Prop_carry4_CI_CO[3])
                                                      0.053    15.934 r  vproc/fpu_ss_i/i_fpnew_bulk/gen_operation_groups[0].i_opgroup_block/gen_merged_slice.i_multifmt_slice/gen_num_lanes[0].active_lane.lane_instance.i_fpnew_fma_multi/register_write_behavioral[31].mem_reg[31][23]_i_393/CO[3]
                         net (fo=1, routed)           0.000    15.934    vproc/fpu_ss_i/i_fpnew_bulk/gen_operation_groups[0].i_opgroup_block/gen_merged_slice.i_multifmt_slice/gen_num_lanes[0].active_lane.lane_instance.i_fpnew_fma_multi/register_write_behavioral[31].mem_reg[31][23]_i_393_n_0
    SLICE_X111Y33                                                     r  vproc/fpu_ss_i/i_fpnew_bulk/gen_operation_groups[0].i_opgroup_block/gen_merged_slice.i_multifmt_slice/gen_num_lanes[0].active_lane.lane_instance.i_fpnew_fma_multi/register_write_behavioral[31].mem_reg[31][23]_i_391/CI
    SLICE_X111Y33        CARRY4 (Prop_carry4_CI_CO[3])
                                                      0.053    15.987 r  vproc/fpu_ss_i/i_fpnew_bulk/gen_operation_groups[0].i_opgroup_block/gen_merged_slice.i_multifmt_slice/gen_num_lanes[0].active_lane.lane_instance.i_fpnew_fma_multi/register_write_behavioral[31].mem_reg[31][23]_i_391/CO[3]
                         net (fo=1, routed)           0.000    15.987    vproc/fpu_ss_i/i_fpnew_bulk/gen_operation_groups[0].i_opgroup_block/gen_merged_slice.i_multifmt_slice/gen_num_lanes[0].active_lane.lane_instance.i_fpnew_fma_multi/register_write_behavioral[31].mem_reg[31][23]_i_391_n_0
    SLICE_X111Y34                                                     r  vproc/fpu_ss_i/i_fpnew_bulk/gen_operation_groups[0].i_opgroup_block/gen_merged_slice.i_multifmt_slice/gen_num_lanes[0].active_lane.lane_instance.i_fpnew_fma_multi/register_write_behavioral[31].mem_reg[31][23]_i_432/CI
    SLICE_X111Y34        CARRY4 (Prop_carry4_CI_CO[3])
                                                      0.053    16.040 r  vproc/fpu_ss_i/i_fpnew_bulk/gen_operation_groups[0].i_opgroup_block/gen_merged_slice.i_multifmt_slice/gen_num_lanes[0].active_lane.lane_instance.i_fpnew_fma_multi/register_write_behavioral[31].mem_reg[31][23]_i_432/CO[3]
                         net (fo=1, routed)           0.000    16.040    vproc/fpu_ss_i/i_fpnew_bulk/gen_operation_groups[0].i_opgroup_block/gen_merged_slice.i_multifmt_slice/gen_num_lanes[0].active_lane.lane_instance.i_fpnew_fma_multi/register_write_behavioral[31].mem_reg[31][23]_i_432_n_0
    SLICE_X111Y35                                                     r  vproc/fpu_ss_i/i_fpnew_bulk/gen_operation_groups[0].i_opgroup_block/gen_merged_slice.i_multifmt_slice/gen_num_lanes[0].active_lane.lane_instance.i_fpnew_fma_multi/register_write_behavioral[31].mem_reg[31][23]_i_427/CI
    SLICE_X111Y35        CARRY4 (Prop_carry4_CI_CO[3])
                                                      0.053    16.093 r  vproc/fpu_ss_i/i_fpnew_bulk/gen_operation_groups[0].i_opgroup_block/gen_merged_slice.i_multifmt_slice/gen_num_lanes[0].active_lane.lane_instance.i_fpnew_fma_multi/register_write_behavioral[31].mem_reg[31][23]_i_427/CO[3]
                         net (fo=1, routed)           0.000    16.093    vproc/fpu_ss_i/i_fpnew_bulk/gen_operation_groups[0].i_opgroup_block/gen_merged_slice.i_multifmt_slice/gen_num_lanes[0].active_lane.lane_instance.i_fpnew_fma_multi/register_write_behavioral[31].mem_reg[31][23]_i_427_n_0
    SLICE_X111Y36                                                     r  vproc/fpu_ss_i/i_fpnew_bulk/gen_operation_groups[0].i_opgroup_block/gen_merged_slice.i_multifmt_slice/gen_num_lanes[0].active_lane.lane_instance.i_fpnew_fma_multi/register_write_behavioral[31].mem_reg[31][23]_i_434/CI
    SLICE_X111Y36        CARRY4 (Prop_carry4_CI_CO[3])
                                                      0.053    16.146 r  vproc/fpu_ss_i/i_fpnew_bulk/gen_operation_groups[0].i_opgroup_block/gen_merged_slice.i_multifmt_slice/gen_num_lanes[0].active_lane.lane_instance.i_fpnew_fma_multi/register_write_behavioral[31].mem_reg[31][23]_i_434/CO[3]
                         net (fo=1, routed)           0.000    16.146    vproc/fpu_ss_i/i_fpnew_bulk/gen_operation_groups[0].i_opgroup_block/gen_merged_slice.i_multifmt_slice/gen_num_lanes[0].active_lane.lane_instance.i_fpnew_fma_multi/register_write_behavioral[31].mem_reg[31][23]_i_434_n_0
    SLICE_X111Y37                                                     r  vproc/fpu_ss_i/i_fpnew_bulk/gen_operation_groups[0].i_opgroup_block/gen_merged_slice.i_multifmt_slice/gen_num_lanes[0].active_lane.lane_instance.i_fpnew_fma_multi/register_write_behavioral[31].mem_reg[31][23]_i_414/CI
    SLICE_X111Y37        CARRY4 (Prop_carry4_CI_CO[3])
                                                      0.053    16.199 r  vproc/fpu_ss_i/i_fpnew_bulk/gen_operation_groups[0].i_opgroup_block/gen_merged_slice.i_multifmt_slice/gen_num_lanes[0].active_lane.lane_instance.i_fpnew_fma_multi/register_write_behavioral[31].mem_reg[31][23]_i_414/CO[3]
                         net (fo=1, routed)           0.000    16.199    vproc/fpu_ss_i/i_fpnew_bulk/gen_operation_groups[0].i_opgroup_block/gen_merged_slice.i_multifmt_slice/gen_num_lanes[0].active_lane.lane_instance.i_fpnew_fma_multi/register_write_behavioral[31].mem_reg[31][23]_i_414_n_0
    SLICE_X111Y38                                                     r  vproc/fpu_ss_i/i_fpnew_bulk/gen_operation_groups[0].i_opgroup_block/gen_merged_slice.i_multifmt_slice/gen_num_lanes[0].active_lane.lane_instance.i_fpnew_fma_multi/register_write_behavioral[31].mem_reg[31][23]_i_429/CI
    SLICE_X111Y38        CARRY4 (Prop_carry4_CI_CO[3])
                                                      0.053    16.252 r  vproc/fpu_ss_i/i_fpnew_bulk/gen_operation_groups[0].i_opgroup_block/gen_merged_slice.i_multifmt_slice/gen_num_lanes[0].active_lane.lane_instance.i_fpnew_fma_multi/register_write_behavioral[31].mem_reg[31][23]_i_429/CO[3]
                         net (fo=1, routed)           0.000    16.252    vproc/fpu_ss_i/i_fpnew_bulk/gen_operation_groups[0].i_opgroup_block/gen_merged_slice.i_multifmt_slice/gen_num_lanes[0].active_lane.lane_instance.i_fpnew_fma_multi/register_write_behavioral[31].mem_reg[31][23]_i_429_n_0
    SLICE_X111Y39                                                     r  vproc/fpu_ss_i/i_fpnew_bulk/gen_operation_groups[0].i_opgroup_block/gen_merged_slice.i_multifmt_slice/gen_num_lanes[0].active_lane.lane_instance.i_fpnew_fma_multi/register_write_behavioral[31].mem_reg[31][23]_i_422/CI
    SLICE_X111Y39        CARRY4 (Prop_carry4_CI_CO[3])
                                                      0.053    16.305 r  vproc/fpu_ss_i/i_fpnew_bulk/gen_operation_groups[0].i_opgroup_block/gen_merged_slice.i_multifmt_slice/gen_num_lanes[0].active_lane.lane_instance.i_fpnew_fma_multi/register_write_behavioral[31].mem_reg[31][23]_i_422/CO[3]
                         net (fo=1, routed)           0.000    16.305    vproc/fpu_ss_i/i_fpnew_bulk/gen_operation_groups[0].i_opgroup_block/gen_merged_slice.i_multifmt_slice/gen_num_lanes[0].active_lane.lane_instance.i_fpnew_fma_multi/register_write_behavioral[31].mem_reg[31][23]_i_422_n_0
    SLICE_X111Y40                                                     r  vproc/fpu_ss_i/i_fpnew_bulk/gen_operation_groups[0].i_opgroup_block/gen_merged_slice.i_multifmt_slice/gen_num_lanes[0].active_lane.lane_instance.i_fpnew_fma_multi/register_write_behavioral[31].mem_reg[31][23]_i_421/CI
    SLICE_X111Y40        CARRY4 (Prop_carry4_CI_CO[3])
                                                      0.053    16.358 r  vproc/fpu_ss_i/i_fpnew_bulk/gen_operation_groups[0].i_opgroup_block/gen_merged_slice.i_multifmt_slice/gen_num_lanes[0].active_lane.lane_instance.i_fpnew_fma_multi/register_write_behavioral[31].mem_reg[31][23]_i_421/CO[3]
                         net (fo=1, routed)           0.000    16.358    vproc/fpu_ss_i/i_fpnew_bulk/gen_operation_groups[0].i_opgroup_block/gen_merged_slice.i_multifmt_slice/gen_num_lanes[0].active_lane.lane_instance.i_fpnew_fma_multi/register_write_behavioral[31].mem_reg[31][23]_i_421_n_0
    SLICE_X111Y41                                                     r  vproc/fpu_ss_i/i_fpnew_bulk/gen_operation_groups[0].i_opgroup_block/gen_merged_slice.i_multifmt_slice/gen_num_lanes[0].active_lane.lane_instance.i_fpnew_fma_multi/register_write_behavioral[31].mem_reg[31][23]_i_418/CI
    SLICE_X111Y41        CARRY4 (Prop_carry4_CI_CO[3])
                                                      0.053    16.411 r  vproc/fpu_ss_i/i_fpnew_bulk/gen_operation_groups[0].i_opgroup_block/gen_merged_slice.i_multifmt_slice/gen_num_lanes[0].active_lane.lane_instance.i_fpnew_fma_multi/register_write_behavioral[31].mem_reg[31][23]_i_418/CO[3]
                         net (fo=1, routed)           0.000    16.411    vproc/fpu_ss_i/i_fpnew_bulk/gen_operation_groups[0].i_opgroup_block/gen_merged_slice.i_multifmt_slice/gen_num_lanes[0].active_lane.lane_instance.i_fpnew_fma_multi/register_write_behavioral[31].mem_reg[31][23]_i_418_n_0
    SLICE_X111Y42                                                     r  vproc/fpu_ss_i/i_fpnew_bulk/gen_operation_groups[0].i_opgroup_block/gen_merged_slice.i_multifmt_slice/gen_num_lanes[0].active_lane.lane_instance.i_fpnew_fma_multi/register_write_behavioral[31].mem_reg[31][23]_i_437/CI
    SLICE_X111Y42        CARRY4 (Prop_carry4_CI_CO[3])
                                                      0.053    16.464 r  vproc/fpu_ss_i/i_fpnew_bulk/gen_operation_groups[0].i_opgroup_block/gen_merged_slice.i_multifmt_slice/gen_num_lanes[0].active_lane.lane_instance.i_fpnew_fma_multi/register_write_behavioral[31].mem_reg[31][23]_i_437/CO[3]
                         net (fo=1, routed)           0.000    16.464    vproc/fpu_ss_i/i_fpnew_bulk/gen_operation_groups[0].i_opgroup_block/gen_merged_slice.i_multifmt_slice/gen_num_lanes[0].active_lane.lane_instance.i_fpnew_fma_multi/register_write_behavioral[31].mem_reg[31][23]_i_437_n_0
    SLICE_X111Y43                                                     r  vproc/fpu_ss_i/i_fpnew_bulk/gen_operation_groups[0].i_opgroup_block/gen_merged_slice.i_multifmt_slice/gen_num_lanes[0].active_lane.lane_instance.i_fpnew_fma_multi/register_write_behavioral[31].mem_reg[31][23]_i_439/CI
    SLICE_X111Y43        CARRY4 (Prop_carry4_CI_CO[3])
                                                      0.053    16.517 r  vproc/fpu_ss_i/i_fpnew_bulk/gen_operation_groups[0].i_opgroup_block/gen_merged_slice.i_multifmt_slice/gen_num_lanes[0].active_lane.lane_instance.i_fpnew_fma_multi/register_write_behavioral[31].mem_reg[31][23]_i_439/CO[3]
                         net (fo=1, routed)           0.000    16.517    vproc/fpu_ss_i/i_fpnew_bulk/gen_operation_groups[0].i_opgroup_block/gen_merged_slice.i_multifmt_slice/gen_num_lanes[0].active_lane.lane_instance.i_fpnew_fma_multi/register_write_behavioral[31].mem_reg[31][23]_i_439_n_0
    SLICE_X111Y44                                                     r  vproc/fpu_ss_i/i_fpnew_bulk/gen_operation_groups[0].i_opgroup_block/gen_merged_slice.i_multifmt_slice/gen_num_lanes[0].active_lane.lane_instance.i_fpnew_fma_multi/register_write_behavioral[31].mem_reg[31][23]_i_441/CI
    SLICE_X111Y44        CARRY4 (Prop_carry4_CI_CO[3])
                                                      0.053    16.570 r  vproc/fpu_ss_i/i_fpnew_bulk/gen_operation_groups[0].i_opgroup_block/gen_merged_slice.i_multifmt_slice/gen_num_lanes[0].active_lane.lane_instance.i_fpnew_fma_multi/register_write_behavioral[31].mem_reg[31][23]_i_441/CO[3]
                         net (fo=1, routed)           0.000    16.570    vproc/fpu_ss_i/i_fpnew_bulk/gen_operation_groups[0].i_opgroup_block/gen_merged_slice.i_multifmt_slice/gen_num_lanes[0].active_lane.lane_instance.i_fpnew_fma_multi/register_write_behavioral[31].mem_reg[31][23]_i_441_n_0
    SLICE_X111Y45                                                     r  vproc/fpu_ss_i/i_fpnew_bulk/gen_operation_groups[0].i_opgroup_block/gen_merged_slice.i_multifmt_slice/gen_num_lanes[0].active_lane.lane_instance.i_fpnew_fma_multi/register_write_behavioral[31].mem_reg[31][23]_i_443/CI
    SLICE_X111Y45        CARRY4 (Prop_carry4_CI_CO[3])
                                                      0.053    16.623 r  vproc/fpu_ss_i/i_fpnew_bulk/gen_operation_groups[0].i_opgroup_block/gen_merged_slice.i_multifmt_slice/gen_num_lanes[0].active_lane.lane_instance.i_fpnew_fma_multi/register_write_behavioral[31].mem_reg[31][23]_i_443/CO[3]
                         net (fo=1, routed)           0.000    16.623    vproc/fpu_ss_i/i_fpnew_bulk/gen_operation_groups[0].i_opgroup_block/gen_merged_slice.i_multifmt_slice/gen_num_lanes[0].active_lane.lane_instance.i_fpnew_fma_multi/register_write_behavioral[31].mem_reg[31][23]_i_443_n_0
    SLICE_X111Y46                                                     r  vproc/fpu_ss_i/i_fpnew_bulk/gen_operation_groups[0].i_opgroup_block/gen_merged_slice.i_multifmt_slice/gen_num_lanes[0].active_lane.lane_instance.i_fpnew_fma_multi/register_write_behavioral[31].mem_reg[31][31]_i_391/CI
    SLICE_X111Y46        CARRY4 (Prop_carry4_CI_CO[3])
                                                      0.053    16.676 r  vproc/fpu_ss_i/i_fpnew_bulk/gen_operation_groups[0].i_opgroup_block/gen_merged_slice.i_multifmt_slice/gen_num_lanes[0].active_lane.lane_instance.i_fpnew_fma_multi/register_write_behavioral[31].mem_reg[31][31]_i_391/CO[3]
                         net (fo=1, routed)           0.000    16.676    vproc/fpu_ss_i/i_fpnew_bulk/gen_operation_groups[0].i_opgroup_block/gen_merged_slice.i_multifmt_slice/gen_num_lanes[0].active_lane.lane_instance.i_fpnew_fma_multi/register_write_behavioral[31].mem_reg[31][31]_i_391_n_0
    SLICE_X111Y47                                                     r  vproc/fpu_ss_i/i_fpnew_bulk/gen_operation_groups[0].i_opgroup_block/gen_merged_slice.i_multifmt_slice/gen_num_lanes[0].active_lane.lane_instance.i_fpnew_fma_multi/register_write_behavioral[31].mem_reg[31][31]_i_260/CI
    SLICE_X111Y47        CARRY4 (Prop_carry4_CI_CO[3])
                                                      0.053    16.729 r  vproc/fpu_ss_i/i_fpnew_bulk/gen_operation_groups[0].i_opgroup_block/gen_merged_slice.i_multifmt_slice/gen_num_lanes[0].active_lane.lane_instance.i_fpnew_fma_multi/register_write_behavioral[31].mem_reg[31][31]_i_260/CO[3]
                         net (fo=1, routed)           0.000    16.729    vproc/fpu_ss_i/i_fpnew_bulk/gen_operation_groups[0].i_opgroup_block/gen_merged_slice.i_multifmt_slice/gen_num_lanes[0].active_lane.lane_instance.i_fpnew_fma_multi/register_write_behavioral[31].mem_reg[31][31]_i_260_n_0
    SLICE_X111Y48                                                     r  vproc/fpu_ss_i/i_fpnew_bulk/gen_operation_groups[0].i_opgroup_block/gen_merged_slice.i_multifmt_slice/gen_num_lanes[0].active_lane.lane_instance.i_fpnew_fma_multi/register_write_behavioral[31].mem_reg[31][31]_i_188/CI
    SLICE_X111Y48        CARRY4 (Prop_carry4_CI_CO[3])
                                                      0.053    16.782 r  vproc/fpu_ss_i/i_fpnew_bulk/gen_operation_groups[0].i_opgroup_block/gen_merged_slice.i_multifmt_slice/gen_num_lanes[0].active_lane.lane_instance.i_fpnew_fma_multi/register_write_behavioral[31].mem_reg[31][31]_i_188/CO[3]
                         net (fo=1, routed)           0.000    16.782    vproc/fpu_ss_i/i_fpnew_bulk/gen_operation_groups[0].i_opgroup_block/gen_merged_slice.i_multifmt_slice/gen_num_lanes[0].active_lane.lane_instance.i_fpnew_fma_multi/register_write_behavioral[31].mem_reg[31][31]_i_188_n_0
    SLICE_X111Y49                                                     r  vproc/fpu_ss_i/i_fpnew_bulk/gen_operation_groups[0].i_opgroup_block/gen_merged_slice.i_multifmt_slice/gen_num_lanes[0].active_lane.lane_instance.i_fpnew_fma_multi/register_write_behavioral[31].mem_reg[31][31]_i_142/CI
    SLICE_X111Y49        CARRY4 (Prop_carry4_CI_CO[3])
                                                      0.053    16.835 r  vproc/fpu_ss_i/i_fpnew_bulk/gen_operation_groups[0].i_opgroup_block/gen_merged_slice.i_multifmt_slice/gen_num_lanes[0].active_lane.lane_instance.i_fpnew_fma_multi/register_write_behavioral[31].mem_reg[31][31]_i_142/CO[3]
                         net (fo=1, routed)           0.001    16.836    vproc/fpu_ss_i/i_fpnew_bulk/gen_operation_groups[0].i_opgroup_block/gen_merged_slice.i_multifmt_slice/gen_num_lanes[0].active_lane.lane_instance.i_fpnew_fma_multi/register_write_behavioral[31].mem_reg[31][31]_i_142_n_0
    SLICE_X111Y50                                                     r  vproc/fpu_ss_i/i_fpnew_bulk/gen_operation_groups[0].i_opgroup_block/gen_merged_slice.i_multifmt_slice/gen_num_lanes[0].active_lane.lane_instance.i_fpnew_fma_multi/register_write_behavioral[31].mem_reg[31][31]_i_93/CI
    SLICE_X111Y50        CARRY4 (Prop_carry4_CI_CO[0])
                                                      0.139    16.975 f  vproc/fpu_ss_i/i_fpnew_bulk/gen_operation_groups[0].i_opgroup_block/gen_merged_slice.i_multifmt_slice/gen_num_lanes[0].active_lane.lane_instance.i_fpnew_fma_multi/register_write_behavioral[31].mem_reg[31][31]_i_93/CO[0]
                         net (fo=2, routed)           0.456    17.431    vproc/fpu_ss_i/i_fpnew_bulk/gen_operation_groups[0].i_opgroup_block/gen_merged_slice.i_multifmt_slice/gen_num_lanes[0].active_lane.lane_instance.i_fpnew_fma_multi/sum_carry
    SLICE_X112Y43                                                     f  vproc/fpu_ss_i/i_fpnew_bulk/gen_operation_groups[0].i_opgroup_block/gen_merged_slice.i_multifmt_slice/gen_num_lanes[0].active_lane.lane_instance.i_fpnew_fma_multi/register_write_behavioral[31].mem[31][23]_i_216/I0
    SLICE_X112Y43        LUT3 (Prop_lut3_I0_O)        0.131    17.562 f  vproc/fpu_ss_i/i_fpnew_bulk/gen_operation_groups[0].i_opgroup_block/gen_merged_slice.i_multifmt_slice/gen_num_lanes[0].active_lane.lane_instance.i_fpnew_fma_multi/register_write_behavioral[31].mem[31][23]_i_216/O
                         net (fo=121, routed)         0.635    18.198    vproc/fpu_ss_i/i_fpnew_bulk/gen_operation_groups[0].i_opgroup_block/gen_merged_slice.i_multifmt_slice/gen_num_lanes[0].active_lane.lane_instance.i_fpnew_fma_multi/register_write_behavioral[31].mem[31][23]_i_216_n_0
    SLICE_X113Y35                                                     f  vproc/fpu_ss_i/i_fpnew_bulk/gen_operation_groups[0].i_opgroup_block/gen_merged_slice.i_multifmt_slice/gen_num_lanes[0].active_lane.lane_instance.i_fpnew_fma_multi/register_write_behavioral[31].mem[31][23]_i_378/I3
    SLICE_X113Y35        LUT5 (Prop_lut5_I3_O)        0.043    18.241 f  vproc/fpu_ss_i/i_fpnew_bulk/gen_operation_groups[0].i_opgroup_block/gen_merged_slice.i_multifmt_slice/gen_num_lanes[0].active_lane.lane_instance.i_fpnew_fma_multi/register_write_behavioral[31].mem[31][23]_i_378/O
                         net (fo=2, routed)           0.451    18.692    vproc/fpu_ss_i/i_fpnew_bulk/gen_operation_groups[0].i_opgroup_block/gen_merged_slice.i_multifmt_slice/gen_num_lanes[0].active_lane.lane_instance.i_fpnew_fma_multi/register_write_behavioral[31].mem[31][23]_i_378_n_0
    SLICE_X114Y35                                                     f  vproc/fpu_ss_i/i_fpnew_bulk/gen_operation_groups[0].i_opgroup_block/gen_merged_slice.i_multifmt_slice/gen_num_lanes[0].active_lane.lane_instance.i_fpnew_fma_multi/register_write_behavioral[31].mem[31][31]_i_464/I0
    SLICE_X114Y35        LUT6 (Prop_lut6_I0_O)        0.043    18.735 f  vproc/fpu_ss_i/i_fpnew_bulk/gen_operation_groups[0].i_opgroup_block/gen_merged_slice.i_multifmt_slice/gen_num_lanes[0].active_lane.lane_instance.i_fpnew_fma_multi/register_write_behavioral[31].mem[31][31]_i_464/O
                         net (fo=4, routed)           0.268    19.003    vproc/fpu_ss_i/i_fpnew_bulk/gen_operation_groups[0].i_opgroup_block/gen_merged_slice.i_multifmt_slice/gen_num_lanes[0].active_lane.lane_instance.i_fpnew_fma_multi/i_lzc/p_23_in
    SLICE_X114Y35                                                     f  vproc/fpu_ss_i/i_fpnew_bulk/gen_operation_groups[0].i_opgroup_block/gen_merged_slice.i_multifmt_slice/gen_num_lanes[0].active_lane.lane_instance.i_fpnew_fma_multi/register_write_behavioral[31].mem[31][23]_i_209/I1
    SLICE_X114Y35        LUT6 (Prop_lut6_I1_O)        0.043    19.046 f  vproc/fpu_ss_i/i_fpnew_bulk/gen_operation_groups[0].i_opgroup_block/gen_merged_slice.i_multifmt_slice/gen_num_lanes[0].active_lane.lane_instance.i_fpnew_fma_multi/register_write_behavioral[31].mem[31][23]_i_209/O
                         net (fo=5, routed)           0.386    19.432    vproc/fpu_ss_i/i_fpnew_bulk/gen_operation_groups[0].i_opgroup_block/gen_merged_slice.i_multifmt_slice/gen_num_lanes[0].active_lane.lane_instance.i_fpnew_fma_multi/i_lzc/p_28_in
    SLICE_X115Y37                                                     f  vproc/fpu_ss_i/i_fpnew_bulk/gen_operation_groups[0].i_opgroup_block/gen_merged_slice.i_multifmt_slice/gen_num_lanes[0].active_lane.lane_instance.i_fpnew_fma_multi/register_write_behavioral[31].mem[31][23]_i_103/I0
    SLICE_X115Y37        LUT5 (Prop_lut5_I0_O)        0.043    19.475 f  vproc/fpu_ss_i/i_fpnew_bulk/gen_operation_groups[0].i_opgroup_block/gen_merged_slice.i_multifmt_slice/gen_num_lanes[0].active_lane.lane_instance.i_fpnew_fma_multi/register_write_behavioral[31].mem[31][23]_i_103/O
                         net (fo=10, routed)          0.484    19.960    vproc/fpu_ss_i/i_fpnew_bulk/gen_operation_groups[0].i_opgroup_block/gen_merged_slice.i_multifmt_slice/gen_num_lanes[0].active_lane.lane_instance.i_fpnew_fma_multi/i_lzc/gen_lzc.sel_nodes_5
    SLICE_X115Y38                                                     f  vproc/fpu_ss_i/i_fpnew_bulk/gen_operation_groups[0].i_opgroup_block/gen_merged_slice.i_multifmt_slice/gen_num_lanes[0].active_lane.lane_instance.i_fpnew_fma_multi/register_write_behavioral[31].mem[31][31]_i_347/I3
    SLICE_X115Y38        LUT4 (Prop_lut4_I3_O)        0.043    20.003 r  vproc/fpu_ss_i/i_fpnew_bulk/gen_operation_groups[0].i_opgroup_block/gen_merged_slice.i_multifmt_slice/gen_num_lanes[0].active_lane.lane_instance.i_fpnew_fma_multi/register_write_behavioral[31].mem[31][31]_i_347/O
                         net (fo=10, routed)          0.378    20.380    vproc/fpu_ss_i/i_fpnew_bulk/gen_operation_groups[0].i_opgroup_block/gen_merged_slice.i_multifmt_slice/gen_num_lanes[0].active_lane.lane_instance.i_fpnew_fma_multi/leading_zero_count[4]
    SLICE_X114Y38                                                     r  vproc/fpu_ss_i/i_fpnew_bulk/gen_operation_groups[0].i_opgroup_block/gen_merged_slice.i_multifmt_slice/gen_num_lanes[0].active_lane.lane_instance.i_fpnew_fma_multi/register_write_behavioral[31].mem[31][23]_i_390/I3
    SLICE_X114Y38        LUT4 (Prop_lut4_I3_O)        0.043    20.423 r  vproc/fpu_ss_i/i_fpnew_bulk/gen_operation_groups[0].i_opgroup_block/gen_merged_slice.i_multifmt_slice/gen_num_lanes[0].active_lane.lane_instance.i_fpnew_fma_multi/register_write_behavioral[31].mem[31][23]_i_390/O
                         net (fo=1, routed)           0.000    20.423    vproc/fpu_ss_i/i_fpnew_bulk/gen_operation_groups[0].i_opgroup_block/gen_merged_slice.i_multifmt_slice/gen_num_lanes[0].active_lane.lane_instance.i_fpnew_fma_multi/register_write_behavioral[31].mem[31][23]_i_390_n_0
    SLICE_X114Y38                                                     r  vproc/fpu_ss_i/i_fpnew_bulk/gen_operation_groups[0].i_opgroup_block/gen_merged_slice.i_multifmt_slice/gen_num_lanes[0].active_lane.lane_instance.i_fpnew_fma_multi/register_write_behavioral[31].mem_reg[31][23]_i_204/S[0]
    SLICE_X114Y38        CARRY4 (Prop_carry4_S[0]_CO[3])
                                                      0.246    20.669 r  vproc/fpu_ss_i/i_fpnew_bulk/gen_operation_groups[0].i_opgroup_block/gen_merged_slice.i_multifmt_slice/gen_num_lanes[0].active_lane.lane_instance.i_fpnew_fma_multi/register_write_behavioral[31].mem_reg[31][23]_i_204/CO[3]
                         net (fo=1, routed)           0.000    20.669    vproc/fpu_ss_i/i_fpnew_bulk/gen_operation_groups[0].i_opgroup_block/gen_merged_slice.i_multifmt_slice/gen_num_lanes[0].active_lane.lane_instance.i_fpnew_fma_multi/register_write_behavioral[31].mem_reg[31][23]_i_204_n_0
    SLICE_X114Y39                                                     r  vproc/fpu_ss_i/i_fpnew_bulk/gen_operation_groups[0].i_opgroup_block/gen_merged_slice.i_multifmt_slice/gen_num_lanes[0].active_lane.lane_instance.i_fpnew_fma_multi/register_write_behavioral[31].mem_reg[31][23]_i_102/CI
    SLICE_X114Y39        CARRY4 (Prop_carry4_CI_CO[1])
                                                      0.076    20.745 r  vproc/fpu_ss_i/i_fpnew_bulk/gen_operation_groups[0].i_opgroup_block/gen_merged_slice.i_multifmt_slice/gen_num_lanes[0].active_lane.lane_instance.i_fpnew_fma_multi/register_write_behavioral[31].mem_reg[31][23]_i_102/CO[1]
                         net (fo=2, routed)           0.196    20.942    vproc/fpu_ss_i/i_fpnew_bulk/gen_operation_groups[0].i_opgroup_block/gen_merged_slice.i_multifmt_slice/gen_num_lanes[0].active_lane.lane_instance.i_fpnew_fma_multi/register_write_behavioral[31].mem_reg[31][23]_i_102_n_2
    SLICE_X117Y39                                                     r  vproc/fpu_ss_i/i_fpnew_bulk/gen_operation_groups[0].i_opgroup_block/gen_merged_slice.i_multifmt_slice/gen_num_lanes[0].active_lane.lane_instance.i_fpnew_fma_multi/register_write_behavioral[31].mem[31][30]_i_411/I2
    SLICE_X117Y39        LUT6 (Prop_lut6_I2_O)        0.124    21.066 r  vproc/fpu_ss_i/i_fpnew_bulk/gen_operation_groups[0].i_opgroup_block/gen_merged_slice.i_multifmt_slice/gen_num_lanes[0].active_lane.lane_instance.i_fpnew_fma_multi/register_write_behavioral[31].mem[31][30]_i_411/O
                         net (fo=67, routed)          0.724    21.790    vproc/fpu_ss_i/i_fpnew_bulk/gen_operation_groups[0].i_opgroup_block/gen_merged_slice.i_multifmt_slice/gen_num_lanes[0].active_lane.lane_instance.i_fpnew_fma_multi/register_write_behavioral[31].mem[31][30]_i_411_n_0
    SLICE_X122Y38                                                     r  vproc/fpu_ss_i/i_fpnew_bulk/gen_operation_groups[0].i_opgroup_block/gen_merged_slice.i_multifmt_slice/gen_num_lanes[0].active_lane.lane_instance.i_fpnew_fma_multi/register_write_behavioral[31].mem[31][30]_i_338/I3
    SLICE_X122Y38        LUT5 (Prop_lut5_I3_O)        0.043    21.833 r  vproc/fpu_ss_i/i_fpnew_bulk/gen_operation_groups[0].i_opgroup_block/gen_merged_slice.i_multifmt_slice/gen_num_lanes[0].active_lane.lane_instance.i_fpnew_fma_multi/register_write_behavioral[31].mem[31][30]_i_338/O
                         net (fo=4, routed)           0.581    22.414    vproc/fpu_ss_i/i_fpnew_bulk/gen_operation_groups[0].i_opgroup_block/gen_merged_slice.i_multifmt_slice/gen_num_lanes[0].active_lane.lane_instance.i_fpnew_fma_multi/register_write_behavioral[31].mem[31][30]_i_338_n_0
    SLICE_X119Y38                                                     r  vproc/fpu_ss_i/i_fpnew_bulk/gen_operation_groups[0].i_opgroup_block/gen_merged_slice.i_multifmt_slice/gen_num_lanes[0].active_lane.lane_instance.i_fpnew_fma_multi/register_write_behavioral[31].mem[31][30]_i_202/I1
    SLICE_X119Y38        LUT6 (Prop_lut6_I1_O)        0.043    22.457 r  vproc/fpu_ss_i/i_fpnew_bulk/gen_operation_groups[0].i_opgroup_block/gen_merged_slice.i_multifmt_slice/gen_num_lanes[0].active_lane.lane_instance.i_fpnew_fma_multi/register_write_behavioral[31].mem[31][30]_i_202/O
                         net (fo=4, routed)           0.352    22.809    vproc/fpu_ss_i/i_fpnew_bulk/gen_operation_groups[0].i_opgroup_block/gen_merged_slice.i_multifmt_slice/gen_num_lanes[0].active_lane.lane_instance.i_fpnew_fma_multi/register_write_behavioral[31].mem[31][30]_i_202_n_0
    SLICE_X116Y37                                                     r  vproc/fpu_ss_i/i_fpnew_bulk/gen_operation_groups[0].i_opgroup_block/gen_merged_slice.i_multifmt_slice/gen_num_lanes[0].active_lane.lane_instance.i_fpnew_fma_multi/register_write_behavioral[31].mem[31][30]_i_129/I3
    SLICE_X116Y37        LUT6 (Prop_lut6_I3_O)        0.043    22.852 r  vproc/fpu_ss_i/i_fpnew_bulk/gen_operation_groups[0].i_opgroup_block/gen_merged_slice.i_multifmt_slice/gen_num_lanes[0].active_lane.lane_instance.i_fpnew_fma_multi/register_write_behavioral[31].mem[31][30]_i_129/O
                         net (fo=1, routed)           0.528    23.380    vproc/fpu_ss_i/i_fpnew_bulk/gen_operation_groups[0].i_opgroup_block/gen_merged_slice.i_multifmt_slice/gen_num_lanes[0].active_lane.lane_instance.i_fpnew_fma_multi/register_write_behavioral[31].mem[31][30]_i_129_n_0
    SLICE_X115Y35                                                     r  vproc/fpu_ss_i/i_fpnew_bulk/gen_operation_groups[0].i_opgroup_block/gen_merged_slice.i_multifmt_slice/gen_num_lanes[0].active_lane.lane_instance.i_fpnew_fma_multi/register_write_behavioral[31].mem[31][30]_i_81/I0
    SLICE_X115Y35        LUT6 (Prop_lut6_I0_O)        0.043    23.423 f  vproc/fpu_ss_i/i_fpnew_bulk/gen_operation_groups[0].i_opgroup_block/gen_merged_slice.i_multifmt_slice/gen_num_lanes[0].active_lane.lane_instance.i_fpnew_fma_multi/register_write_behavioral[31].mem[31][30]_i_81/O
                         net (fo=38, routed)          0.408    23.831    vproc/fpu_ss_i/i_fpnew_bulk/gen_operation_groups[0].i_opgroup_block/gen_merged_slice.i_multifmt_slice/gen_num_lanes[0].active_lane.lane_instance.i_fpnew_fma_multi/register_write_behavioral[31].mem[31][30]_i_81_n_0
    SLICE_X112Y34                                                     f  vproc/fpu_ss_i/i_fpnew_bulk/gen_operation_groups[0].i_opgroup_block/gen_merged_slice.i_multifmt_slice/gen_num_lanes[0].active_lane.lane_instance.i_fpnew_fma_multi/register_write_behavioral[31].mem[31][30]_i_413/I0
    SLICE_X112Y34        LUT4 (Prop_lut4_I0_O)        0.043    23.874 r  vproc/fpu_ss_i/i_fpnew_bulk/gen_operation_groups[0].i_opgroup_block/gen_merged_slice.i_multifmt_slice/gen_num_lanes[0].active_lane.lane_instance.i_fpnew_fma_multi/register_write_behavioral[31].mem[31][30]_i_413/O
                         net (fo=1, routed)           0.242    24.116    vproc/fpu_ss_i/i_fpnew_bulk/gen_operation_groups[0].i_opgroup_block/gen_merged_slice.i_multifmt_slice/gen_num_lanes[0].active_lane.lane_instance.i_fpnew_fma_multi/register_write_behavioral[31].mem[31][30]_i_413_n_0
    SLICE_X109Y34                                                     r  vproc/fpu_ss_i/i_fpnew_bulk/gen_operation_groups[0].i_opgroup_block/gen_merged_slice.i_multifmt_slice/gen_num_lanes[0].active_lane.lane_instance.i_fpnew_fma_multi/register_write_behavioral[31].mem[31][30]_i_368/I3
    SLICE_X109Y34        LUT5 (Prop_lut5_I3_O)        0.043    24.159 r  vproc/fpu_ss_i/i_fpnew_bulk/gen_operation_groups[0].i_opgroup_block/gen_merged_slice.i_multifmt_slice/gen_num_lanes[0].active_lane.lane_instance.i_fpnew_fma_multi/register_write_behavioral[31].mem[31][30]_i_368/O
                         net (fo=2, routed)           0.350    24.509    vproc/fpu_ss_i/i_fpnew_bulk/gen_operation_groups[0].i_opgroup_block/gen_merged_slice.i_multifmt_slice/gen_num_lanes[0].active_lane.lane_instance.i_fpnew_fma_multi/register_write_behavioral[31].mem[31][30]_i_368_n_0
    SLICE_X108Y33                                                     r  vproc/fpu_ss_i/i_fpnew_bulk/gen_operation_groups[0].i_opgroup_block/gen_merged_slice.i_multifmt_slice/gen_num_lanes[0].active_lane.lane_instance.i_fpnew_fma_multi/register_write_behavioral[31].mem[31][30]_i_239/I2
    SLICE_X108Y33        LUT4 (Prop_lut4_I2_O)        0.043    24.552 r  vproc/fpu_ss_i/i_fpnew_bulk/gen_operation_groups[0].i_opgroup_block/gen_merged_slice.i_multifmt_slice/gen_num_lanes[0].active_lane.lane_instance.i_fpnew_fma_multi/register_write_behavioral[31].mem[31][30]_i_239/O
                         net (fo=1, routed)           0.000    24.552    vproc/fpu_ss_i/i_fpnew_bulk/gen_operation_groups[0].i_opgroup_block/gen_merged_slice.i_multifmt_slice/gen_num_lanes[0].active_lane.lane_instance.i_fpnew_fma_multi/register_write_behavioral[31].mem[31][30]_i_239_n_0
    SLICE_X108Y33                                                     r  vproc/fpu_ss_i/i_fpnew_bulk/gen_operation_groups[0].i_opgroup_block/gen_merged_slice.i_multifmt_slice/gen_num_lanes[0].active_lane.lane_instance.i_fpnew_fma_multi/register_write_behavioral[31].mem_reg[31][30]_i_138/S[0]
    SLICE_X108Y33        CARRY4 (Prop_carry4_S[0]_CO[3])
                                                      0.246    24.798 r  vproc/fpu_ss_i/i_fpnew_bulk/gen_operation_groups[0].i_opgroup_block/gen_merged_slice.i_multifmt_slice/gen_num_lanes[0].active_lane.lane_instance.i_fpnew_fma_multi/register_write_behavioral[31].mem_reg[31][30]_i_138/CO[3]
                         net (fo=1, routed)           0.000    24.798    vproc/fpu_ss_i/i_fpnew_bulk/gen_operation_groups[0].i_opgroup_block/gen_merged_slice.i_multifmt_slice/gen_num_lanes[0].active_lane.lane_instance.i_fpnew_fma_multi/register_write_behavioral[31].mem_reg[31][30]_i_138_n_0
    SLICE_X108Y34                                                     r  vproc/fpu_ss_i/i_fpnew_bulk/gen_operation_groups[0].i_opgroup_block/gen_merged_slice.i_multifmt_slice/gen_num_lanes[0].active_lane.lane_instance.i_fpnew_fma_multi/register_write_behavioral[31].mem_reg[31][30]_i_85/CI
    SLICE_X108Y34        CARRY4 (Prop_carry4_CI_CO[3])
                                                      0.054    24.852 r  vproc/fpu_ss_i/i_fpnew_bulk/gen_operation_groups[0].i_opgroup_block/gen_merged_slice.i_multifmt_slice/gen_num_lanes[0].active_lane.lane_instance.i_fpnew_fma_multi/register_write_behavioral[31].mem_reg[31][30]_i_85/CO[3]
                         net (fo=1, routed)           0.000    24.852    vproc/fpu_ss_i/i_fpnew_bulk/gen_operation_groups[0].i_opgroup_block/gen_merged_slice.i_multifmt_slice/gen_num_lanes[0].active_lane.lane_instance.i_fpnew_fma_multi/register_write_behavioral[31].mem_reg[31][30]_i_85_n_0
    SLICE_X108Y35                                                     r  vproc/fpu_ss_i/i_fpnew_bulk/gen_operation_groups[0].i_opgroup_block/gen_merged_slice.i_multifmt_slice/gen_num_lanes[0].active_lane.lane_instance.i_fpnew_fma_multi/register_write_behavioral[31].mem_reg[31][30]_i_55/CI
    SLICE_X108Y35        CARRY4 (Prop_carry4_CI_CO[3])
                                                      0.054    24.906 r  vproc/fpu_ss_i/i_fpnew_bulk/gen_operation_groups[0].i_opgroup_block/gen_merged_slice.i_multifmt_slice/gen_num_lanes[0].active_lane.lane_instance.i_fpnew_fma_multi/register_write_behavioral[31].mem_reg[31][30]_i_55/CO[3]
                         net (fo=43, routed)          0.622    25.528    vproc/fpu_ss_i/i_fpnew_bulk/gen_operation_groups[0].i_opgroup_block/gen_merged_slice.i_multifmt_slice/gen_num_lanes[0].active_lane.lane_instance.i_fpnew_fma_multi/of_before_round
    SLICE_X112Y34                                                     r  vproc/fpu_ss_i/i_fpnew_bulk/gen_operation_groups[0].i_opgroup_block/gen_merged_slice.i_multifmt_slice/gen_num_lanes[0].active_lane.lane_instance.i_fpnew_fma_multi/register_write_behavioral[31].mem[31][31]_i_203/I0
    SLICE_X112Y34        LUT5 (Prop_lut5_I0_O)        0.043    25.571 r  vproc/fpu_ss_i/i_fpnew_bulk/gen_operation_groups[0].i_opgroup_block/gen_merged_slice.i_multifmt_slice/gen_num_lanes[0].active_lane.lane_instance.i_fpnew_fma_multi/register_write_behavioral[31].mem[31][31]_i_203/O
                         net (fo=1, routed)           0.239    25.810    vproc/fpu_ss_i/i_fpnew_bulk/gen_operation_groups[0].i_opgroup_block/gen_merged_slice.i_multifmt_slice/gen_num_lanes[0].active_lane.lane_instance.i_fpnew_fma_multi/register_write_behavioral[31].mem[31][31]_i_203_n_0
    SLICE_X112Y34                                                     r  vproc/fpu_ss_i/i_fpnew_bulk/gen_operation_groups[0].i_opgroup_block/gen_merged_slice.i_multifmt_slice/gen_num_lanes[0].active_lane.lane_instance.i_fpnew_fma_multi/register_write_behavioral[31].mem[31][31]_i_148/I0
    SLICE_X112Y34        LUT6 (Prop_lut6_I0_O)        0.043    25.853 r  vproc/fpu_ss_i/i_fpnew_bulk/gen_operation_groups[0].i_opgroup_block/gen_merged_slice.i_multifmt_slice/gen_num_lanes[0].active_lane.lane_instance.i_fpnew_fma_multi/register_write_behavioral[31].mem[31][31]_i_148/O
                         net (fo=2, routed)           0.431    26.284    vproc/fpu_ss_i/i_fpnew_bulk/gen_operation_groups[0].i_opgroup_block/gen_merged_slice.i_multifmt_slice/gen_num_lanes[0].active_lane.lane_instance.i_fpnew_fma_multi/register_write_behavioral[31].mem[31][31]_i_148_n_0
    SLICE_X107Y35                                                     r  vproc/fpu_ss_i/i_fpnew_bulk/gen_operation_groups[0].i_opgroup_block/gen_merged_slice.i_multifmt_slice/gen_num_lanes[0].active_lane.lane_instance.i_fpnew_fma_multi/register_write_behavioral[31].mem[31][31]_i_102/I2
    SLICE_X107Y35        LUT3 (Prop_lut3_I2_O)        0.049    26.333 f  vproc/fpu_ss_i/i_fpnew_bulk/gen_operation_groups[0].i_opgroup_block/gen_merged_slice.i_multifmt_slice/gen_num_lanes[0].active_lane.lane_instance.i_fpnew_fma_multi/register_write_behavioral[31].mem[31][31]_i_102/O
                         net (fo=3, routed)           0.476    26.809    vproc/fpu_ss_i/i_fpnew_bulk/gen_operation_groups[0].i_opgroup_block/gen_merged_slice.i_multifmt_slice/gen_num_lanes[0].active_lane.lane_instance.i_fpnew_fma_multi/register_write_behavioral[31].mem[31][31]_i_102_n_0
    SLICE_X106Y32                                                     f  vproc/fpu_ss_i/i_fpnew_bulk/gen_operation_groups[0].i_opgroup_block/gen_merged_slice.i_multifmt_slice/gen_num_lanes[0].active_lane.lane_instance.i_fpnew_fma_multi/register_write_behavioral[31].mem[31][3]_i_39/I3
    SLICE_X106Y32        LUT6 (Prop_lut6_I3_O)        0.136    26.945 r  vproc/fpu_ss_i/i_fpnew_bulk/gen_operation_groups[0].i_opgroup_block/gen_merged_slice.i_multifmt_slice/gen_num_lanes[0].active_lane.lane_instance.i_fpnew_fma_multi/register_write_behavioral[31].mem[31][3]_i_39/O
                         net (fo=1, routed)           0.348    27.293    vproc/fpu_ss_i/i_fpnew_bulk/gen_operation_groups[0].i_opgroup_block/gen_merged_slice.i_multifmt_slice/gen_num_lanes[0].active_lane.lane_instance.i_fpnew_fma_multi/register_write_behavioral[31].mem[31][3]_i_39_n_0
    SLICE_X107Y32                                                     r  vproc/fpu_ss_i/i_fpnew_bulk/gen_operation_groups[0].i_opgroup_block/gen_merged_slice.i_multifmt_slice/gen_num_lanes[0].active_lane.lane_instance.i_fpnew_fma_multi/register_write_behavioral[31].mem[31][3]_i_27/I4
    SLICE_X107Y32        LUT5 (Prop_lut5_I4_O)        0.043    27.336 r  vproc/fpu_ss_i/i_fpnew_bulk/gen_operation_groups[0].i_opgroup_block/gen_merged_slice.i_multifmt_slice/gen_num_lanes[0].active_lane.lane_instance.i_fpnew_fma_multi/register_write_behavioral[31].mem[31][3]_i_27/O
                         net (fo=1, routed)           0.000    27.336    vproc/fpu_ss_i/i_fpnew_bulk/gen_operation_groups[0].i_opgroup_block/gen_merged_slice.i_multifmt_slice/gen_num_lanes[0].active_lane.lane_instance.i_fpnew_fma_multi/register_write_behavioral[31].mem[31][3]_i_27_n_0
    SLICE_X107Y32                                                     r  vproc/fpu_ss_i/i_fpnew_bulk/gen_operation_groups[0].i_opgroup_block/gen_merged_slice.i_multifmt_slice/gen_num_lanes[0].active_lane.lane_instance.i_fpnew_fma_multi/register_write_behavioral[31].mem_reg[31][3]_i_12/S[0]
    SLICE_X107Y32        CARRY4 (Prop_carry4_S[0]_O[2])
                                                      0.266    27.602 f  vproc/fpu_ss_i/i_fpnew_bulk/gen_operation_groups[0].i_opgroup_block/gen_merged_slice.i_multifmt_slice/gen_num_lanes[0].active_lane.lane_instance.i_fpnew_fma_multi/register_write_behavioral[31].mem_reg[31][3]_i_12/O[2]
                         net (fo=1, routed)           0.607    28.209    vproc/fpu_ss_i/i_fpnew_bulk/gen_operation_groups[0].i_opgroup_block/gen_merged_slice.i_multifmt_slice/gen_num_lanes[0].active_lane.lane_instance.i_fpnew_fma_multi/rounded_abs[2]
    SLICE_X101Y41                                                     f  vproc/fpu_ss_i/i_fpnew_bulk/gen_operation_groups[0].i_opgroup_block/gen_merged_slice.i_multifmt_slice/gen_num_lanes[0].active_lane.lane_instance.i_fpnew_fma_multi/register_write_behavioral[31].mem[31][2]_i_5/I4
    SLICE_X101Y41        LUT6 (Prop_lut6_I4_O)        0.122    28.331 f  vproc/fpu_ss_i/i_fpnew_bulk/gen_operation_groups[0].i_opgroup_block/gen_merged_slice.i_multifmt_slice/gen_num_lanes[0].active_lane.lane_instance.i_fpnew_fma_multi/register_write_behavioral[31].mem[31][2]_i_5/O
                         net (fo=1, routed)           0.000    28.331    vproc/fpu_ss_i/i_fpnew_bulk/gen_operation_groups[2].i_opgroup_block/gen_parallel_slices[2].active_format.i_fmt_slice/gen_num_lanes[0].active_lane.lane_instance.i_noncomp/gen_arbiter.data_nodes[1][result][2]
    SLICE_X101Y41                                                     f  vproc/fpu_ss_i/i_fpnew_bulk/gen_operation_groups[2].i_opgroup_block/gen_parallel_slices[2].active_format.i_fmt_slice/gen_num_lanes[0].active_lane.lane_instance.i_noncomp/register_write_behavioral[31].mem_reg[31][2]_i_4/I0
    SLICE_X101Y41        MUXF7 (Prop_muxf7_I0_O)      0.107    28.438 f  vproc/fpu_ss_i/i_fpnew_bulk/gen_operation_groups[2].i_opgroup_block/gen_parallel_slices[2].active_format.i_fmt_slice/gen_num_lanes[0].active_lane.lane_instance.i_noncomp/register_write_behavioral[31].mem_reg[31][2]_i_4/O
                         net (fo=2, routed)           0.194    28.632    vproc/fpu_ss_i/fpu_ss_csr_i/gen_rf[1].mem[1][4]_i_2[2]
    SLICE_X99Y41                                                      f  vproc/fpu_ss_i/fpu_ss_csr_i/gen_rf[1].mem[1][2]_i_3/I2
    SLICE_X99Y41         LUT3 (Prop_lut3_I2_O)        0.124    28.756 f  vproc/fpu_ss_i/fpu_ss_csr_i/gen_rf[1].mem[1][2]_i_3/O
                         net (fo=1, routed)           0.405    29.161    vproc/core/ex_stage_i/fpu_ss_xif\\.result[data][2]
    SLICE_X80Y41                                                      f  vproc/core/ex_stage_i/gen_rf[1].mem[1][2]_i_2/I1
    SLICE_X80Y41         LUT6 (Prop_lut6_I1_O)        0.043    29.204 f  vproc/core/ex_stage_i/gen_rf[1].mem[1][2]_i_2/O
                         net (fo=1, routed)           0.103    29.307    vproc/core/load_store_unit_i/gen_rf[31].mem_reg[31][2]
    SLICE_X80Y41                                                      f  vproc/core/load_store_unit_i/gen_rf[1].mem[1][2]_i_1/I0
    SLICE_X80Y41         LUT6 (Prop_lut6_I0_O)        0.043    29.350 f  vproc/core/load_store_unit_i/gen_rf[1].mem[1][2]_i_1/O
                         net (fo=36, routed)          0.373    29.723    vproc/core/id_stage_i/rf_wdata_wb[1]
    SLICE_X79Y44                                                      f  vproc/core/id_stage_i/dec_data_q[rs2][r][xval][2]_i_2/I3
    SLICE_X79Y44         LUT6 (Prop_lut6_I3_O)        0.043    29.766 f  vproc/core/id_stage_i/dec_data_q[rs2][r][xval][2]_i_2/O
                         net (fo=2, routed)           0.298    30.064    vproc/core/if_stage_i/vcore_xif\\.issue_req[rs][1]_37[2]
    SLICE_X79Y44                                                      f  vproc/core/if_stage_i/dec_data_q[mode][6]_i_3/I3
    SLICE_X79Y44         LUT6 (Prop_lut6_I3_O)        0.043    30.107 f  vproc/core/if_stage_i/dec_data_q[mode][6]_i_3/O
                         net (fo=1, routed)           0.265    30.371    vproc/core/if_stage_i/dec_data_q[mode][6]_i_3_n_0
    SLICE_X77Y45                                                      f  vproc/core/if_stage_i/dec_data_q[mode][6]_i_1/I3
    SLICE_X77Y45         LUT6 (Prop_lut6_I3_O)        0.043    30.414 f  vproc/core/if_stage_i/dec_data_q[mode][6]_i_1/O
                         net (fo=4, routed)           0.326    30.740    vproc/core/if_stage_i/D[6]
    SLICE_X77Y47                                                      f  vproc/core/if_stage_i/stage_state_q[1][op_load][4]_i_16/I1
    SLICE_X77Y47         LUT6 (Prop_lut6_I1_O)        0.043    30.783 f  vproc/core/if_stage_i/stage_state_q[1][op_load][4]_i_16/O
                         net (fo=2, routed)           0.480    31.264    vproc/v_core/result_if/stage_state_q[1][op_load][4]_i_6_0
    SLICE_X78Y48                                                      f  vproc/v_core/result_if/stage_state_q[1][op_load][4]_i_11/I4
    SLICE_X78Y48         LUT6 (Prop_lut6_I4_O)        0.043    31.307 r  vproc/v_core/result_if/stage_state_q[1][op_load][4]_i_11/O
                         net (fo=1, routed)           0.362    31.669    vproc/v_core/result_if/stage_state_q[1][op_load][4]_i_11_n_0
    SLICE_X78Y48                                                      r  vproc/v_core/result_if/stage_state_q[1][op_load][4]_i_6/I2
    SLICE_X78Y48         LUT6 (Prop_lut6_I2_O)        0.043    31.712 f  vproc/v_core/result_if/stage_state_q[1][op_load][4]_i_6/O
                         net (fo=41, routed)          0.674    32.386    vproc/v_core/result_if/result_source_q_reg[1]_0
    SLICE_X77Y50                                                      f  vproc/v_core/result_if/register_write_behavioral[31].mem[31][31]_i_29/I2
    SLICE_X77Y50         LUT4 (Prop_lut4_I2_O)        0.043    32.429 r  vproc/v_core/result_if/register_write_behavioral[31].mem[31][31]_i_29/O
                         net (fo=34, routed)          0.665    33.094    vproc/core/load_store_unit_i/mpu_i/vcore_xif\\.result[rd][4]
    SLICE_X77Y50                                                      r  vproc/core/load_store_unit_i/mpu_i/register_write_behavioral[31].mem[31][31]_i_8/I2
    SLICE_X77Y50         LUT5 (Prop_lut5_I2_O)        0.043    33.137 r  vproc/core/load_store_unit_i/mpu_i/register_write_behavioral[31].mem[31][31]_i_8/O
                         net (fo=65, routed)          0.677    33.815    vproc/core/if_stage_i/fpr_wb_addr[3]
    SLICE_X77Y50                                                      r  vproc/core/if_stage_i/x_ext_regs.xif_res_q_i_12/I1
    SLICE_X77Y50         LUT6 (Prop_lut6_I1_O)        0.043    33.858 r  vproc/core/if_stage_i/x_ext_regs.xif_res_q_i_12/O
                         net (fo=2, routed)           0.460    34.318    vproc/core/if_stage_i/if_id_pipe_o_reg[instr][bus_resp][rdata][11]_17
    SLICE_X77Y50                                                      r  vproc/core/if_stage_i/x_ext_regs.xif_res_q_i_5/I3
    SLICE_X77Y50         LUT6 (Prop_lut6_I3_O)        0.043    34.361 f  vproc/core/if_stage_i/x_ext_regs.xif_res_q_i_5/O
                         net (fo=3, routed)           0.639    35.000    vproc/fpu_ss_i/fpu_ss_controller_i/x_ext_regs.xif_res_q_reg_1
    SLICE_X76Y50                                                      f  vproc/fpu_ss_i/fpu_ss_controller_i/x_ext_regs.xif_res_q_i_2/I2
    SLICE_X76Y50         LUT6 (Prop_lut6_I2_O)        0.043    35.043 r  vproc/fpu_ss_i/fpu_ss_controller_i/x_ext_regs.xif_res_q_i_2/O
                         net (fo=273, routed)         0.871    35.914    vproc/v_core/instr_queue/host_xif\\.mem_valid
    SLICE_X60Y47                                                      r  vproc/v_core/instr_queue/mem_rvalid_i_2/I4
    SLICE_X60Y47         LUT6 (Prop_lut6_I4_O)        0.043    35.957 f  vproc/v_core/instr_queue/mem_rvalid_i_2/O
                         net (fo=3, routed)           0.276    36.233    vproc/core/load_store_unit_i/response_filter_i/sdata_hold
    SLICE_X59Y45                                                      f  vproc/core/load_store_unit_i/response_filter_i/mem_rvalid_i_1/I0
    SLICE_X59Y45         LUT6 (Prop_lut6_I0_O)        0.043    36.276 r  vproc/core/load_store_unit_i/response_filter_i/mem_rvalid_i_1/O
                         net (fo=2, routed)           0.439    36.715    vproc/v_core/genblk9[0].pipe/pipeline/unit_mux/genblk1[0].unit/lsu/lsu_queue/mem_req
    SLICE_X59Y46                                                      r  vproc/v_core/genblk9[0].pipe/pipeline/unit_mux/genblk1[0].unit/lsu/lsu_queue/mem_reg_0_0_0_i_20/I3
    SLICE_X59Y46         LUT6 (Prop_lut6_I3_O)        0.043    36.758 f  vproc/v_core/genblk9[0].pipe/pipeline/unit_mux/genblk1[0].unit/lsu/lsu_queue/mem_reg_0_0_0_i_20/O
                         net (fo=6, routed)           0.284    37.042    vproc/v_core/genblk9[0].pipe/pipeline/unit_mux/genblk1[0].unit/lsu/lsu_queue/mem_reg_0_0_0_i_20_n_0
    SLICE_X59Y48                                                      f  vproc/v_core/genblk9[0].pipe/pipeline/unit_mux/genblk1[0].unit/lsu/lsu_queue/mem_reg_0_0_7_i_1/I0
    SLICE_X59Y48         LUT6 (Prop_lut6_I0_O)        0.043    37.085 r  vproc/v_core/genblk9[0].pipe/pipeline/unit_mux/genblk1[0].unit/lsu/lsu_queue/mem_reg_0_0_7_i_1/O
                         net (fo=18, routed)          1.152    38.237    u_ram/mem_reg_1_0_7_0
    SLICE_X33Y83                                                      r  u_ram/mem_reg_1_0_2_ENARDEN_cooolgate_en_gate_21/I2
    SLICE_X33Y83         LUT3 (Prop_lut3_I2_O)        0.043    38.280 r  u_ram/mem_reg_1_0_2_ENARDEN_cooolgate_en_gate_21/O
                         net (fo=1, routed)           0.868    39.148    u_ram/mem_reg_1_0_2_ENARDEN_cooolgate_en_sig_11
    RAMB36_X1Y20         RAMB36E1                                     r  u_ram/mem_reg_1_0_2/ENARDEN
  -------------------------------------------------------------------    -------------------

                         (clock clk_raw rise edge)   34.375    34.375 r  
                         clock source latency         1.909    36.284    
                         propagated clock network latency
                                                      3.119    39.403    
                         clock pessimism              0.352    39.755    
                         clock uncertainty           -0.068    39.687    
    RAMB36_X1Y20         RAMB36E1 (Setup_ramb36e1_CLKARDCLK_ENARDEN)
                                                     -0.328    39.359    u_ram/mem_reg_1_0_2
  -------------------------------------------------------------------
                         required time                         39.359    
                         arrival time                         -39.148    
  -------------------------------------------------------------------
                         slack                                  0.211    




